Month,Year,Store,Day,Weekly_Sales,Holiday_Flag,Temperature,Fuel_Price,CPI,Unemployment,FormattedDate,FormattedHolidayFlag,HolidayType,Real_Weekly_Sales
2,2010,8,26,847592.11,0,37.91,2.561,214.6940735,6.299,26-Feb-10,Not Holiday,Non-Holiday,394790.6415
9,2010,16,3,542087.89,0,58.02,2.773,190.3621607,6.868,3-Sep-10,Not Holiday,Non-Holiday,284766.6196
9,2010,36,3,431294.45,0,82.29,2.533,210.2966631,8.36,3-Sep-10,Not Holiday,Non-Holiday,205088.5847
9,2010,17,3,834373.73,0,57.86,2.868,126.1019355,6.697,3-Sep-10,Not Holiday,Non-Holiday,661666.0773
9,2010,41,3,1223355.5,0,64.13,2.773,190.3621607,7.335,3-Sep-10,Not Holiday,Non-Holiday,642646.3618
9,2010,43,3,689326.91,0,80.43,2.577,203.4507258,9.816,3-Sep-10,Not Holiday,Non-Holiday,338817.6215
9,2010,13,3,1911852.58,0,65.71,2.868,126.1019355,7.951,3-Sep-10,Not Holiday,Non-Holiday,1516116.761
9,2010,34,3,964356.74,0,72.59,2.584,126.1019355,9.816,3-Sep-10,Not Holiday,Non-Holiday,764743.8052
9,2010,12,3,1075758.55,0,83.12,3.087,126.1019355,14.18,3-Sep-10,Not Holiday,Non-Holiday,853086.4699
9,2010,38,3,377096.55,0,83.12,3.087,126.1019355,14.18,3-Sep-10,Not Holiday,Non-Holiday,299041.0484
9,2010,11,3,1303914.27,0,84.94,2.577,214.8481685,7.346,3-Sep-10,Not Holiday,Non-Holiday,606900.3423
9,2010,18,3,1187359.77,0,75.42,2.735,132.7248387,9.342,3-Sep-10,Not Holiday,Non-Holiday,894602.5338
9,2010,37,3,510427.53,0,82.29,2.577,210.2966631,8.36,3-Sep-10,Not Holiday,Non-Holiday,242717.8456
9,2010,26,3,1037549.71,0,66.93,2.735,132.7248387,8.445,3-Sep-10,Not Holiday,Non-Holiday,781729.8707
9,2010,7,3,532765.05,0,49.84,2.773,190.3621607,9.017,3-Sep-10,Not Holiday,Non-Holiday,279869.1967
9,2010,5,3,323798,0,84.06,2.577,212.0869176,6.496,3-Sep-10,Not Holiday,Non-Holiday,152672.3117
9,2010,14,3,2182563.66,0,78.37,2.715,182.6042922,8.743,3-Sep-10,Not Holiday,Non-Holiday,1195242.255
9,2010,4,3,1935857.58,0,76.8,2.584,126.1019355,7.372,3-Sep-10,Not Holiday,Non-Holiday,1535152.948
9,2010,8,3,899036.47,0,76.14,2.577,214.894576,6.315,3-Sep-10,Not Holiday,Non-Holiday,418361.6389
9,2010,22,3,1074535.88,0,75.85,2.735,136.5891118,8.433,3-Sep-10,Not Holiday,Non-Holiday,786692.1937
9,2010,9,3,511049.06,0,82.47,2.577,215.0779426,6.442,3-Sep-10,Not Holiday,Non-Holiday,237611.0976
9,2010,24,3,1366381.6,0,73.52,2.86,132.7248387,8.117,3-Sep-10,Not Holiday,Non-Holiday,1029484.468
9,2010,45,3,790144.7,0,78.37,2.715,182.6042922,8.743,3-Sep-10,Not Holiday,Non-Holiday,432708.7225
9,2010,32,3,1095932.51,0,70.2,2.773,190.3621607,9.017,3-Sep-10,Not Holiday,Non-Holiday,575709.2197
9,2010,39,3,1345167.61,0,82.13,2.577,210.2966631,8.36,3-Sep-10,Not Holiday,Non-Holiday,639652.3797
9,2010,40,3,976453.34,0,70.66,2.735,132.7248387,5.326,3-Sep-10,Not Holiday,Non-Holiday,735697.5149
9,2010,33,3,237405.82,0,90.82,3.087,126.1019355,9.495,3-Sep-10,Not Holiday,Non-Holiday,188265.0088
9,2010,20,3,2121561.41,0,75.5,2.715,204.7583566,7.527,3-Sep-10,Not Holiday,Non-Holiday,1036129.341
9,2010,28,3,1523410.71,0,83.12,3.087,126.1019355,14.18,3-Sep-10,Not Holiday,Non-Holiday,1208078.769
9,2010,3,3,366473.97,0,84.16,2.577,214.8481685,7.346,3-Sep-10,Not Holiday,Non-Holiday,170573.4671
9,2010,42,3,524658.06,0,83.8,3.087,126.1019355,9.199,3-Sep-10,Not Holiday,Non-Holiday,416058.6893
9,2010,44,3,295880.12,0,65.71,2.868,126.1019355,7.804,3-Sep-10,Not Holiday,Non-Holiday,234635.669
9,2010,1,3,1540163.53,0,81.21,2.577,211.5312479,7.787,3-Sep-10,Not Holiday,Non-Holiday,728102.134
9,2010,10,3,1766331.45,0,83.8,3.087,126.1019355,9.199,3-Sep-10,Not Holiday,Non-Holiday,1400717.16
9,2010,25,3,685700.08,0,71.17,2.715,204.7583566,7.527,3-Sep-10,Not Holiday,Non-Holiday,334882.5862
9,2010,35,3,948660.79,0,78.52,2.715,136.5891118,8.861,3-Sep-10,Not Holiday,Non-Holiday,694536.1731
9,2010,27,3,1908110.9,0,78.52,2.86,136.5891118,7.982,3-Sep-10,Not Holiday,Non-Holiday,1396971.453
9,2010,23,3,1405119.23,0,72.91,2.735,132.7248387,5.326,3-Sep-10,Not Holiday,Non-Holiday,1058670.889
9,2010,29,3,579272.38,0,75.85,2.735,132.7248387,10.409,3-Sep-10,Not Holiday,Non-Holiday,436446.0983
9,2010,23,17,1159132.58,0,55.3,2.716,132.7670667,5.326,17-Sep-10,Not Holiday,Non-Holiday,873057.3092
9,2010,43,17,725043.04,0,78.86,2.582,203.4499286,9.816,17-Sep-10,Not Holiday,Non-Holiday,356374.1924
9,2010,38,17,336253.19,0,82.45,3.028,126.1454667,14.18,17-Sep-10,Not Holiday,Non-Holiday,266559.8684
9,2010,12,17,852882.61,0,82.45,3.028,126.1454667,14.18,17-Sep-10,Not Holiday,Non-Holiday,676110.3925
9,2010,34,17,885445.47,0,70.71,2.594,126.1454667,9.816,17-Sep-10,Not Holiday,Non-Holiday,701924.1303
9,2010,6,17,1308537.75,0,81.78,2.582,213.0398643,6.973,17-Sep-10,Not Holiday,Non-Holiday,614222.0163
9,2010,27,17,1629978.46,0,64.5,2.846,136.6338071,7.982,17-Sep-10,Not Holiday,Non-Holiday,1192953.995
9,2010,5,17,282558.65,0,82.28,2.582,212.0769346,6.496,17-Sep-10,Not Holiday,Non-Holiday,133234.0316
9,2010,35,17,831443.61,0,64.5,2.706,136.6338071,8.861,17-Sep-10,Not Holiday,Non-Holiday,608519.6831
9,2010,8,17,836707.85,0,75.32,2.582,214.8785562,6.315,17-Sep-10,Not Holiday,Non-Holiday,389386.3887
9,2010,4,17,1899959.61,0,64.91,2.594,126.1454667,7.372,17-Sep-10,Not Holiday,Non-Holiday,1506165.588
9,2010,20,17,1948359.78,0,65.28,2.706,204.7513279,7.527,17-Sep-10,Not Holiday,Non-Holiday,951573.6967
9,2010,42,17,536871.58,0,85.52,3.028,126.1454667,9.199,17-Sep-10,Not Holiday,Non-Holiday,425597.2046
9,2010,40,17,855046.95,0,55.34,2.716,132.7670667,5.326,17-Sep-10,Not Holiday,Non-Holiday,644020.3668
9,2010,24,17,1273295.46,0,60.31,2.846,132.7670667,8.117,17-Sep-10,Not Holiday,Non-Holiday,959044.6574
9,2010,45,17,716987.58,0,66.55,2.706,182.622509,8.743,17-Sep-10,Not Holiday,Non-Holiday,392606.3572
9,2010,9,17,463448.59,0,81.19,2.582,215.0615285,6.442,17-Sep-10,Not Holiday,Non-Holiday,215495.8133
9,2010,1,17,1430378.67,0,82.11,2.582,211.5224596,7.787,17-Sep-10,Not Holiday,Non-Holiday,676230.1614
9,2010,17,17,871264.25,0,58.53,2.875,126.1454667,6.697,17-Sep-10,Not Holiday,Non-Holiday,690682.1726
9,2010,29,17,463752.89,0,62.49,2.716,132.7670667,10.409,17-Sep-10,Not Holiday,Non-Holiday,349298.1366
9,2010,11,17,1215676.31,0,83.04,2.582,214.8322484,7.346,17-Sep-10,Not Holiday,Non-Holiday,565872.3581
9,2010,28,17,1159812.35,0,82.45,3.028,126.1454667,14.18,17-Sep-10,Not Holiday,Non-Holiday,919424.5186
9,2010,25,17,628989.88,0,60.13,2.706,204.7513279,7.527,17-Sep-10,Not Holiday,Non-Holiday,307196.9723
9,2010,14,17,1953539.85,0,66.55,2.706,182.622509,8.743,17-Sep-10,Not Holiday,Non-Holiday,1069714.714
9,2010,37,17,501251.4,0,82.1,2.582,210.2924504,8.36,17-Sep-10,Not Holiday,Non-Holiday,238359.1988
9,2010,36,17,454694.21,0,82.1,2.55,210.2924504,8.36,17-Sep-10,Not Holiday,Non-Holiday,216219.94
9,2010,22,17,918285.97,0,62.49,2.716,136.6338071,8.433,17-Sep-10,Not Holiday,Non-Holiday,672078.1551
9,2010,16,17,522049.52,0,56.55,2.8,190.4688287,6.868,17-Sep-10,Not Holiday,Non-Holiday,274086.5913
9,2010,13,17,1790279.74,0,66.84,2.875,126.1454667,7.951,17-Sep-10,Not Holiday,Non-Holiday,1419218.452
9,2010,7,17,489408.53,0,48.56,2.8,190.4688287,9.017,17-Sep-10,Not Holiday,Non-Holiday,256949.4092
9,2010,32,17,1043962.36,0,67.17,2.8,190.4688287,9.017,17-Sep-10,Not Holiday,Non-Holiday,548101.4228
9,2010,44,17,279364.13,0,66.84,2.875,126.1454667,7.804,17-Sep-10,Not Holiday,Non-Holiday,221461.8863
9,2010,18,17,997998.21,0,60.94,2.716,132.7670667,9.342,17-Sep-10,Not Holiday,Non-Holiday,751691.0894
9,2010,41,17,1111170.91,0,62.4,2.8,190.4688287,7.335,17-Sep-10,Not Holiday,Non-Holiday,583387.2753
9,2010,10,17,1716755.78,0,85.52,3.028,126.1454667,9.199,17-Sep-10,Not Holiday,Non-Holiday,1360933.393
9,2010,3,17,363064.64,0,82.36,2.582,214.8322484,7.346,17-Sep-10,Not Holiday,Non-Holiday,168999.1343
9,2010,26,17,923473.7,0,50.08,2.716,132.7670667,8.445,17-Sep-10,Not Holiday,Non-Holiday,695559.3152
9,2010,33,17,246277.18,0,89.43,3.028,126.1454667,9.495,17-Sep-10,Not Holiday,Non-Holiday,195232.6837
9,2010,39,17,1252915.43,0,81.83,2.582,210.2924504,8.36,17-Sep-10,Not Holiday,Non-Holiday,595796.6763
9,2010,3,24,355626.87,0,76.9,2.624,214.9084516,7.346,24-Sep-10,Not Holiday,Non-Holiday,165478.3083
9,2010,7,24,488008.83,0,47.55,2.793,190.5713264,9.017,24-Sep-10,Not Holiday,Non-Holiday,256076.7347
9,2010,37,24,494265.48,0,79.17,2.624,210.3664469,8.36,24-Sep-10,Not Holiday,Non-Holiday,234954.5221
9,2010,35,24,758069.78,0,67.08,2.713,136.6317821,8.861,24-Sep-10,Not Holiday,Non-Holiday,554826.826
9,2010,41,24,1110941.78,0,60.11,2.793,190.5713264,7.335,24-Sep-10,Not Holiday,Non-Holiday,582953.2706
9,2010,40,24,844373.31,0,55.63,2.718,132.7619333,5.326,24-Sep-10,Not Holiday,Non-Holiday,636005.5846
9,2010,29,24,465338.41,0,65.14,2.718,132.7619333,10.409,24-Sep-10,Not Holiday,Non-Holiday,350505.9006
9,2010,16,24,511330.32,0,58.19,2.793,190.5713264,6.868,24-Sep-10,Not Holiday,Non-Holiday,268314.4047
9,2010,8,24,773725.08,0,72.21,2.624,214.9547795,6.315,24-Sep-10,Not Holiday,Non-Holiday,359947.8373
9,2010,17,24,852876.29,0,58.39,2.872,126.1900333,6.697,24-Sep-10,Not Holiday,Non-Holiday,675866.6019
9,2010,13,24,1705655.09,0,68.22,2.872,126.1900333,7.951,24-Sep-10,Not Holiday,Non-Holiday,1351655.947
9,2010,34,24,867539.07,0,69.78,2.642,126.1900333,9.816,24-Sep-10,Not Holiday,Non-Holiday,687486.2042
9,2010,38,24,330604.9,0,81.77,2.939,126.1900333,14.18,24-Sep-10,Not Holiday,Non-Holiday,261989.7082
9,2010,33,24,231976.84,0,91.18,2.939,126.1900333,9.495,24-Sep-10,Not Holiday,Non-Holiday,183831.3486
9,2010,11,24,1170103.25,0,77.36,2.624,214.9084516,7.346,24-Sep-10,Not Holiday,Non-Holiday,544465.9069
9,2010,12,24,851919.34,0,81.77,2.939,126.1900333,14.18,24-Sep-10,Not Holiday,Non-Holiday,675108.2615
9,2010,36,24,419348.59,0,79.17,2.578,210.3664469,8.36,24-Sep-10,Not Holiday,Non-Holiday,199341.956
9,2010,18,24,950862.92,0,64.82,2.718,132.7619333,9.342,24-Sep-10,Not Holiday,Non-Holiday,716216.5361
9,2010,4,24,1810684.68,0,60.96,2.642,126.1900333,7.372,24-Sep-10,Not Holiday,Non-Holiday,1434887.235
9,2010,14,24,1879891.13,0,68.59,2.713,182.6696737,8.743,24-Sep-10,Not Holiday,Non-Holiday,1029120.539
9,2010,43,24,650263.95,0,77.42,2.624,203.5216786,9.816,24-Sep-10,Not Holiday,Non-Holiday,319505.988
9,2010,20,24,1789687.65,0,69.37,2.713,204.8182126,7.527,24-Sep-10,Not Holiday,Non-Holiday,873793.2175
9,2010,28,24,1111797.21,0,81.77,2.939,126.1900333,14.18,24-Sep-10,Not Holiday,Non-Holiday,881049.9379
9,2010,5,24,293131.58,0,78.53,2.624,212.1519404,6.496,24-Sep-10,Not Holiday,Non-Holiday,138170.5863
9,2010,10,24,1655036.75,0,85.75,2.939,126.1900333,9.199,24-Sep-10,Not Holiday,Non-Holiday,1311543.16
9,2010,27,24,1597002.71,0,67.08,2.837,136.6317821,7.982,24-Sep-10,Not Holiday,Non-Holiday,1168836.917
9,2010,6,24,1275591.84,0,76.49,2.624,213.1152886,6.973,24-Sep-10,Not Holiday,Non-Holiday,598545.4391
9,2010,26,24,868636.3,0,52.47,2.718,132.7619333,8.445,24-Sep-10,Not Holiday,Non-Holiday,654281.147
9,2010,39,24,1199449.54,0,78.5,2.624,210.3664469,8.36,24-Sep-10,Not Holiday,Non-Holiday,570171.5068
9,2010,9,24,452905.22,0,77.15,2.624,215.1378313,6.442,24-Sep-10,Not Holiday,Non-Holiday,210518.6323
9,2010,23,24,1099055.65,0,57.75,2.718,132.7619333,5.326,24-Sep-10,Not Holiday,Non-Holiday,827839.4436
9,2010,45,24,678228.58,0,68.59,2.713,182.6696737,8.743,24-Sep-10,Not Holiday,Non-Holiday,371286.9062
9,2010,32,24,1067432.1,0,64.19,2.793,190.5713264,9.017,24-Sep-10,Not Holiday,Non-Holiday,560122.0919
9,2010,44,24,281313.78,0,68.22,2.872,126.1900333,7.804,24-Sep-10,Not Holiday,Non-Holiday,222928.6835
9,2010,24,24,1169413.27,0,64.3,2.837,132.7619333,8.117,24-Sep-10,Not Holiday,Non-Holiday,880834.7701
9,2010,1,24,1351791.03,0,80.94,2.624,211.5972246,7.787,24-Sep-10,Not Holiday,Non-Holiday,638851.0211
9,2010,25,24,607819.33,0,65.06,2.713,204.8182126,7.527,24-Sep-10,Not Holiday,Non-Holiday,296760.3917
9,2010,22,24,902779.25,0,65.14,2.718,136.6317821,8.433,24-Sep-10,Not Holiday,Non-Holiday,660738.8384
9,2010,42,24,492262.96,0,85.75,2.939,126.1900333,9.199,24-Sep-10,Not Holiday,Non-Holiday,390096.545
12,2010,4,3,2102530.17,0,46.4,2.727,126.7313333,7.127,3-Dec-10,Not Holiday,Non-Holiday,1659045.254
12,2010,39,3,1431910.98,0,53.55,2.708,210.376263,8.476,3-Dec-10,Not Holiday,Non-Holiday,680642.8442
12,2010,12,3,1069533.17,0,43.33,3.041,126.7313333,14.313,3-Dec-10,Not Holiday,Non-Holiday,843937.4401
12,2010,9,3,578164.82,0,49.89,2.708,215.1445203,6.56,3-Dec-10,Not Holiday,Non-Holiday,268733.2307
12,2010,35,3,982598.88,0,41.81,3.046,136.6075714,8.763,3-Dec-10,Not Holiday,Non-Holiday,719285.8126
12,2010,19,3,1615987.96,0,36.64,3.2,132.7566667,8.067,3-Dec-10,Not Holiday,Non-Holiday,1217255.6
12,2010,43,3,557543.62,0,44.56,2.708,203.5714286,10.21,3-Dec-10,Not Holiday,Non-Holiday,273881.0765
12,2010,5,3,344490.88,0,51.31,2.708,212.1613951,6.768,3-Dec-10,Not Holiday,Non-Holiday,162372.0846
12,2010,30,3,407112.22,0,50.43,2.708,211.265543,8.163,3-Dec-10,Not Holiday,Non-Holiday,192701.6655
12,2010,20,3,2416051.17,0,35.47,3.046,204.8249189,7.484,3-Dec-10,Not Holiday,Non-Holiday,1179568.962
12,2010,31,3,1338716.37,0,50.43,2.708,211.265543,8.163,3-Dec-10,Not Holiday,Non-Holiday,633665.2684
12,2010,27,3,1884343.67,0,41.81,3.2,136.6075714,8.021,3-Dec-10,Not Holiday,Non-Holiday,1379384.503
12,2010,16,3,512260.59,0,23.68,2.712,190.9931437,6.986,3-Dec-10,Not Holiday,Non-Holiday,268208.8896
12,2010,15,3,754134.95,0,36,3.2,132.7566667,8.067,3-Dec-10,Not Holiday,Non-Holiday,568058.0635
12,2010,42,3,500250.8,0,51.17,3.041,126.7313333,9.003,3-Dec-10,Not Holiday,Non-Holiday,394733.3205
12,2010,38,3,351925.36,0,43.33,3.041,126.7313333,14.313,3-Dec-10,Not Holiday,Non-Holiday,277694.0405
12,2010,26,3,1016143.64,0,27.73,3.065,132.7566667,8.149,3-Dec-10,Not Holiday,Non-Holiday,765418.1634
12,2010,8,3,952766.93,0,42.85,2.708,214.9616381,6.433,3-Dec-10,Not Holiday,Non-Holiday,443226.4931
12,2010,32,3,1200892.56,0,35.18,2.712,190.9931437,9.137,3-Dec-10,Not Holiday,Non-Holiday,628762.1308
12,2010,29,3,642678.53,0,39.42,3.065,132.7566667,10.524,3-Dec-10,Not Holiday,Non-Holiday,484102.6413
12,2010,33,3,209986.25,0,52.82,3.041,126.7313333,9.265,3-Dec-10,Not Holiday,Non-Holiday,165694.0273
12,2010,11,3,1380522.64,0,55.9,2.708,214.9153531,7.564,3-Dec-10,Not Holiday,Non-Holiday,642356.4534
12,2010,37,3,508213.14,0,54.44,2.708,210.376263,8.476,3-Dec-10,Not Holiday,Non-Holiday,241573.4231
12,2010,44,3,264214.12,0,25.8,2.812,126.7313333,7.61,3-Dec-10,Not Holiday,Non-Holiday,208483.6584
12,2010,25,3,885572.96,0,32.41,3.046,204.8249189,7.484,3-Dec-10,Not Holiday,Non-Holiday,432356.0652
12,2010,3,3,476420.77,0,53.76,2.708,214.9153531,7.564,3-Dec-10,Not Holiday,Non-Holiday,221678.332
12,2010,7,3,552811.62,0,21.88,2.712,190.9931437,9.137,3-Dec-10,Not Holiday,Non-Holiday,289440.5575
12,2010,34,3,1001512.21,0,34.7,2.727,126.7313333,10.21,3-Dec-10,Not Holiday,Non-Holiday,790264.0838
12,2010,40,3,1000582.06,0,33.6,3.065,132.7566667,5.287,3-Dec-10,Not Holiday,Non-Holiday,753696.2812
12,2010,6,3,1677067.24,0,52.3,2.708,213.123851,7.007,3-Dec-10,Not Holiday,Non-Holiday,786897.962
12,2010,28,3,1447916.29,0,43.33,3.041,126.7313333,14.313,3-Dec-10,Not Holiday,Non-Holiday,1142508.528
12,2010,1,3,1548033.78,0,49.27,2.708,211.607193,7.838,3-Dec-10,Not Holiday,Non-Holiday,731560.094
12,2010,10,3,2251206.64,0,51.17,3.041,126.7313333,9.003,3-Dec-10,Not Holiday,Non-Holiday,1776361.521
12,2010,24,3,1413302.7,0,37.08,3.2,132.7566667,8.275,3-Dec-10,Not Holiday,Non-Holiday,1064581.339
12,2010,14,3,2258489.63,0,40.93,3.046,182.6676154,8.724,3-Dec-10,Not Holiday,Non-Holiday,1236393.011
12,2010,21,3,829210.73,0,50.43,2.708,211.265543,8.163,3-Dec-10,Not Holiday,Non-Holiday,392496.9109
12,2010,41,3,1220115.75,0,33,2.712,190.9931437,7.508,3-Dec-10,Not Holiday,Non-Holiday,638826.9895
12,2010,45,3,879244.9,0,40.93,3.046,182.6676154,8.724,3-Dec-10,Not Holiday,Non-Holiday,481335.9489
12,2010,36,3,360266.09,0,54.44,2.694,210.376263,8.476,3-Dec-10,Not Holiday,Non-Holiday,171248.4502
12,2010,18,3,1211026.13,0,37.09,3.065,132.7566667,9.331,3-Dec-10,Not Holiday,Non-Holiday,912214.9268
12,2010,17,3,926573.81,0,22.47,2.812,126.7313333,6.885,3-Dec-10,Not Holiday,Non-Holiday,731132.3773
12,2010,23,3,1617025.41,0,34.3,3.065,132.7566667,5.287,3-Dec-10,Not Holiday,Non-Holiday,1218037.068
12,2010,22,3,1230514.58,0,39.42,3.065,136.6075714,8.572,3-Dec-10,Not Holiday,Non-Holiday,900766.0171
12,2010,2,3,2015781.27,0,49.33,2.708,211.265543,8.163,3-Dec-10,Not Holiday,Non-Holiday,954145.7833
12,2010,13,3,2083379.89,0,25.8,2.812,126.7313333,7.795,3-Dec-10,Not Holiday,Non-Holiday,1643934.326
12,2010,24,10,1593012.75,0,27.11,3.255,132.6764,8.275,10-Dec-10,Not Holiday,Non-Holiday,1200675.29
12,2010,1,10,1682614.26,0,46.33,2.843,211.4659526,7.838,10-Dec-10,Not Holiday,Non-Holiday,795690.3886
12,2010,10,10,2411790.21,0,60.51,3.091,126.7934,9.003,10-Dec-10,Not Holiday,Non-Holiday,1902141.76
12,2010,42,10,585175.24,0,60.51,3.091,126.7934,9.003,10-Dec-10,Not Holiday,Non-Holiday,461518.691
12,2010,16,10,570103.64,0,32.02,2.728,190.9741069,6.986,10-Dec-10,Not Holiday,Non-Holiday,298524.0509
12,2010,22,10,1367202.84,0,28.43,3.132,136.5255714,8.572,10-Dec-10,Not Holiday,Non-Holiday,1001426.199
12,2010,2,10,2378726.55,0,45.5,2.843,211.1247993,8.163,10-Dec-10,Not Holiday,Non-Holiday,1126692.155
12,2010,4,10,2302504.86,0,42.4,2.86,126.7934,7.127,10-Dec-10,Not Holiday,Non-Holiday,1815950.089
12,2010,5,10,352811.53,0,48.27,2.843,212.0193491,6.768,10-Dec-10,Not Holiday,Non-Holiday,166405.3453
12,2010,12,10,1121934.15,0,50.01,3.203,126.7934,14.313,10-Dec-10,Not Holiday,Non-Holiday,884852.169
12,2010,7,10,599730.07,0,24.24,2.728,190.9741069,9.137,10-Dec-10,Not Holiday,Non-Holiday,314037.3738
12,2010,19,10,1799070.98,0,25.12,3.255,132.6764,8.067,10-Dec-10,Not Holiday,Non-Holiday,1355984.169
12,2010,17,10,962475.55,0,31.64,2.817,126.7934,6.885,10-Dec-10,Not Holiday,Non-Holiday,759089.6293
12,2010,31,10,1475685.1,0,46.35,2.843,211.1247993,8.163,10-Dec-10,Not Holiday,Non-Holiday,698963.4116
12,2010,25,10,964729.18,0,22.65,3.109,204.6877378,7.484,10-Dec-10,Not Holiday,Non-Holiday,471317.5251
12,2010,33,10,253050.1,0,60.72,3.091,126.7934,9.265,10-Dec-10,Not Holiday,Non-Holiday,199576.713
12,2010,13,10,2461468.35,0,36.78,2.817,126.7934,7.795,10-Dec-10,Not Holiday,Non-Holiday,1941322.143
12,2010,15,10,847294.04,0,23.97,3.255,132.6764,8.067,10-Dec-10,Not Holiday,Non-Holiday,638616.9959
12,2010,20,10,2752122.08,0,24.27,3.109,204.6877378,7.484,10-Dec-10,Not Holiday,Non-Holiday,1344546.63
12,2010,44,10,278253.28,0,36.78,2.817,126.7934,7.61,10-Dec-10,Not Holiday,Non-Holiday,219454.0725
12,2010,11,10,1564516.43,0,53.33,2.843,214.7693037,7.564,10-Dec-10,Not Holiday,Non-Holiday,728463.7064
12,2010,36,10,404545.03,0,51.83,2.813,210.2372494,8.476,10-Dec-10,Not Holiday,Non-Holiday,192423.0987
12,2010,23,10,1872365.99,0,20.12,3.132,132.6764,5.287,10-Dec-10,Not Holiday,Non-Holiday,1411227.611
12,2010,18,10,1416168.98,0,25.64,3.132,132.6764,9.331,10-Dec-10,Not Holiday,Non-Holiday,1067385.745
12,2010,38,10,355965.23,0,50.01,3.203,126.7934,14.313,10-Dec-10,Not Holiday,Non-Holiday,280744.2895
12,2010,9,10,618121.82,0,46.1,2.843,214.9981378,6.56,10-Dec-10,Not Holiday,Non-Holiday,287501.0111
12,2010,35,10,1108580.19,0,30.83,3.109,136.5255714,8.763,10-Dec-10,Not Holiday,Non-Holiday,811994.5433
12,2010,3,10,467642.03,0,51.13,2.843,214.7693037,7.564,10-Dec-10,Not Holiday,Non-Holiday,217741.5589
12,2010,43,10,598679.02,0,52.52,2.843,203.4475786,10.21,10-Dec-10,Not Holiday,Non-Holiday,294266.9675
12,2010,40,10,1111215.72,0,21.64,3.132,132.6764,5.287,10-Dec-10,Not Holiday,Non-Holiday,837538.3414
12,2010,21,10,943891.64,0,46.35,2.843,211.1247993,8.163,10-Dec-10,Not Holiday,Non-Holiday,447077.5783
12,2010,39,10,1630564.48,0,50.81,2.843,210.2372494,8.476,10-Dec-10,Not Holiday,Non-Holiday,775583.0542
12,2010,34,10,1086661.02,0,41.93,2.86,126.7934,10.21,10-Dec-10,Not Holiday,Non-Holiday,857032.7951
12,2010,28,10,1466164.49,0,50.01,3.203,126.7934,14.313,10-Dec-10,Not Holiday,Non-Holiday,1156341.332
12,2010,6,10,1834737.58,0,48.46,2.843,212.9804059,7.007,10-Dec-10,Not Holiday,Non-Holiday,861458.392
12,2010,41,10,1434908.13,0,33.9,2.728,190.9741069,7.508,10-Dec-10,Not Holiday,Non-Holiday,751362.6603
12,2010,45,10,1002364.34,0,30.54,3.109,182.5519538,8.724,10-Dec-10,Not Holiday,Non-Holiday,549084.4218
12,2010,8,10,1069061.63,0,42.47,2.843,214.8155214,6.433,10-Dec-10,Not Holiday,Non-Holiday,497664.9839
12,2010,37,10,511207.52,0,51.83,2.843,210.2372494,8.476,10-Dec-10,Not Holiday,Non-Holiday,243157.4431
12,2010,30,10,428631.91,0,46.35,2.843,211.1247993,8.163,10-Dec-10,Not Holiday,Non-Holiday,203023.0041
12,2010,26,10,1149612.04,0,16.6,3.132,132.6764,8.149,10-Dec-10,Not Holiday,Non-Holiday,866478.1679
12,2010,27,10,2139733.68,0,30.83,3.255,136.5255714,8.021,10-Dec-10,Not Holiday,Non-Holiday,1567276.854
12,2010,29,10,713834.74,0,28.43,3.132,132.6764,10.524,10-Dec-10,Not Holiday,Non-Holiday,538026.9136
12,2010,14,10,2600519.26,0,30.54,3.109,182.5519538,8.724,10-Dec-10,Not Holiday,Non-Holiday,1424536.526
12,2010,32,10,1377322.73,0,36.62,2.728,190.9741069,9.137,10-Dec-10,Not Holiday,Non-Holiday,721209.1484
12,2010,15,17,983825.15,0,25.3,3.301,132.6804516,8.067,17-Dec-10,Not Holiday,Non-Holiday,741499.6996
12,2010,18,17,1588430.71,0,27.4,3.139,132.6804516,9.331,17-Dec-10,Not Holiday,Non-Holiday,1197185.185
12,2010,11,17,1843971.15,0,54.63,2.869,214.704919,7.564,17-Dec-10,Not Holiday,Non-Holiday,858839.7316
12,2010,3,17,498159.39,0,52.2,2.869,214.704919,7.564,17-Dec-10,Not Holiday,Non-Holiday,232020.483
12,2010,44,17,278646.35,0,35.21,2.842,126.8794839,7.61,17-Dec-10,Not Holiday,Non-Holiday,219614.9775
12,2010,4,17,2740057.14,0,46.57,2.884,126.8794839,7.127,17-Dec-10,Not Holiday,Non-Holiday,2159574.626
12,2010,32,17,1557776.1,0,36.07,2.778,191.0303376,9.137,17-Dec-10,Not Holiday,Non-Holiday,815460.0571
12,2010,40,17,1179036.3,0,23.01,3.139,132.6804516,5.287,17-Dec-10,Not Holiday,Non-Holiday,888628.4948
12,2010,22,17,1527682.99,0,30.46,3.139,136.5292811,8.572,17-Dec-10,Not Holiday,Non-Holiday,1118941.65
12,2010,34,17,1227148.13,0,42.64,2.884,126.8794839,10.21,17-Dec-10,Not Holiday,Non-Holiday,967176.1677
12,2010,20,17,2819193.17,0,24.07,3.14,204.6321194,7.484,17-Dec-10,Not Holiday,Non-Holiday,1377688.497
12,2010,37,17,534285.21,0,56.73,2.869,210.1787224,8.476,17-Dec-10,Not Holiday,Non-Holiday,254205.1849
12,2010,36,17,410214.7,0,56.73,2.852,210.1787224,8.476,17-Dec-10,Not Holiday,Non-Holiday,195174.2285
12,2010,13,17,2771646.81,0,35.21,2.842,126.8794839,7.795,17-Dec-10,Not Holiday,Non-Holiday,2184472.008
12,2010,29,17,850538.25,0,30.46,3.139,132.6804516,10.524,17-Dec-10,Not Holiday,Non-Holiday,641042.6252
12,2010,33,17,238875.26,0,61.12,3.125,126.8794839,9.265,17-Dec-10,Not Holiday,Non-Holiday,188269.4133
12,2010,2,17,2609166.75,0,47.55,2.869,211.0645458,8.163,17-Dec-10,Not Holiday,Non-Holiday,1236193.762
12,2010,41,17,1627904.68,0,31.51,2.778,191.0303376,7.508,17-Dec-10,Not Holiday,Non-Holiday,852170.7601
12,2010,17,17,1049372.38,0,25.13,2.842,126.8794839,6.885,17-Dec-10,Not Holiday,Non-Holiday,827062.3018
12,2010,31,17,1714667,0,48.63,2.869,211.0645458,8.163,17-Dec-10,Not Holiday,Non-Holiday,812389.8751
12,2010,39,17,1842172.46,0,55.31,2.869,210.1787224,8.476,17-Dec-10,Not Holiday,Non-Holiday,876479.0455
12,2010,8,17,1220579.55,0,45.03,2.869,214.7510843,6.433,17-Dec-10,Not Holiday,Non-Holiday,568369.4469
12,2010,6,17,2090268.95,0,52.24,2.869,212.918049,7.007,17-Dec-10,Not Holiday,Non-Holiday,981724.64
12,2010,43,17,615761.77,0,56.51,2.869,203.3996521,10.21,17-Dec-10,Not Holiday,Non-Holiday,302734.918
12,2010,27,17,2350098.36,0,31.62,3.301,136.5292811,8.021,17-Dec-10,Not Holiday,Non-Holiday,1721314.535
12,2010,24,17,1663525.77,0,27.99,3.301,132.6804516,8.275,17-Dec-10,Not Holiday,Non-Holiday,1253783.621
12,2010,5,17,367801.19,0,51.61,2.869,211.9580815,6.768,17-Dec-10,Not Holiday,Non-Holiday,173525.4383
12,2010,26,17,1196813.33,0,20.61,3.139,132.6804516,8.149,17-Dec-10,Not Holiday,Non-Holiday,902026.874
12,2010,1,17,1891034.93,0,49.84,2.869,211.4053124,7.838,17-Dec-10,Not Holiday,Non-Holiday,894506.8166
12,2010,14,17,2762861.41,0,30.51,3.14,182.517732,8.724,17-Dec-10,Not Holiday,Non-Holiday,1513749.585
12,2010,9,17,685243.2,0,49.7,2.869,214.9334937,6.56,17-Dec-10,Not Holiday,Non-Holiday,318816.3874
12,2010,35,17,1314987.4,0,31.62,3.14,136.5292811,8.763,17-Dec-10,Not Holiday,Non-Holiday,963154.123
12,2010,10,17,2811646.85,0,59.15,3.125,126.8794839,9.003,17-Dec-10,Not Holiday,Non-Holiday,2215998.019
12,2010,45,17,1123282.85,0,30.51,3.14,182.517732,8.724,17-Dec-10,Not Holiday,Non-Holiday,615437.6551
12,2010,23,17,2238573.48,0,23.05,3.139,132.6804516,5.287,17-Dec-10,Not Holiday,Non-Holiday,1687191.634
12,2010,28,17,1510443.62,0,52.77,3.236,126.8794839,14.313,17-Dec-10,Not Holiday,Non-Holiday,1190455.363
12,2010,42,17,537455.65,0,59.15,3.125,126.8794839,9.003,17-Dec-10,Not Holiday,Non-Holiday,423595.3942
12,2010,30,17,445332.28,0,48.63,2.869,211.0645458,8.163,17-Dec-10,Not Holiday,Non-Holiday,210993.4088
12,2010,7,17,716388.81,0,20.74,2.778,191.0303376,9.137,17-Dec-10,Not Holiday,Non-Holiday,375013.11
12,2010,25,17,1047707.59,0,21.6,3.14,204.6321194,7.484,17-Dec-10,Not Holiday,Non-Holiday,511995.6696
12,2010,16,17,648652.01,0,26.01,2.778,191.0303376,6.986,17-Dec-10,Not Holiday,Non-Holiday,339554.4489
12,2010,38,17,334441.15,0,52.77,3.236,126.8794839,14.313,17-Dec-10,Not Holiday,Non-Holiday,263589.6204
12,2010,19,17,1911967.44,0,26.83,3.301,132.6804516,8.067,17-Dec-10,Not Holiday,Non-Holiday,1441031.755
12,2010,21,17,1147556.83,0,48.63,2.869,211.0645458,8.163,17-Dec-10,Not Holiday,Non-Holiday,543699.4762
12,2010,12,17,1295605.35,0,52.77,3.236,126.8794839,14.313,17-Dec-10,Not Holiday,Non-Holiday,1021130.69
11,2010,2,5,1939061.41,0,57.85,2.689,211.6135053,8.163,5-Nov-10,Not Holiday,Non-Holiday,916322.1446
11,2010,4,5,2013115.79,0,51.6,2.699,126.4912903,7.127,5-Nov-10,Not Holiday,Non-Holiday,1591505.459
11,2010,12,5,929690.71,0,65.49,3.129,126.4912903,14.313,5-Nov-10,Not Holiday,Non-Holiday,734983.9723
11,2010,15,5,612987.64,0,40.29,3.049,132.9245806,8.067,5-Nov-10,Not Holiday,Non-Holiday,461154.4661
11,2010,20,5,2184316.64,0,42.78,2.917,205.160837,7.484,5-Nov-10,Not Holiday,Non-Holiday,1064684.992
11,2010,32,5,1063056.21,0,49.2,2.729,190.9964377,9.137,5-Nov-10,Not Holiday,Non-Holiday,556584.3127
11,2010,30,5,484661.87,0,58.71,2.689,211.6135053,8.163,5-Nov-10,Not Holiday,Non-Holiday,229031.6345
11,2010,3,5,423175.56,0,62.94,2.689,215.2765472,7.564,5-Nov-10,Not Holiday,Non-Holiday,196572.9967
11,2010,21,5,719888.76,0,58.71,2.689,211.6135053,8.163,5-Nov-10,Not Holiday,Non-Holiday,340190.3669
11,2010,43,5,605960.2,0,62.52,2.689,203.8713871,10.21,5-Nov-10,Not Holiday,Non-Holiday,297226.7019
11,2010,28,5,1501663.26,0,65.49,3.129,126.4912903,14.313,5-Nov-10,Not Holiday,Non-Holiday,1187167.319
11,2010,26,5,970224.51,0,30.51,2.938,132.9245806,8.149,5-Nov-10,Not Holiday,Non-Holiday,729906.0156
11,2010,14,5,2078417.47,0,45.65,2.917,182.9463648,8.724,5-Nov-10,Not Holiday,Non-Holiday,1136080.223
11,2010,23,5,1203119.96,0,36.6,2.938,132.9245806,5.287,5-Nov-10,Not Holiday,Non-Holiday,905114.7309
11,2010,37,5,539683.42,0,62.72,2.689,210.7202444,8.476,5-Nov-10,Not Holiday,Non-Holiday,256113.7026
11,2010,9,5,517869.97,0,58.69,2.689,215.5065452,6.56,5-Nov-10,Not Holiday,Non-Holiday,240303.5924
11,2010,38,5,380870.09,0,65.49,3.129,126.4912903,14.313,5-Nov-10,Not Holiday,Non-Holiday,301103.8065
11,2010,25,5,696314.53,0,38.8,2.917,205.160837,7.484,5-Nov-10,Not Holiday,Non-Holiday,339399.3416
11,2010,44,5,270516.84,0,49.96,2.831,126.4912903,7.61,5-Nov-10,Not Holiday,Non-Holiday,213862.029
11,2010,5,5,325310.3,0,58.88,2.689,212.5126051,6.768,5-Nov-10,Not Holiday,Non-Holiday,153078.1197
11,2010,7,5,480512.44,0,49.44,2.729,190.9964377,9.137,5-Nov-10,Not Holiday,Non-Holiday,251581.8859
11,2010,40,5,968270.66,0,36.45,2.938,132.9245806,5.287,5-Nov-10,Not Holiday,Non-Holiday,728436.1219
11,2010,33,5,246124.61,0,74.23,3.009,126.4912903,9.265,5-Nov-10,Not Holiday,Non-Holiday,194578.3061
11,2010,10,5,1832211.96,0,71.04,3.009,126.4912903,9.003,5-Nov-10,Not Holiday,Non-Holiday,1448488.632
11,2010,22,5,1006888.16,0,44.34,2.938,136.7862258,8.572,5-Nov-10,Not Holiday,Non-Holiday,736103.474
11,2010,17,5,818434.49,0,42.54,2.831,126.4912903,6.885,5-Nov-10,Not Holiday,Non-Holiday,647028.3354
11,2010,16,5,446905.02,0,39.94,2.729,190.9964377,6.986,5-Nov-10,Not Holiday,Non-Holiday,233986.0499
11,2010,42,5,565390.4,0,71.04,3.009,126.4912903,9.003,5-Nov-10,Not Holiday,Non-Holiday,446979.708
11,2010,24,5,1285358.01,0,42.2,3.049,132.9245806,8.275,5-Nov-10,Not Holiday,Non-Holiday,966982.9344
11,2010,29,5,521002.97,0,44.34,2.938,132.9245806,10.524,5-Nov-10,Not Holiday,Non-Holiday,391953.819
11,2010,41,5,1163878.49,0,46.74,2.729,190.9964377,7.508,5-Nov-10,Not Holiday,Non-Holiday,609371.8312
11,2010,45,5,764014.06,0,45.65,2.917,182.9463648,8.724,5-Nov-10,Not Holiday,Non-Holiday,417616.4204
11,2010,18,5,1089530.94,0,42.05,2.938,132.9245806,9.331,5-Nov-10,Not Holiday,Non-Holiday,819660.995
11,2010,6,5,1505442.15,0,59.9,2.689,213.4785503,7.007,5-Nov-10,Not Holiday,Non-Holiday,705195.9777
11,2010,11,5,1332759.13,0,64.41,2.689,215.2765472,7.564,5-Nov-10,Not Holiday,Non-Holiday,619091.6509
11,2010,1,5,1551659.28,0,58.74,2.689,211.9563939,7.838,5-Nov-10,Not Holiday,Non-Holiday,732065.3326
11,2010,36,5,405860.37,0,62.72,2.655,210.7202444,8.476,5-Nov-10,Not Holiday,Non-Holiday,192606.2544
11,2010,31,5,1324455.72,0,58.71,2.689,211.6135053,8.163,5-Nov-10,Not Holiday,Non-Holiday,625884.3064
11,2010,13,5,1854967.66,0,49.96,2.831,126.4912903,7.795,5-Nov-10,Not Holiday,Non-Holiday,1466478.566
11,2010,39,5,1293707.19,0,61.62,2.689,210.7202444,8.476,5-Nov-10,Not Holiday,Non-Holiday,613945.3728
11,2010,34,5,972292.31,0,52.43,2.699,126.4912903,10.21,5-Nov-10,Not Holiday,Non-Holiday,768663.4453
11,2010,35,5,843755.12,0,45.91,2.917,136.7862258,8.763,5-Nov-10,Not Holiday,Non-Holiday,616842.1675
11,2010,27,5,1686010.02,0,45.91,3.049,136.7862258,8.021,5-Nov-10,Not Holiday,Non-Holiday,1232587.572
11,2010,19,5,1435379.25,0,41.78,3.049,132.9245806,8.067,5-Nov-10,Not Holiday,Non-Holiday,1079844.859
11,2010,8,5,927266.34,0,55.76,2.689,215.323,6.433,5-Nov-10,Not Holiday,Non-Holiday,430639.7087
11,2010,28,12,1266460.45,0,57.79,3.13,126.5461613,14.313,12-Nov-10,Not Holiday,Non-Holiday,1000789.306
11,2010,6,12,1495536.46,0,62.11,2.728,213.5268011,7.007,12-Nov-10,Not Holiday,Non-Holiday,700397.539
11,2010,19,12,1490235.86,0,40.3,3.065,132.9783226,8.067,12-Nov-10,Not Holiday,Non-Holiday,1120660.744
11,2010,3,12,386635.03,0,62.79,2.728,215.3256258,7.564,12-Nov-10,Not Holiday,Non-Holiday,179558.2985
11,2010,26,12,971193.01,0,37.51,2.961,132.9783226,8.149,12-Nov-10,Not Holiday,Non-Holiday,730339.3448
11,2010,14,12,2092189.06,0,46.14,2.931,182.9916129,8.724,12-Nov-10,Not Holiday,Non-Holiday,1143325.11
11,2010,5,12,301827.36,0,62.37,2.728,212.5604113,6.768,12-Nov-10,Not Holiday,Non-Holiday,141996.0369
11,2010,16,12,453632.76,0,34.04,2.737,191.0411474,6.986,12-Nov-10,Not Holiday,Non-Holiday,237452.908
11,2010,37,12,517546.69,0,61.97,2.728,210.7667944,8.476,12-Nov-10,Not Holiday,Non-Holiday,245554.1877
11,2010,44,12,281909.79,0,42.55,2.831,126.5461613,7.61,12-Nov-10,Not Holiday,Non-Holiday,222772.2968
11,2010,18,12,1081322.12,0,43.17,2.961,132.9783226,9.331,12-Nov-10,Not Holiday,Non-Holiday,813156.6851
11,2010,11,12,1281675.6,0,63.74,2.728,215.3256258,7.564,12-Nov-10,Not Holiday,Non-Holiday,595226.6922
11,2010,45,12,765648.93,0,46.14,2.931,182.9916129,8.724,12-Nov-10,Not Holiday,Non-Holiday,418406.5695
11,2010,8,12,911538.98,0,54.89,2.728,215.3721,6.433,12-Nov-10,Not Holiday,Non-Holiday,423239.1196
11,2010,25,12,713250.08,0,40.68,2.931,205.2098614,7.484,12-Nov-10,Not Holiday,Non-Holiday,347571.0549
11,2010,32,12,1141019.11,0,42.3,2.737,191.0411474,9.137,12-Nov-10,Not Holiday,Non-Holiday,597263.5349
11,2010,10,12,1895901.59,0,61.24,3.13,126.5461613,9.003,12-Nov-10,Not Holiday,Non-Holiday,1498189.728
11,2010,15,12,619639.74,0,39.63,3.065,132.9783226,8.067,12-Nov-10,Not Holiday,Non-Holiday,465970.4889
11,2010,42,12,588592.61,0,61.24,3.13,126.5461613,9.003,12-Nov-10,Not Holiday,Non-Holiday,465120.8729
11,2010,7,12,507584.29,0,22.12,2.737,191.0411474,9.137,12-Nov-10,Not Holiday,Non-Holiday,265693.6984
11,2010,9,12,520846.68,0,61.59,2.728,215.5557297,6.56,12-Nov-10,Not Holiday,Non-Holiday,241629.7079
11,2010,24,12,1312877.01,0,41.76,3.065,132.9783226,8.275,12-Nov-10,Not Holiday,Non-Holiday,987286.4872
11,2010,22,12,1043698.64,0,44.42,2.961,136.8349032,8.572,12-Nov-10,Not Holiday,Non-Holiday,762742.9958
11,2010,1,12,1494479.49,0,59.61,2.728,212.003944,7.838,12-Nov-10,Not Holiday,Non-Holiday,704930.0413
11,2010,12,12,942475.24,0,57.79,3.13,126.5461613,14.313,12-Nov-10,Not Holiday,Non-Holiday,744767.9411
11,2010,27,12,1828010.25,0,45.9,3.065,136.8349032,8.021,12-Nov-10,Not Holiday,Non-Holiday,1335923.955
11,2010,38,12,340147.2,0,57.79,3.13,126.5461613,14.313,12-Nov-10,Not Holiday,Non-Holiday,268792.9816
11,2010,13,12,1939964.63,0,42.55,2.831,126.5461613,7.795,12-Nov-10,Not Holiday,Non-Holiday,1533009.465
11,2010,30,12,431266.64,0,60.95,2.728,211.6608975,8.163,12-Nov-10,Not Holiday,Non-Holiday,203753.5724
11,2010,17,12,855459.96,0,36.32,2.831,126.5461613,6.885,12-Nov-10,Not Holiday,Non-Holiday,676006.2504
11,2010,40,12,935481.32,0,38.5,2.961,132.9783226,5.287,12-Nov-10,Not Holiday,Non-Holiday,703484.073
11,2010,29,12,524450.7,0,44.42,2.961,132.9783226,10.524,12-Nov-10,Not Holiday,Non-Holiday,394388.1151
11,2010,43,12,595421.23,0,59.98,2.728,203.9185484,10.21,12-Nov-10,Not Holiday,Non-Holiday,291989.7354
11,2010,20,12,2187765.28,0,42.38,2.931,205.2098614,7.484,12-Nov-10,Not Holiday,Non-Holiday,1066111.183
11,2010,21,12,735796.38,0,60.95,2.728,211.6608975,8.163,12-Nov-10,Not Holiday,Non-Holiday,347629.812
11,2010,34,12,979730.78,0,47.2,2.741,126.5461613,10.21,12-Nov-10,Not Holiday,Non-Holiday,774208.2177
11,2010,35,12,870914.69,0,45.9,2.931,136.8349032,8.763,12-Nov-10,Not Holiday,Non-Holiday,636471.1558
11,2010,39,12,1291398.71,0,62.21,2.728,210.7667944,8.476,12-Nov-10,Not Holiday,Non-Holiday,612714.4998
11,2010,33,12,272803.94,0,65.21,3.13,126.5461613,9.265,12-Nov-10,Not Holiday,Non-Holiday,215576.6222
11,2010,36,12,425804.8,0,61.97,2.705,210.7667944,8.476,12-Nov-10,Not Holiday,Non-Holiday,202026.5105
11,2010,2,12,1916812.74,0,59.69,2.728,211.6608975,8.163,12-Nov-10,Not Holiday,Non-Holiday,905605.5051
11,2010,41,12,1175326.23,0,38.99,2.737,191.0411474,7.508,12-Nov-10,Not Holiday,Non-Holiday,615221.5091
11,2010,23,12,1387953.75,0,35.59,2.961,132.9783226,5.287,12-Nov-10,Not Holiday,Non-Holiday,1043744.366
11,2010,31,12,1352780.76,0,60.95,2.728,211.6608975,8.163,12-Nov-10,Not Holiday,Non-Holiday,639126.4404
11,2010,4,12,1999794.26,0,52.65,2.741,126.5461613,7.127,12-Nov-10,Not Holiday,Non-Holiday,1580288.362
11,2010,40,19,852452.93,0,40.52,3.03,132.9172,5.287,19-Nov-10,Not Holiday,Non-Holiday,641341.3238
11,2010,24,19,1277150.6,0,45.63,3.138,132.9172,8.275,19-Nov-10,Not Holiday,Non-Holiday,960861.7997
11,2010,9,19,519823.3,0,49.96,2.771,215.4372854,6.56,19-Nov-10,Not Holiday,Non-Holiday,241287.5278
11,2010,32,19,1150729.89,0,36.24,2.758,191.0312172,9.137,19-Nov-10,Not Holiday,Non-Holiday,602377.929
11,2010,3,19,372545.32,0,57.72,2.771,215.2074519,7.564,19-Nov-10,Not Holiday,Non-Holiday,173109.8606
11,2010,10,19,1949177.13,0,58.83,3.047,126.6072,9.003,19-Nov-10,Not Holiday,Non-Holiday,1539546.827
11,2010,27,19,1704785.74,0,50.81,3.138,136.7715714,8.021,19-Nov-10,Not Holiday,Non-Holiday,1246447.432
11,2010,43,19,589467.35,0,54.96,2.771,203.8191286,10.21,19-Nov-10,Not Holiday,Non-Holiday,289211.0049
11,2010,29,19,508174.55,0,48.62,3.03,132.9172,10.524,19-Nov-10,Not Holiday,Non-Holiday,382324.1462
11,2010,6,19,1518841.45,0,52.99,2.771,213.4107412,7.007,19-Nov-10,Not Holiday,Non-Holiday,711698.6903
11,2010,21,19,756288.89,0,51.71,2.771,211.5470304,8.163,19-Nov-10,Not Holiday,Non-Holiday,357503.9028
11,2010,45,19,723987.85,0,50.02,3,182.8989385,8.724,19-Nov-10,Not Holiday,Non-Holiday,395840.3783
11,2010,37,19,518124.16,0,56.73,2.771,210.65429,8.476,19-Nov-10,Not Holiday,Non-Holiday,245959.4628
11,2010,16,19,458634.68,0,27.26,2.758,191.0312172,6.986,19-Nov-10,Not Holiday,Non-Holiday,240083.6296
11,2010,39,19,1370659.54,0,55.5,2.771,210.65429,8.476,19-Nov-10,Not Holiday,Non-Holiday,650667.7552
11,2010,14,19,1968462.58,0,50.02,3,182.8989385,8.724,19-Nov-10,Not Holiday,Non-Holiday,1076256.973
11,2010,30,19,423707.69,0,51.71,2.771,211.5470304,8.163,19-Nov-10,Not Holiday,Non-Holiday,200290.0675
11,2010,26,19,901972.7,0,36.73,3.03,132.9172,8.149,19-Nov-10,Not Holiday,Non-Holiday,678597.4276
11,2010,28,19,1179315.72,0,58.18,3.161,126.6072,14.313,19-Nov-10,Not Holiday,Non-Holiday,931476.0298
11,2010,41,19,1172155.28,0,31.34,2.758,191.0312172,7.508,19-Nov-10,Not Holiday,Non-Holiday,613593.5776
11,2010,8,19,885608.04,0,43.86,2.771,215.2538714,6.433,19-Nov-10,Not Holiday,Non-Holiday,411424.9069
11,2010,34,19,955766.33,0,40.93,2.78,126.6072,10.21,19-Nov-10,Not Holiday,Non-Holiday,754906.7747
11,2010,22,19,985896.44,0,48.62,3.03,136.7715714,8.572,19-Nov-10,Not Holiday,Non-Holiday,720834.3298
11,2010,23,19,1314994.32,0,41.66,3.03,132.9172,5.287,19-Nov-10,Not Holiday,Non-Holiday,989333.4497
11,2010,12,19,894493.7,0,58.18,3.161,126.6072,14.313,19-Nov-10,Not Holiday,Non-Holiday,706510.9251
11,2010,11,19,1292346.57,0,58.63,2.771,215.2074519,7.564,19-Nov-10,Not Holiday,Non-Holiday,600511.9983
11,2010,33,19,224639.76,0,61.95,3.047,126.6072,9.265,19-Nov-10,Not Holiday,Non-Holiday,177430.4779
11,2010,20,19,2105058.91,0,45.88,3,205.0992811,7.484,19-Nov-10,Not Holiday,Non-Holiday,1026360.94
11,2010,36,19,411615.71,0,56.73,2.741,210.65429,8.476,19-Nov-10,Not Holiday,Non-Holiday,195398.6838
11,2010,5,19,297384.81,0,52.52,2.771,212.445487,6.768,19-Nov-10,Not Holiday,Non-Holiday,139981.7027
11,2010,13,19,1925393.91,0,42,2.842,126.6072,7.795,19-Nov-10,Not Holiday,Non-Holiday,1520761.781
11,2010,17,19,782252.57,0,36.31,2.842,126.6072,6.885,19-Nov-10,Not Holiday,Non-Holiday,617857.8864
11,2010,31,19,1359158.57,0,51.71,2.771,211.5470304,8.163,19-Nov-10,Not Holiday,Non-Holiday,642485.2986
11,2010,44,19,284322.52,0,42,2.842,126.6072,7.61,19-Nov-10,Not Holiday,Non-Holiday,224570.5773
11,2010,38,19,348593.99,0,58.18,3.161,126.6072,14.313,19-Nov-10,Not Holiday,Non-Holiday,275335.0441
11,2010,18,19,1045722.37,0,45.26,3.03,132.9172,9.331,19-Nov-10,Not Holiday,Non-Holiday,786747.2156
11,2010,42,19,524316.21,0,58.83,3.047,126.6072,9.003,19-Nov-10,Not Holiday,Non-Holiday,414128.2723
11,2010,1,19,1483784.18,0,51.41,2.771,211.8896737,7.838,19-Nov-10,Not Holiday,Non-Holiday,700262.6197
11,2010,25,19,718056.73,0,42.72,3,205.0992811,7.484,19-Nov-10,Not Holiday,Non-Holiday,350102.0219
11,2010,4,19,2097809.4,0,48.05,2.78,126.6072,7.127,19-Nov-10,Not Holiday,Non-Holiday,1656943.207
11,2010,7,19,482528.36,0,25.56,2.758,191.0312172,9.137,19-Nov-10,Not Holiday,Non-Holiday,252591.3655
11,2010,35,19,846850.35,0,50.81,3,136.7715714,8.763,19-Nov-10,Not Holiday,Non-Holiday,619171.3244
11,2010,15,19,608200.81,0,44.1,3.138,132.9172,8.067,19-Nov-10,Not Holiday,Non-Holiday,457578.7107
11,2010,19,19,1377593.1,0,44.22,3.138,132.9172,8.067,19-Nov-10,Not Holiday,Non-Holiday,1036429.522
11,2010,2,19,1956739.17,0,50.81,2.771,211.5470304,8.163,19-Nov-10,Not Holiday,Non-Holiday,924966.5033
2,2010,1,5,1643690.9,0,42.31,2.572,211.0963582,8.106,5-Feb-10,Not Holiday,Non-Holiday,778644.8397
2,2010,10,5,2193048.75,0,54.34,2.962,126.4420645,9.765,5-Feb-10,Not Holiday,Non-Holiday,1734429.724
2,2010,37,5,536006.73,0,45.97,2.572,209.8529663,8.554,5-Feb-10,Not Holiday,Non-Holiday,255420.1351
2,2010,17,5,789036.02,0,23.11,2.666,126.4420645,6.548,5-Feb-10,Not Holiday,Non-Holiday,624029.6875
2,2010,30,5,465108.52,0,39.05,2.572,210.7526053,8.324,5-Feb-10,Not Holiday,Non-Holiday,220689.3335
2,2010,25,5,677231.63,0,21.1,2.784,204.2471935,8.187,5-Feb-10,Not Holiday,Non-Holiday,331574.5095
2,2010,22,5,1033017.37,0,24.36,2.788,135.3524608,8.283,5-Feb-10,Not Holiday,Non-Holiday,763205.4592
2,2010,23,5,1364721.58,0,15.25,2.788,131.5279032,5.892,5-Feb-10,Not Holiday,Non-Holiday,1037590.919
2,2010,24,5,1388725.63,0,22.43,2.954,131.5279032,8.326,5-Feb-10,Not Holiday,Non-Holiday,1055841.077
2,2010,19,5,1507637.17,0,20.96,2.954,131.5279032,8.35,5-Feb-10,Not Holiday,Non-Holiday,1146248.92
2,2010,21,5,798593.88,0,39.05,2.572,210.7526053,8.324,5-Feb-10,Not Holiday,Non-Holiday,378924.7961
2,2010,26,5,1034119.21,0,9.55,2.788,131.5279032,8.488,5-Feb-10,Not Holiday,Non-Holiday,786235.6084
2,2010,39,5,1230596.8,0,44.3,2.572,209.8529663,8.554,5-Feb-10,Not Holiday,Non-Holiday,586409.0566
2,2010,8,5,1004137.09,0,34.14,2.572,214.4714512,6.299,5-Feb-10,Not Holiday,Non-Holiday,468191.4933
2,2010,32,5,1087616.19,0,34.43,2.58,189.3816974,9.014,5-Feb-10,Not Holiday,Non-Holiday,574298.4697
2,2010,15,5,652122.44,0,19.83,2.954,131.5279032,8.35,5-Feb-10,Not Holiday,Non-Holiday,495805.395
2,2010,34,5,956228.96,0,35.44,2.598,126.4420645,9.521,5-Feb-10,Not Holiday,Non-Holiday,756258.5788
2,2010,13,5,1967220.53,0,31.53,2.666,126.4420645,8.316,5-Feb-10,Not Holiday,Non-Holiday,1555827.594
2,2010,38,5,358496.14,0,49.47,2.962,126.4420645,13.975,5-Feb-10,Not Holiday,Non-Holiday,283526.0097
2,2010,9,5,549505.55,0,38.01,2.572,214.6554591,6.415,5-Feb-10,Not Holiday,Non-Holiday,255994.2115
2,2010,2,5,2136989.46,0,40.19,2.572,210.7526053,8.324,5-Feb-10,Not Holiday,Non-Holiday,1013980.091
2,2010,45,5,890689.51,0,27.31,2.784,181.8711898,8.992,5-Feb-10,Not Holiday,Non-Holiday,489736.4508
2,2010,20,5,2401395.47,0,25.92,2.784,204.2471935,8.187,5-Feb-10,Not Holiday,Non-Holiday,1175729.972
2,2010,27,5,1874289.79,0,27.19,2.954,135.3524608,8.237,5-Feb-10,Not Holiday,Non-Holiday,1384747.48
2,2010,41,5,1086533.18,0,30.27,2.58,189.3816974,7.541,5-Feb-10,Not Holiday,Non-Holiday,573726.6034
2,2010,4,5,2135143.87,0,43.76,2.598,126.4420645,8.623,5-Feb-10,Not Holiday,Non-Holiday,1688634.141
2,2010,31,5,1469252.05,0,39.05,2.572,210.7526053,8.324,5-Feb-10,Not Holiday,Non-Holiday,697145.3795
2,2010,16,5,477409.3,0,19.79,2.58,189.3816974,7.039,5-Feb-10,Not Holiday,Non-Holiday,252088.4048
2,2010,11,5,1528008.64,0,46.04,2.572,214.4248812,7.368,5-Feb-10,Not Holiday,Non-Holiday,712607.8986
2,2010,36,5,467546.74,0,45.97,2.545,209.8529663,8.554,5-Feb-10,Not Holiday,Non-Holiday,222797.2986
2,2010,42,5,543384.01,0,54.34,2.962,126.4420645,9.765,5-Feb-10,Not Holiday,Non-Holiday,429749.3972
2,2010,5,5,317173.1,0,39.7,2.572,211.6539716,6.566,5-Feb-10,Not Holiday,Non-Holiday,149854.5468
2,2010,43,5,647029.28,0,47.31,2.572,203.0642742,9.521,5-Feb-10,Not Holiday,Non-Holiday,318632.7494
2,2010,35,5,1230613.5,0,27.19,2.784,135.3524608,9.262,5-Feb-10,Not Holiday,Non-Holiday,909191.8187
2,2010,28,5,1672352.29,0,49.47,2.962,126.4420645,13.975,5-Feb-10,Not Holiday,Non-Holiday,1322623.366
2,2010,6,5,1652635.1,0,40.43,2.572,212.6223518,7.259,5-Feb-10,Not Holiday,Non-Holiday,777263.108
2,2010,33,5,274593.43,0,58.4,2.962,126.4420645,10.115,5-Feb-10,Not Holiday,Non-Holiday,217169.3661
2,2010,44,5,281090.95,0,31.53,2.666,126.4420645,8.119,5-Feb-10,Not Holiday,Non-Holiday,222308.0991
2,2010,18,5,1205307.5,0,21.33,2.788,131.5279032,9.202,5-Feb-10,Not Holiday,Non-Holiday,916389.2001
2,2010,3,5,461622.22,0,45.71,2.572,214.4248812,7.368,5-Feb-10,Not Holiday,Non-Holiday,215283.8875
2,2010,12,5,1100046.37,0,49.47,2.962,126.4420645,13.975,5-Feb-10,Not Holiday,Non-Holiday,870000.3233
2,2010,29,5,538634.46,0,24.36,2.788,131.5279032,10.064,5-Feb-10,Not Holiday,Non-Holiday,409521.0574
2,2010,40,5,1001943.8,0,14.48,2.788,131.5279032,5.892,5-Feb-10,Not Holiday,Non-Holiday,761772.8069
2,2010,7,5,496725.44,0,10.53,2.58,189.3816974,9.014,5-Feb-10,Not Holiday,Non-Holiday,262287.986
2,2010,14,5,2623469.95,0,27.31,2.784,181.8711898,8.992,5-Feb-10,Not Holiday,Non-Holiday,1442487.924
2,2010,45,19,841264.04,0,31.27,2.745,182.0347816,8.992,19-Feb-10,Not Holiday,Non-Holiday,462144.6696
2,2010,29,19,542399.07,0,31.96,2.747,131.637,10.064,19-Feb-10,Not Holiday,Non-Holiday,412041.5005
2,2010,41,19,1052034.74,0,24.13,2.55,189.5340998,7.541,19-Feb-10,Not Holiday,Non-Holiday,555063.5696
2,2010,27,19,1945070.33,0,32.44,2.909,135.4657781,8.237,19-Feb-10,Not Holiday,Non-Holiday,1435838.894
2,2010,42,19,508794.87,0,58.22,2.915,126.5262857,9.765,19-Feb-10,Not Holiday,Non-Holiday,402125.8248
2,2010,21,19,867283.25,0,39.75,2.514,210.9451605,8.324,19-Feb-10,Not Holiday,Non-Holiday,411141.5725
2,2010,36,19,470281.03,0,45.66,2.472,210.0451024,8.554,19-Feb-10,Not Holiday,Non-Holiday,223895.2609
2,2010,17,19,800714,0,25.06,2.654,126.5262857,6.548,19-Feb-10,Not Holiday,Non-Holiday,632843.9941
2,2010,18,19,1150663.42,0,30.91,2.747,131.637,9.202,19-Feb-10,Not Holiday,Non-Holiday,874118.5381
2,2010,10,19,2113432.58,0,58.22,2.915,126.5262857,9.765,19-Feb-10,Not Holiday,Non-Holiday,1670350.606
2,2010,16,19,469868.7,0,21.13,2.55,189.5340998,7.039,19-Feb-10,Not Holiday,Non-Holiday,247907.2106
2,2010,44,19,267956.3,0,35.7,2.654,126.5262857,8.119,19-Feb-10,Not Holiday,Non-Holiday,211779.156
2,2010,37,19,510382.5,0,45.66,2.514,210.0451024,8.554,19-Feb-10,Not Holiday,Non-Holiday,242987.0986
2,2010,4,19,2049860.26,0,36.45,2.54,126.5262857,8.623,19-Feb-10,Not Holiday,Non-Holiday,1620106.248
2,2010,31,19,1473386.75,0,39.75,2.514,210.9451605,8.324,19-Feb-10,Not Holiday,Non-Holiday,698469.0933
2,2010,11,19,1503298.7,0,48.3,2.514,214.6198868,7.368,19-Feb-10,Not Holiday,Non-Holiday,700447.0659
2,2010,12,19,1095421.65,0,54.83,2.915,126.5262857,13.975,19-Feb-10,Not Holiday,Non-Holiday,865766.069
2,2010,14,19,2204556.7,0,31.27,2.745,182.0347816,8.992,19-Feb-10,Not Holiday,Non-Holiday,1211063.447
2,2010,38,19,327237.92,0,54.83,2.915,126.5262857,13.975,19-Feb-10,Not Holiday,Non-Holiday,258632.361
2,2010,25,19,676260.67,0,24.16,2.745,204.4321004,8.187,19-Feb-10,Not Holiday,Non-Holiday,330799.6487
2,2010,43,19,658997.55,0,48.77,2.514,203.2479796,9.521,19-Feb-10,Not Holiday,Non-Holiday,324233.2599
2,2010,7,19,506760.54,0,27.28,2.55,189.5340998,9.014,19-Feb-10,Not Holiday,Non-Holiday,267371.6975
2,2010,24,19,1385362.49,0,31.05,2.909,131.637,8.326,19-Feb-10,Not Holiday,Non-Holiday,1052411.169
2,2010,19,19,1515976.11,0,28.57,2.909,131.637,8.35,19-Feb-10,Not Holiday,Non-Holiday,1151633.743
2,2010,26,19,999348.55,0,22.62,2.747,131.637,8.488,19-Feb-10,Not Holiday,Non-Holiday,759169.9522
2,2010,35,19,1270658.64,0,32.44,2.745,135.4657781,9.262,19-Feb-10,Not Holiday,Non-Holiday,937992.3534
2,2010,1,19,1611968.17,0,39.93,2.514,211.2891429,8.106,19-Feb-10,Not Holiday,Non-Holiday,762920.4927
2,2010,39,19,1230591.97,0,43.96,2.514,210.0451024,8.554,19-Feb-10,Not Holiday,Non-Holiday,585870.3469
2,2010,23,19,1319588.04,0,26.7,2.747,131.637,5.892,19-Feb-10,Not Holiday,Non-Holiday,1002444.632
2,2010,3,19,421642.19,0,47.07,2.514,214.6198868,7.368,19-Feb-10,Not Holiday,Non-Holiday,196459.9815
2,2010,9,19,511327.9,0,43.06,2.514,214.8506185,6.415,19-Feb-10,Not Holiday,Non-Holiday,237992.2867
2,2010,8,19,963960.37,0,39.1,2.514,214.6664878,6.299,19-Feb-10,Not Holiday,Non-Holiday,449050.236
2,2010,30,19,463513.26,0,39.75,2.514,210.9451605,8.324,19-Feb-10,Not Holiday,Non-Holiday,219731.6397
2,2010,32,19,1082559.06,0,29.16,2.55,189.5340998,9.014,19-Feb-10,Not Holiday,Non-Holiday,571168.4922
2,2010,33,19,296850.83,0,62.16,2.915,126.5262857,10.115,19-Feb-10,Not Holiday,Non-Holiday,234615.9364
2,2010,28,19,1491300.42,0,54.83,2.915,126.5262857,13.975,19-Feb-10,Not Holiday,Non-Holiday,1178648.699
2,2010,15,19,660838.75,0,27.54,2.909,131.637,8.35,19-Feb-10,Not Holiday,Non-Holiday,502015.9606
2,2010,5,19,303447.57,0,41.14,2.514,211.8471283,6.566,19-Feb-10,Not Holiday,Non-Holiday,143238.9348
2,2010,22,19,988467.61,0,31.96,2.747,135.4657781,8.283,19-Feb-10,Not Holiday,Non-Holiday,729680.6794
2,2010,2,19,2124451.54,0,39.69,2.514,210.9451605,8.324,19-Feb-10,Not Holiday,Non-Holiday,1007110.822
2,2010,34,19,983963.07,0,38.36,2.54,126.5262857,9.521,19-Feb-10,Not Holiday,Non-Holiday,777674.8243
2,2010,6,19,1567138.07,0,43.58,2.514,212.8161546,7.259,19-Feb-10,Not Holiday,Non-Holiday,736381.161
2,2010,13,19,1970274.64,0,35.7,2.654,126.5262857,8.316,19-Feb-10,Not Holiday,Non-Holiday,1557205.785
2,2010,40,19,916289.2,0,27.84,2.747,131.637,5.892,19-Feb-10,Not Holiday,Non-Holiday,696072.6847
2,2010,20,19,2161549.76,0,25.43,2.745,204.4321004,8.187,19-Feb-10,Not Holiday,Non-Holiday,1057343.615
2,2010,44,26,273079.07,0,29.98,2.667,126.5522857,8.119,26-Feb-10,Not Holiday,Non-Holiday,215783.5937
2,2010,3,26,407204.86,0,52.05,2.561,214.6475127,7.368,26-Feb-10,Not Holiday,Non-Holiday,189708.632
2,2010,9,26,473773.27,0,43.83,2.561,214.8780453,6.415,26-Feb-10,Not Holiday,Non-Holiday,220484.7263
2,2010,36,26,447519.44,0,50.87,2.52,210.0771885,8.554,26-Feb-10,Not Holiday,Non-Holiday,213026.1944
2,2010,14,26,2095591.63,0,34.89,2.754,182.0774691,8.992,26-Feb-10,Not Holiday,Non-Holiday,1150934.072
2,2010,10,26,2006774.96,0,52.77,2.825,126.5522857,9.765,26-Feb-10,Not Holiday,Non-Holiday,1585727.945
2,2010,11,26,1336404.65,0,52.79,2.561,214.6475127,7.368,26-Feb-10,Not Holiday,Non-Holiday,622604.3028
2,2010,37,26,513615.82,0,50.87,2.561,210.0771885,8.554,26-Feb-10,Not Holiday,Non-Holiday,244489.0964
2,2010,25,26,628516.57,0,29.16,2.754,204.4630869,8.187,26-Feb-10,Not Holiday,Non-Holiday,307398.5527
2,2010,43,26,618702.79,0,48.77,2.561,203.2798724,9.521,26-Feb-10,Not Holiday,Non-Holiday,304360.0838
2,2010,15,26,564883.2,0,29.87,2.91,131.686,8.35,26-Feb-10,Not Holiday,Non-Holiday,428962.2283
2,2010,22,26,899761.48,0,35.98,2.753,135.5195191,8.283,26-Feb-10,Not Holiday,Non-Holiday,663934.9711
2,2010,21,26,749597.24,0,45.31,2.561,210.9759573,8.324,26-Feb-10,Not Holiday,Non-Holiday,355299.8406
2,2010,32,26,1053247.1,0,26.64,2.586,189.6018023,9.014,26-Feb-10,Not Holiday,Non-Holiday,555504.7933
2,2010,26,26,855385.01,0,27.32,2.753,131.686,8.488,26-Feb-10,Not Holiday,Non-Holiday,649564.1222
2,2010,33,26,284052.77,0,56.5,2.825,126.5522857,10.115,26-Feb-10,Not Holiday,Non-Holiday,224454.8713
2,2010,4,26,1925728.84,0,41.36,2.59,126.5522857,8.623,26-Feb-10,Not Holiday,Non-Holiday,1521686.336
2,2010,38,26,334222.73,0,50.23,2.825,126.5522857,13.975,26-Feb-10,Not Holiday,Non-Holiday,264098.533
2,2010,31,26,1344354.41,0,45.31,2.561,210.9759573,8.324,26-Feb-10,Not Holiday,Non-Holiday,637207.399
2,2010,40,26,863917.41,0,33.32,2.753,131.686,5.892,26-Feb-10,Not Holiday,Non-Holiday,656043.4746
2,2010,13,26,1817850.32,0,29.98,2.667,126.5522857,8.316,26-Feb-10,Not Holiday,Non-Holiday,1436442.108
2,2010,34,26,905756.13,0,37.28,2.59,126.5522857,9.521,26-Feb-10,Not Holiday,Non-Holiday,715716.9268
2,2010,5,26,270281.63,0,46.7,2.561,211.8771468,6.566,26-Feb-10,Not Holiday,Non-Holiday,127565.2585
9,2010,6,3,1510925.32,0,82.15,2.577,213.0519222,6.973,3-Sep-10,Not Holiday,Non-Holiday,709181.7358
2,2010,39,26,1168582.02,0,49.79,2.561,210.0771885,8.554,26-Feb-10,Not Holiday,Non-Holiday,556263.1661
2,2010,6,26,1432953.21,0,47.1,2.561,212.845337,7.259,26-Feb-10,Not Holiday,Non-Holiday,673236.8349
2,2010,19,26,1373270.06,0,30.33,2.91,131.686,8.35,26-Feb-10,Not Holiday,Non-Holiday,1042836.794
2,2010,24,26,1158722.74,0,33.98,2.91,131.686,8.326,26-Feb-10,Not Holiday,Non-Holiday,879913.3849
2,2010,23,26,1198709.65,0,32.68,2.753,131.686,5.892,26-Feb-10,Not Holiday,Non-Holiday,910278.7312
2,2010,28,26,1542173.33,0,50.23,2.825,126.5522857,13.975,26-Feb-10,Not Holiday,Non-Holiday,1218605.671
2,2010,12,26,1048617.17,0,50.23,2.825,126.5522857,13.975,26-Feb-10,Not Holiday,Non-Holiday,828603.8962
2,2010,35,26,1020651.74,0,36,2.754,135.5195191,9.262,26-Feb-10,Not Holiday,Non-Holiday,753140.025
2,2010,30,26,472330.71,0,45.31,2.561,210.9759573,8.324,26-Feb-10,Not Holiday,Non-Holiday,223878.9273
2,2010,17,26,749549.55,0,15.64,2.667,126.5522857,6.548,26-Feb-10,Not Holiday,Non-Holiday,592284.4821
2,2010,7,26,496083.24,0,24.91,2.586,189.6018023,9.014,26-Feb-10,Not Holiday,Non-Holiday,261644.7913
2,2010,42,26,491510.58,0,52.77,2.825,126.5522857,9.765,26-Feb-10,Not Holiday,Non-Holiday,388385.3834
2,2010,16,26,443242.17,0,18.12,2.586,189.6018023,7.039,26-Feb-10,Not Holiday,Non-Holiday,233775.2936
2,2010,41,26,991941.73,0,21.84,2.586,189.6018023,7.541,26-Feb-10,Not Holiday,Non-Holiday,523171.0448
2,2010,20,26,1898193.95,0,32.32,2.754,204.4630869,8.187,26-Feb-10,Not Holiday,Non-Holiday,928379.7769
2,2010,1,26,1409727.59,0,46.63,2.561,211.3196429,8.106,26-Feb-10,Not Holiday,Non-Holiday,667106.7444
2,2010,27,26,1390934.27,0,36,2.91,135.5195191,8.237,26-Feb-10,Not Holiday,Non-Holiday,1026371.905
2,2010,18,26,1068157.45,0,35.42,2.753,131.686,9.202,26-Feb-10,Not Holiday,Non-Holiday,811139.7187
2,2010,29,26,488417.61,0,35.98,2.753,131.686,10.064,26-Feb-10,Not Holiday,Non-Holiday,370895.6229
2,2010,45,26,741891.65,0,34.89,2.754,182.0774691,8.992,26-Feb-10,Not Holiday,Non-Holiday,407459.3379
2,2010,2,26,1865097.27,0,46.1,2.561,210.9759573,8.324,26-Feb-10,Not Holiday,Non-Holiday,884033.0879
8,2010,28,6,1523101.38,0,92.95,3.123,126.0854516,14.18,6-Aug-10,Not Holiday,Non-Holiday,1207991.375
8,2010,27,6,1908036.68,0,77.45,2.942,136.4741118,7.982,6-Aug-10,Not Holiday,Non-Holiday,1398094.228
8,2010,7,6,643854.17,0,61.7,2.69,190.0990028,9.017,6-Aug-10,Not Holiday,Non-Holiday,338694.1333
8,2010,23,6,1417013.07,0,70.03,2.792,132.6141935,5.326,6-Aug-10,Not Holiday,Non-Holiday,1068522.933
8,2010,11,6,1369634.92,0,86.54,2.627,214.8341952,7.346,6-Aug-10,Not Holiday,Non-Holiday,637531.1522
8,2010,18,6,1166117.85,0,73.67,2.792,132.6141935,9.342,6-Aug-10,Not Holiday,Non-Holiday,879331.1027
8,2010,6,6,1633241.59,0,86.61,2.627,213.0311188,6.973,6-Aug-10,Not Holiday,Non-Holiday,766668.0808
8,2010,32,6,1144552.09,0,72.95,2.69,190.0990028,9.017,6-Aug-10,Not Holiday,Non-Holiday,602082.1115
8,2010,39,6,1409989.67,0,84.92,2.627,210.2614925,8.36,6-Aug-10,Not Holiday,Non-Holiday,670588.6338
8,2010,44,6,296804.49,0,81.24,2.802,126.0854516,7.804,6-Aug-10,Not Holiday,Non-Holiday,235399.4741
8,2010,22,6,1010326.14,0,74.37,2.792,136.4741118,8.433,6-Aug-10,Not Holiday,Non-Holiday,740306.0747
8,2010,26,6,1125329.77,0,62.93,2.792,132.6141935,8.445,6-Aug-10,Not Holiday,Non-Holiday,848574.1536
8,2010,29,6,519787.93,0,74.37,2.792,132.6141935,10.409,6-Aug-10,Not Holiday,Non-Holiday,391954.9758
8,2010,41,6,1338132.72,0,69.21,2.69,190.0990028,7.335,6-Aug-10,Not Holiday,Non-Holiday,703913.5925
8,2010,14,6,2219813.5,0,77.17,2.784,182.5320862,8.743,6-Aug-10,Not Holiday,Non-Holiday,1216122.352
8,2010,10,6,1949236.09,0,86.13,3.123,126.0854516,9.199,6-Aug-10,Not Holiday,Non-Holiday,1545964.316
8,2010,1,6,1605491.78,0,87.16,2.627,211.5046621,7.787,6-Aug-10,Not Holiday,Non-Holiday,759081.0359
8,2010,4,6,1907638.58,0,76.53,2.64,126.0854516,7.372,6-Aug-10,Not Holiday,Non-Holiday,1512972.794
8,2010,43,6,698536.06,0,84.66,2.627,203.4173387,9.816,6-Aug-10,Not Holiday,Non-Holiday,343400.4517
8,2010,24,6,1442819.28,0,74.54,2.942,132.6141935,8.117,6-Aug-10,Not Holiday,Non-Holiday,1087982.547
8,2010,17,6,795301.17,0,70.53,2.802,126.0854516,6.697,6-Aug-10,Not Holiday,Non-Holiday,630763.6289
8,2010,8,6,893399.77,0,80.37,2.627,214.8807793,6.315,6-Aug-10,Not Holiday,Non-Holiday,415765.3248
8,2010,40,6,1057295.87,0,69.16,2.792,132.6141935,5.326,6-Aug-10,Not Holiday,Non-Holiday,797272.0281
8,2010,3,6,402635.76,0,85.13,2.627,214.8341952,7.346,6-Aug-10,Not Holiday,Non-Holiday,187416.9797
8,2010,42,6,579544.21,0,86.13,3.123,126.0854516,9.199,6-Aug-10,Not Holiday,Non-Holiday,459643.9975
8,2010,20,6,1910177.38,0,74.57,2.784,204.7293252,7.527,6-Aug-10,Not Holiday,Non-Holiday,933025.7784
8,2010,34,6,987435.35,0,73.8,2.64,126.0854516,9.816,6-Aug-10,Not Holiday,Non-Holiday,783147.7284
8,2010,25,6,699464.43,0,71.79,2.784,204.7293252,7.527,6-Aug-10,Not Holiday,Non-Holiday,341653.268
8,2010,5,6,303043.02,0,86.1,2.627,212.0624447,6.496,6-Aug-10,Not Holiday,Non-Holiday,142902.7287
8,2010,33,6,262789.95,0,92.51,3.123,126.0854516,9.495,6-Aug-10,Not Holiday,Non-Holiday,208422.1032
8,2010,16,6,586936.45,0,67.42,2.69,190.0990028,6.868,6-Aug-10,Not Holiday,Non-Holiday,308753.0399
8,2010,36,6,467442.94,0,85.49,2.573,210.2614925,8.36,6-Aug-10,Not Holiday,Non-Holiday,222315.049
8,2010,9,6,522815.45,0,87.09,2.627,215.064843,6.442,6-Aug-10,Not Holiday,Non-Holiday,243096.6599
8,2010,35,6,1180183.39,0,77.45,2.784,136.4741118,8.861,6-Aug-10,Not Holiday,Non-Holiday,864767.2254
8,2010,45,6,746517.32,0,77.17,2.784,182.5320862,8.743,6-Aug-10,Not Holiday,Non-Holiday,408978.6818
8,2010,13,6,1969121.45,0,81.24,2.802,126.0854516,7.951,6-Aug-10,Not Holiday,Non-Holiday,1561735.652
8,2010,38,6,378574.44,0,92.95,3.123,126.0854516,14.18,6-Aug-10,Not Holiday,Non-Holiday,300252.2775
8,2010,12,6,967576.95,0,92.95,3.123,126.0854516,14.18,6-Aug-10,Not Holiday,Non-Holiday,767397.7749
8,2010,37,6,508576.62,0,85.49,2.627,210.2614925,8.36,6-Aug-10,Not Holiday,Non-Holiday,241878.1556
8,2010,37,13,491815.83,0,86.06,2.692,210.3943056,8.36,13-Aug-10,Not Holiday,Non-Holiday,233759.0975
8,2010,14,13,2052984.81,0,78.44,2.805,182.6226346,8.743,13-Aug-10,Not Holiday,Non-Holiday,1124167.776
8,2010,17,13,759995.18,0,65.17,2.837,126.064,6.697,13-Aug-10,Not Holiday,Non-Holiday,602864.5609
8,2010,7,13,598185.4,0,60.13,2.723,190.2611552,9.017,13-Aug-10,Not Holiday,Non-Holiday,314402.2748
8,2010,32,13,1157975.68,0,74.97,2.723,190.2611552,9.017,13-Aug-10,Not Holiday,Non-Holiday,608624.3294
8,2010,3,13,339597.38,0,86.74,2.692,214.9730444,7.346,13-Aug-10,Not Holiday,Non-Holiday,157972.0755
8,2010,10,13,1962996.7,0,88.37,3.049,126.064,9.199,13-Aug-10,Not Holiday,Non-Holiday,1557142.959
8,2010,13,13,1877592.55,0,74.93,2.837,126.064,7.951,13-Aug-10,Not Holiday,Non-Holiday,1489396.299
8,2010,44,13,291028.09,0,74.93,2.837,126.064,7.804,13-Aug-10,Not Holiday,Non-Holiday,230857.4137
8,2010,22,13,993097.43,0,74.75,2.81,136.4928214,8.433,13-Aug-10,Not Holiday,Non-Holiday,727582.1687
8,2010,33,13,265367.51,0,95.57,3.049,126.064,9.495,13-Aug-10,Not Holiday,Non-Holiday,210502.2132
8,2010,25,13,686072.39,0,72.73,2.805,204.8533784,7.527,13-Aug-10,Not Holiday,Non-Holiday,334908.9946
8,2010,36,13,470436.8,0,86.06,2.644,210.3943056,8.36,13-Aug-10,Not Holiday,Non-Holiday,223597.6866
8,2010,27,13,1864436.12,0,77.36,2.923,136.4928214,7.982,13-Aug-10,Not Holiday,Non-Holiday,1365959.104
8,2010,43,13,713479.91,0,86.31,2.692,203.5385,9.816,13-Aug-10,Not Holiday,Non-Holiday,350538.0604
8,2010,35,13,1090587.5,0,77.36,2.805,136.4928214,8.861,13-Aug-10,Not Holiday,Non-Holiday,799007.2216
8,2010,12,13,928264.4,0,87.01,3.159,126.064,14.18,13-Aug-10,Not Holiday,Non-Holiday,736343.7619
8,2010,38,13,341400.72,0,87.01,3.159,126.064,14.18,13-Aug-10,Not Holiday,Non-Holiday,270815.3954
8,2010,16,13,543757.97,0,63.91,2.723,190.2611552,6.868,13-Aug-10,Not Holiday,Non-Holiday,285795.5789
8,2010,45,13,722262.21,0,78.44,2.805,182.6226346,8.743,13-Aug-10,Not Holiday,Non-Holiday,395494.3546
8,2010,6,13,1547654.98,0,86.83,2.692,213.1677529,6.973,13-Aug-10,Not Holiday,Non-Holiday,726026.7836
8,2010,34,13,951208.65,0,76.72,2.698,126.064,9.816,13-Aug-10,Not Holiday,Non-Holiday,754544.2394
8,2010,40,13,924011.76,0,67.47,2.81,132.63,5.326,13-Aug-10,Not Holiday,Non-Holiday,696683.8272
8,2010,24,13,1384243.75,0,74.17,2.923,132.63,8.117,13-Aug-10,Not Holiday,Non-Holiday,1043688.268
8,2010,9,13,481897.98,0,86.85,2.692,215.2039756,6.442,13-Aug-10,Not Holiday,Non-Holiday,223926.1513
8,2010,5,13,286477.35,0,87.41,2.692,212.1978889,6.496,13-Aug-10,Not Holiday,Non-Holiday,135004.8068
8,2010,42,13,583079.97,0,88.37,3.049,126.064,9.199,13-Aug-10,Not Holiday,Non-Holiday,462526.9466
8,2010,4,13,2007050.75,0,78.08,2.698,126.064,7.372,13-Aug-10,Not Holiday,Non-Holiday,1592088.741
8,2010,20,13,2071022.45,0,75.98,2.805,204.8533784,7.527,13-Aug-10,Not Holiday,Non-Holiday,1010977.933
8,2010,23,13,1346345.97,0,67.43,2.81,132.63,5.326,13-Aug-10,Not Holiday,Non-Holiday,1015114.205
8,2010,8,13,867919.21,0,80.11,2.692,215.0196857,6.315,13-Aug-10,Not Holiday,Non-Holiday,403646.3951
8,2010,28,13,1218688.09,0,87.01,3.159,126.064,14.18,13-Aug-10,Not Holiday,Non-Holiday,966721.7366
8,2010,26,13,1011938.29,0,61.58,2.81,132.63,8.445,13-Aug-10,Not Holiday,Non-Holiday,762978.4287
8,2010,41,13,1285976.53,0,70.24,2.723,190.2611552,7.335,13-Aug-10,Not Holiday,Non-Holiday,675900.7264
8,2010,11,13,1384339.1,0,87.73,2.692,214.9730444,7.346,13-Aug-10,Not Holiday,Non-Holiday,643959.3875
8,2010,1,13,1508237.76,0,87,2.692,211.6394211,7.787,13-Aug-10,Not Holiday,Non-Holiday,712645.0035
8,2010,29,13,495269,0,74.75,2.81,132.63,10.409,13-Aug-10,Not Holiday,Non-Holiday,373421.5487
8,2010,39,13,1371465.66,0,85.66,2.692,210.3943056,8.36,13-Aug-10,Not Holiday,Non-Holiday,651854.9331
8,2010,18,13,1084722.78,0,74.19,2.81,132.63,9.342,13-Aug-10,Not Holiday,Non-Holiday,817856.2769
8,2010,4,20,1997181.09,0,78.83,2.671,126.0766452,7.372,20-Aug-10,Not Holiday,Non-Holiday,1584100.756
8,2010,18,20,1141860.67,0,71.76,2.796,132.6616129,9.342,20-Aug-10,Not Holiday,Non-Holiday,860731.786
8,2010,27,20,1936878.46,0,75.16,2.913,136.5249182,7.982,20-Aug-10,Not Holiday,Non-Holiday,1418699.594
8,2010,3,20,351728.21,0,88.02,2.664,214.9314191,7.346,20-Aug-10,Not Holiday,Non-Holiday,163646.7165
8,2010,40,20,932397,0,67.05,2.796,132.6616129,5.326,20-Aug-10,Not Holiday,Non-Holiday,702838.5828
8,2010,20,20,1975374.56,0,75.34,2.779,204.8217044,7.527,20-Aug-10,Not Holiday,Non-Holiday,964436.1499
8,2010,29,20,531640.19,0,73.21,2.796,132.6616129,10.409,20-Aug-10,Not Holiday,Non-Holiday,400749.0776
8,2010,16,20,521516.96,0,63.59,2.732,190.2948237,6.868,20-Aug-10,Not Holiday,Non-Holiday,274057.3547
8,2010,23,20,1439901.05,0,68.65,2.796,132.6616129,5.326,20-Aug-10,Not Holiday,Non-Holiday,1085393.897
8,2010,25,20,724499.81,0,71.81,2.779,204.8217044,7.527,20-Aug-10,Not Holiday,Non-Holiday,353722.1859
8,2010,1,20,1513080.49,0,86.65,2.664,211.6033633,7.787,20-Aug-10,Not Holiday,Non-Holiday,715055.0286
8,2010,44,20,284740.5,0,76.34,2.85,126.0766452,7.804,20-Aug-10,Not Holiday,Non-Holiday,225847.1421
8,2010,38,20,329139.73,0,92.81,3.041,126.0766452,14.18,20-Aug-10,Not Holiday,Non-Holiday,261063.2044
8,2010,12,20,948447.34,0,92.81,3.041,126.0766452,14.18,20-Aug-10,Not Holiday,Non-Holiday,752278.3768
8,2010,8,20,870676.44,0,79.36,2.664,214.9779825,6.315,20-Aug-10,Not Holiday,Non-Holiday,405007.2616
8,2010,35,20,1033719.5,0,75.16,2.779,136.5249182,8.861,20-Aug-10,Not Holiday,Non-Holiday,757165.4418
8,2010,10,20,1983190.56,0,89.88,3.041,126.0766452,9.199,20-Aug-10,Not Holiday,Non-Holiday,1573003.911
8,2010,34,20,985152.94,0,76.45,2.671,126.0766452,9.816,20-Aug-10,Not Holiday,Non-Holiday,781392.0956
8,2010,41,20,1353838.39,0,66.19,2.732,190.2948237,7.335,20-Aug-10,Not Holiday,Non-Holiday,711442.573
8,2010,42,20,500945.63,0,89.88,3.041,126.0766452,9.199,20-Aug-10,Not Holiday,Non-Holiday,397334.2003
8,2010,28,20,1195897.6,0,92.81,3.041,126.0766452,14.18,20-Aug-10,Not Holiday,Non-Holiday,948548.0821
8,2010,6,20,1539930.5,0,87.36,2.664,213.1291427,6.973,20-Aug-10,Not Holiday,Non-Holiday,722533.9907
8,2010,43,20,712869.09,0,85.26,2.664,203.5092419,9.816,20-Aug-10,Not Holiday,Non-Holiday,350288.3129
8,2010,17,20,783929.7,0,67.04,2.85,126.0766452,6.697,20-Aug-10,Not Holiday,Non-Holiday,621788.1978
8,2010,11,20,1430192.37,0,88.93,2.664,214.9314191,7.346,20-Aug-10,Not Holiday,Non-Holiday,665418.0091
8,2010,37,20,486930.72,0,85.54,2.664,210.3617581,8.36,20-Aug-10,Not Holiday,Non-Holiday,231473.0227
8,2010,26,20,1007385.36,0,62.68,2.796,132.6616129,8.445,20-Aug-10,Not Holiday,Non-Holiday,759364.6255
8,2010,5,20,287205.38,0,87.71,2.664,212.1608984,6.496,20-Aug-10,Not Holiday,Non-Holiday,135371.495
8,2010,36,20,437949.9,0,85.54,2.604,210.3617581,8.36,20-Aug-10,Not Holiday,Non-Holiday,208188.9332
8,2010,22,20,1017045.44,0,73.21,2.796,136.5249182,8.433,20-Aug-10,Not Holiday,Non-Holiday,744952.2427
8,2010,7,20,582353.17,0,59.59,2.732,190.2948237,9.017,20-Aug-10,Not Holiday,Non-Holiday,306026.8055
8,2010,14,20,2057138.31,0,76.01,2.779,182.6165205,8.743,20-Aug-10,Not Holiday,Non-Holiday,1126479.852
8,2010,13,20,1997397.63,0,76.34,2.85,126.0766452,7.951,20-Aug-10,Not Holiday,Non-Holiday,1584272.509
8,2010,32,20,1189887.86,0,71.46,2.732,190.2948237,9.017,20-Aug-10,Not Holiday,Non-Holiday,625286.509
8,2010,33,20,230519.49,0,96.46,3.041,126.0766452,9.495,20-Aug-10,Not Holiday,Non-Holiday,182840.755
8,2010,39,20,1471816.52,0,85.73,2.664,210.3617581,8.36,20-Aug-10,Not Holiday,Non-Holiday,699659.7353
8,2010,24,20,1375307.54,0,72.17,2.913,132.6616129,8.117,20-Aug-10,Not Holiday,Non-Holiday,1036703.467
8,2010,9,20,499325.38,0,86.3,2.664,215.1619646,6.442,20-Aug-10,Not Holiday,Non-Holiday,232069.5393
8,2010,45,20,708568.29,0,76.01,2.779,182.6165205,8.743,20-Aug-10,Not Holiday,Non-Holiday,388008.8658
8,2010,22,27,1081420.96,0,68.99,2.77,136.557015,8.433,27-Aug-10,Not Holiday,Non-Holiday,791919.0091
8,2010,11,27,1311263.07,0,87.7,2.619,214.8897938,7.346,27-Aug-10,Not Holiday,Non-Holiday,610202.5819
8,2010,23,27,1584623.36,0,63.25,2.77,132.6932258,5.326,27-Aug-10,Not Holiday,Non-Holiday,1194200.646
8,2010,1,27,1449142.92,0,85.22,2.619,211.5673056,7.787,27-Aug-10,Not Holiday,Non-Holiday,684955.984
8,2010,6,27,1450766.12,0,85.71,2.619,213.0905324,6.973,27-Aug-10,Not Holiday,Non-Holiday,680821.4817
8,2010,7,27,554309.24,0,57.57,2.731,190.3284922,9.017,27-Aug-10,Not Holiday,Non-Holiday,291238.1817
8,2010,17,27,802583.89,0,65.03,2.854,126.0892903,6.697,27-Aug-10,Not Holiday,Non-Holiday,636520.2692
8,2010,35,27,917693.06,0,70.31,2.755,136.557015,8.861,27-Aug-10,Not Holiday,Non-Holiday,672021.9097
8,2010,12,27,1004516.46,0,93.19,3.129,126.0892903,14.18,27-Aug-10,Not Holiday,Non-Holiday,796670.7225
8,2010,34,27,855421.39,0,72.87,2.621,126.0892903,9.816,27-Aug-10,Not Holiday,Non-Holiday,678425.097
8,2010,18,27,1214302.76,0,67.05,2.77,132.6932258,9.342,27-Aug-10,Not Holiday,Non-Holiday,915120.3859
8,2010,44,27,293155.08,0,75.31,2.854,126.0892903,7.804,27-Aug-10,Not Holiday,Non-Holiday,232498.0015
8,2010,25,27,711461.95,0,67.15,2.755,204.7900305,7.527,27-Aug-10,Not Holiday,Non-Holiday,347410.4419
8,2010,36,27,412050.73,0,84.62,2.562,210.3292106,8.36,27-Aug-10,Not Holiday,Non-Holiday,195907.5151
8,2010,45,27,721744.33,0,71.36,2.755,182.6104063,8.743,27-Aug-10,Not Holiday,Non-Holiday,395237.2401
8,2010,13,27,1908278.27,0,75.31,2.854,126.0892903,7.951,27-Aug-10,Not Holiday,Non-Holiday,1513434.064
8,2010,33,27,224031.19,0,94,3.022,126.0892903,9.495,27-Aug-10,Not Holiday,Non-Holiday,177676.6206
8,2010,40,27,922328.02,0,62.57,2.77,132.6932258,5.326,27-Aug-10,Not Holiday,Non-Holiday,695082.9739
8,2010,24,27,1350059.35,0,67,2.885,132.6932258,8.117,27-Aug-10,Not Holiday,Non-Holiday,1017428.992
8,2010,29,27,545766.13,0,68.99,2.77,132.6932258,10.409,27-Aug-10,Not Holiday,Non-Holiday,411299.1652
8,2010,41,27,1173131.63,0,70.59,2.731,190.3284922,7.335,27-Aug-10,Not Holiday,Non-Holiday,616372.0505
8,2010,43,27,655284.69,0,80.32,2.619,203.4799839,9.816,27-Aug-10,Not Holiday,Non-Holiday,322038.8942
8,2010,28,27,1191585.92,0,93.19,3.129,126.0892903,14.18,27-Aug-10,Not Holiday,Non-Holiday,945033.4102
8,2010,38,27,322868.56,0,93.19,3.129,126.0892903,14.18,27-Aug-10,Not Holiday,Non-Holiday,256063.4287
8,2010,20,27,1946369.57,0,70.51,2.755,204.7900305,7.527,27-Aug-10,Not Holiday,Non-Holiday,950422.0324
8,2010,16,27,581010.52,0,65.66,2.731,190.3284922,6.868,27-Aug-10,Not Holiday,Non-Holiday,305267.2321
8,2010,37,27,512157.25,0,84.62,2.619,210.3292106,8.36,27-Aug-10,Not Holiday,Non-Holiday,243502.673
8,2010,14,27,2020332.07,0,71.36,2.755,182.6104063,8.743,27-Aug-10,Not Holiday,Non-Holiday,1106361.96
8,2010,4,27,1848403.92,0,74.44,2.621,126.0892903,7.372,27-Aug-10,Not Holiday,Non-Holiday,1465948.389
8,2010,3,27,362134.09,0,86.15,2.619,214.8897938,7.346,27-Aug-10,Not Holiday,Non-Holiday,168520.8421
8,2010,8,27,888816.78,0,74.92,2.619,214.9362793,6.315,27-Aug-10,Not Holiday,Non-Holiday,413525.7123
8,2010,32,27,1140501.03,0,74.95,2.731,190.3284922,9.017,27-Aug-10,Not Holiday,Non-Holiday,599227.6915
8,2010,5,27,288519.75,0,87.05,2.619,212.123908,6.496,27-Aug-10,Not Holiday,Non-Holiday,136014.7249
8,2010,42,27,465993.51,0,84.99,3.022,126.0892903,9.199,27-Aug-10,Not Holiday,Non-Holiday,369574.2191
8,2010,9,27,506789.66,0,84.01,2.619,215.1199536,6.442,27-Aug-10,Not Holiday,Non-Holiday,235584.6826
8,2010,39,27,1417515.93,0,84.31,2.619,210.3292106,8.36,27-Aug-10,Not Holiday,Non-Holiday,673951.0532
8,2010,26,27,977322.52,0,57.23,2.77,132.6932258,8.445,27-Aug-10,Not Holiday,Non-Holiday,736527.8175
8,2010,10,27,1727565.42,0,84.99,3.022,126.0892903,9.199,27-Aug-10,Not Holiday,Non-Holiday,1370112.732
8,2010,27,27,1870684.21,0,70.31,2.885,136.557015,7.982,27-Aug-10,Not Holiday,Non-Holiday,1369892.429
6,2010,33,4,285100,0,86.06,2.941,126.1360645,9.849,4-Jun-10,Not Holiday,Non-Holiday,226025.7613
6,2010,36,4,471088.88,0,79.93,2.664,209.9398091,8.464,4-Jun-10,Not Holiday,Non-Holiday,224392.3542
6,2010,12,4,1049357.36,0,81.39,2.941,126.1360645,14.099,4-Jun-10,Not Holiday,Non-Holiday,831924.925
6,2010,13,4,2022705.22,0,59.85,2.871,126.1360645,8.107,4-Jun-10,Not Holiday,Non-Holiday,1603589.923
6,2010,30,4,458343.7,0,82.68,2.705,210.833616,8.2,4-Jun-10,Not Holiday,Non-Holiday,217395.9299
6,2010,14,4,2363601.47,0,75.93,2.847,182.2389876,8.899,4-Jun-10,Not Holiday,Non-Holiday,1296979.039
6,2010,39,4,1512207.95,0,79.83,2.705,209.9398091,8.464,4-Jun-10,Not Holiday,Non-Holiday,720305.4802
6,2010,11,4,1396322.19,0,79.66,2.705,214.4958382,7.343,4-Jun-10,Not Holiday,Non-Holiday,650978.6864
6,2010,40,4,1052429.03,0,65.7,2.857,132.3648387,5.435,4-Jun-10,Not Holiday,Non-Holiday,795097.1273
6,2010,31,4,1427624.5,0,82.68,2.705,210.833616,8.2,4-Jun-10,Not Holiday,Non-Holiday,677133.2424
6,2010,38,4,376184.88,0,81.39,2.941,126.1360645,14.099,4-Jun-10,Not Holiday,Non-Holiday,298237.3689
6,2010,16,4,516295.81,0,53.76,2.7,189.422658,6.842,4-Jun-10,Not Holiday,Non-Holiday,272562.8578
6,2010,8,4,958225.41,0,75.71,2.705,214.5422806,6.29,4-Jun-10,Not Holiday,Non-Holiday,446637.0952
6,2010,15,4,693192.5,0,69.99,3.006,132.3648387,8.185,4-Jun-10,Not Holiday,Non-Holiday,523698.3679
6,2010,9,4,586061.46,0,79.65,2.705,214.7257848,6.384,4-Jun-10,Not Holiday,Non-Holiday,272934.832
6,2010,35,4,1282378.71,0,74.29,2.847,136.2181682,9.051,4-Jun-10,Not Holiday,Non-Holiday,941415.3244
6,2010,7,4,509183.22,0,53.63,2.7,189.422658,8.963,4-Jun-10,Not Holiday,Non-Holiday,268807.9797
6,2010,17,4,876902.87,0,53.79,2.871,126.1360645,6.635,4-Jun-10,Not Holiday,Non-Holiday,695203.924
6,2010,32,4,1149234.96,0,66.69,2.7,189.422658,8.963,4-Jun-10,Not Holiday,Non-Holiday,606704.0618
6,2010,37,4,479195.02,0,79.93,2.705,209.9398091,8.464,4-Jun-10,Not Holiday,Non-Holiday,228253.5275
6,2010,10,4,1931406.28,0,82.82,2.941,126.1360645,9.524,4-Jun-10,Not Holiday,Non-Holiday,1531208.61
6,2010,34,4,966187.51,0,72.17,2.701,126.1360645,9.593,4-Jun-10,Not Holiday,Non-Holiday,765988.311
6,2010,29,4,588017.66,0,69.49,2.857,132.3648387,10.16,4-Jun-10,Not Holiday,Non-Holiday,444240.076
6,2010,26,4,1003202.66,0,58.46,2.857,132.3648387,8.512,4-Jun-10,Not Holiday,Non-Holiday,757907.213
6,2010,22,4,1095539.13,0,69.49,2.857,136.2181682,8.348,4-Jun-10,Not Holiday,Non-Holiday,804253.3125
6,2010,43,4,682012.53,0,82.76,2.705,203.1222028,9.593,4-Jun-10,Not Holiday,Non-Holiday,335764.6385
6,2010,4,4,1903290.58,0,70.83,2.701,126.1360645,7.896,4-Jun-10,Not Holiday,Non-Holiday,1508918.633
6,2010,42,4,556046.12,0,82.82,2.941,126.1360645,9.524,4-Jun-10,Not Holiday,Non-Holiday,440830.4018
6,2010,5,4,337825.89,0,79.54,2.705,211.7325146,6.465,4-Jun-10,Not Holiday,Non-Holiday,159553.1469
6,2010,19,4,1519013.49,0,68.88,3.006,132.3648387,8.185,4-Jun-10,Not Holiday,Non-Holiday,1147595.921
6,2010,21,4,806012.48,0,82.68,2.705,210.833616,8.2,4-Jun-10,Not Holiday,Non-Holiday,382297.8969
6,2010,23,4,1514435.51,0,64.94,2.857,132.3648387,5.435,4-Jun-10,Not Holiday,Non-Holiday,1144137.314
6,2010,3,4,396968.8,0,78.53,2.705,214.4958382,7.343,4-Jun-10,Not Holiday,Non-Holiday,185070.6304
6,2010,44,4,282351.82,0,59.85,2.871,126.1360645,7.972,4-Jun-10,Not Holiday,Non-Holiday,223847.0188
6,2010,18,4,1271311.76,0,70.28,2.857,132.3648387,9.269,4-Jun-10,Not Holiday,Non-Holiday,960460.325
6,2010,28,4,1543678.02,0,81.39,2.941,126.1360645,14.099,4-Jun-10,Not Holiday,Non-Holiday,1223819.711
6,2010,25,4,764155.44,0,69.22,2.847,204.4042877,7.856,4-Jun-10,Not Holiday,Non-Holiday,373845.1128
6,2010,45,4,837548.62,0,75.93,2.847,182.2389876,8.899,4-Jun-10,Not Holiday,Non-Holiday,459588.0558
6,2010,41,4,1305068.1,0,60.13,2.7,189.422658,7.363,4-Jun-10,Not Holiday,Non-Holiday,688971.4851
6,2010,6,4,1857380.09,0,79.44,2.705,212.6982436,7.092,4-Jun-10,Not Holiday,Non-Holiday,873246.5575
6,2010,27,4,2073102.59,0,74.29,3.006,136.2181682,8.058,4-Jun-10,Not Holiday,Non-Holiday,1521898.743
6,2010,2,4,2102539.93,0,81.81,2.705,210.833616,8.2,4-Jun-10,Not Holiday,Non-Holiday,997250.8037
6,2010,20,4,2203619.35,0,72.52,2.847,204.4042877,7.856,4-Jun-10,Not Holiday,Non-Holiday,1078069.044
6,2010,24,4,1566668.91,0,71.99,3.006,132.3648387,8.211,4-Jun-10,Not Holiday,Non-Holiday,1183599.002
6,2010,1,4,1615524.71,0,80.69,2.705,211.1764278,7.808,4-Jun-10,Not Holiday,Non-Holiday,765011.8561
6,2010,25,11,737163.2,0,63.68,2.809,204.6679198,7.856,11-Jun-10,Not Holiday,Non-Holiday,360175.254
6,2010,11,11,1339570.85,0,82.81,2.668,214.787913,7.343,11-Jun-10,Not Holiday,Non-Holiday,623671.4307
6,2010,8,11,914835.86,0,82.21,2.668,214.834529,6.29,11-Jun-10,Not Holiday,Non-Holiday,425832.7859
6,2010,32,11,1192074.09,0,70.86,2.684,189.4000734,8.963,11-Jun-10,Not Holiday,Non-Holiday,629394.735
6,2010,22,11,1061196.47,0,65.01,2.83,136.2874263,8.348,11-Jun-10,Not Holiday,Non-Holiday,778645.9095
6,2010,9,11,522715.68,0,83.75,2.668,215.0187191,6.384,11-Jun-10,Not Holiday,Non-Holiday,243102.4062
6,2010,41,11,1217199.39,0,63.36,2.684,189.4000734,7.363,11-Jun-10,Not Holiday,Non-Holiday,642660.4637
6,2010,26,11,1073862.59,0,51.62,2.83,132.4357419,8.512,11-Jun-10,Not Holiday,Non-Holiday,810855.5701
6,2010,21,11,784305.55,0,83.51,2.668,211.1120018,8.2,11-Jun-10,Not Holiday,Non-Holiday,371511.5878
6,2010,40,11,1007574.67,0,59.42,2.83,132.4357419,5.435,11-Jun-10,Not Holiday,Non-Holiday,760802.6772
6,2010,42,11,607218.6,0,89.67,3.057,126.1119032,9.524,11-Jun-10,Not Holiday,Non-Holiday,481491.9009
6,2010,15,11,619337.29,0,61.04,2.972,132.4357419,8.185,11-Jun-10,Not Holiday,Non-Holiday,467651.1651
6,2010,39,11,1371405.33,0,81.78,2.668,210.2135668,8.464,11-Jun-10,Not Holiday,Non-Holiday,652386.6898
6,2010,33,11,310800.79,0,93.52,3.057,126.1119032,9.849,11-Jun-10,Not Holiday,Non-Holiday,246448.4177
6,2010,13,11,2037880.96,0,65.24,2.841,126.1119032,8.107,11-Jun-10,Not Holiday,Non-Holiday,1615930.7
6,2010,7,11,498580.87,0,63.59,2.684,189.4000734,8.963,11-Jun-10,Not Holiday,Non-Holiday,263242.1736
6,2010,2,11,2025538.76,0,83.4,2.668,211.1120018,8.2,11-Jun-10,Not Holiday,Non-Holiday,959461.6804
6,2010,6,11,1685652.35,0,81.81,2.668,212.9835992,7.092,11-Jun-10,Not Holiday,Non-Holiday,791447.0205
6,2010,45,11,794698.77,0,69.71,2.809,182.4315571,8.899,11-Jun-10,Not Holiday,Non-Holiday,435614.7492
6,2010,5,11,296641.91,0,80.7,2.668,212.0142605,6.465,11-Jun-10,Not Holiday,Non-Holiday,139916.0176
6,2010,34,11,954681.56,0,80.84,2.668,126.1119032,9.593,11-Jun-10,Not Holiday,Non-Holiday,757011.4603
6,2010,18,11,1173521.82,0,64.08,2.83,132.4357419,9.269,11-Jun-10,Not Holiday,Non-Holiday,886106.5775
6,2010,44,11,296818.2,0,65.24,2.841,126.1119032,7.972,11-Jun-10,Not Holiday,Non-Holiday,235360.9711
6,2010,31,11,1377092.33,0,83.51,2.668,211.1120018,8.2,11-Jun-10,Not Holiday,Non-Holiday,652304.1411
6,2010,1,11,1542561.09,0,80.43,2.668,211.4560951,7.808,11-Jun-10,Not Holiday,Non-Holiday,729494.7394
6,2010,3,11,355017.09,0,82.1,2.668,214.787913,7.343,11-Jun-10,Not Holiday,Non-Holiday,165287.2757
6,2010,16,11,535587.31,0,62.63,2.684,189.4000734,6.842,11-Jun-10,Not Holiday,Non-Holiday,282780.9411
6,2010,12,11,1016039.71,0,90.84,2.949,126.1119032,14.099,11-Jun-10,Not Holiday,Non-Holiday,805665.1943
6,2010,24,11,1375458.21,0,64.84,2.972,132.4357419,8.211,11-Jun-10,Not Holiday,Non-Holiday,1038585.347
6,2010,14,11,2249570.04,0,69.71,2.809,182.4315571,8.899,11-Jun-10,Not Holiday,Non-Holiday,1233103.568
6,2010,10,11,1827521.71,0,89.67,3.057,126.1119032,9.524,11-Jun-10,Not Holiday,Non-Holiday,1449127.056
6,2010,38,11,354828.65,0,90.84,2.949,126.1119032,14.099,11-Jun-10,Not Holiday,Non-Holiday,281360.1579
6,2010,36,11,467711.18,0,82.3,2.615,210.2135668,8.464,11-Jun-10,Not Holiday,Non-Holiday,222493.3372
6,2010,23,11,1439432.06,0,58.35,2.83,132.4357419,5.435,11-Jun-10,Not Holiday,Non-Holiday,1086890.925
6,2010,35,11,1160412.71,0,68.9,2.809,136.2874263,9.051,11-Jun-10,Not Holiday,Non-Holiday,851445.1711
6,2010,27,11,1873812.93,0,68.9,2.972,136.2874263,8.058,11-Jun-10,Not Holiday,Non-Holiday,1374897.876
6,2010,19,11,1410683.94,0,61.64,2.972,132.4357419,8.185,11-Jun-10,Not Holiday,Non-Holiday,1065183.703
6,2010,37,11,481915.11,0,82.3,2.668,210.2135668,8.464,11-Jun-10,Not Holiday,Non-Holiday,229250.2417
6,2010,30,11,445530.16,0,83.51,2.668,211.1120018,8.2,11-Jun-10,Not Holiday,Non-Holiday,211039.7117
6,2010,4,11,1870619.23,0,78.45,2.668,126.1119032,7.896,11-Jun-10,Not Holiday,Non-Holiday,1483301.086
6,2010,28,11,1348995.17,0,90.84,2.949,126.1119032,14.099,11-Jun-10,Not Holiday,Non-Holiday,1069681.081
6,2010,43,11,684023.95,0,88.12,2.668,203.3727673,9.593,11-Jun-10,Not Holiday,Non-Holiday,336339.9924
6,2010,17,11,845252.21,0,57.14,2.841,126.1119032,6.635,11-Jun-10,Not Holiday,Non-Holiday,670239.8335
6,2010,20,11,2100489.79,0,67.32,2.809,204.6679198,7.856,11-Jun-10,Not Holiday,Non-Holiday,1026291.659
6,2010,29,11,540716.58,0,65.01,2.83,132.4357419,10.16,11-Jun-10,Not Holiday,Non-Holiday,408285.9901
6,2010,45,18,815130.5,0,72.62,2.78,182.4424199,8.899,18-Jun-10,Not Holiday,Non-Holiday,446787.8142
6,2010,33,18,272399.08,0,87.69,2.935,126.114,9.849,18-Jun-10,Not Holiday,Non-Holiday,215994.3226
6,2010,2,18,2001636.96,0,85.81,2.637,211.1096543,8.2,18-Jun-10,Not Holiday,Non-Holiday,948150.366
6,2010,3,18,364076.85,0,83.52,2.637,214.7858259,7.343,18-Jun-10,Not Holiday,Non-Holiday,169506.9255
6,2010,36,18,485694.72,0,84.37,2.572,210.2108417,8.464,18-Jun-10,Not Holiday,Non-Holiday,231051.2227
6,2010,17,18,877996.27,0,54.94,2.819,126.114,6.635,18-Jun-10,Not Holiday,Non-Holiday,696192.548
6,2010,7,18,481144.09,0,52.7,2.674,189.4185259,8.963,18-Jun-10,Not Holiday,Non-Holiday,254011.1046
6,2010,21,18,785104.29,0,86.18,2.637,211.1096543,8.2,18-Jun-10,Not Holiday,Non-Holiday,371894.0721
6,2010,37,18,505761.62,0,84.37,2.637,210.2108417,8.464,18-Jun-10,Not Holiday,Non-Holiday,240597.305
6,2010,22,18,1052895.25,0,67.13,2.805,136.3243393,8.348,18-Jun-10,Not Holiday,Non-Holiday,772345.7567
6,2010,44,18,293481.36,0,58.41,2.819,126.114,7.972,18-Jun-10,Not Holiday,Non-Holiday,232711.1661
6,2010,32,18,1150191.72,0,60.94,2.674,189.4185259,8.963,18-Jun-10,Not Holiday,Non-Holiday,607222.4005
6,2010,5,18,313795.6,0,83.91,2.637,212.0119769,6.465,18-Jun-10,Not Holiday,Non-Holiday,148008.4307
6,2010,39,18,1368312.45,0,83.96,2.637,210.2108417,8.464,18-Jun-10,Not Holiday,Non-Holiday,650923.8244
6,2010,18,18,1183225.92,0,65.96,2.805,132.4733333,9.269,18-Jun-10,Not Holiday,Non-Holiday,893180.4542
6,2010,27,18,1887182.27,0,70,2.942,136.3243393,8.058,18-Jun-10,Not Holiday,Non-Holiday,1384332.6
6,2010,12,18,956211.2,0,81.06,3.043,126.114,14.099,18-Jun-10,Not Holiday,Non-Holiday,758211.7766
6,2010,29,18,558731.74,0,67.13,2.805,132.4733333,10.16,18-Jun-10,Not Holiday,Non-Holiday,421769.2166
6,2010,20,18,2091903.63,0,72.62,2.78,204.670036,7.856,18-Jun-10,Not Holiday,Non-Holiday,1022085.925
6,2010,1,18,1503284.06,0,84.11,2.637,211.4537719,7.808,18-Jun-10,Not Holiday,Non-Holiday,710927.9946
6,2010,31,18,1368090.08,0,86.18,2.637,211.1096543,8.2,18-Jun-10,Not Holiday,Non-Holiday,648047.1414
6,2010,14,18,2248645.59,0,72.62,2.78,182.4424199,8.899,18-Jun-10,Not Holiday,Non-Holiday,1232523.44
6,2010,16,18,540149.85,0,52.4,2.674,189.4185259,6.842,18-Jun-10,Not Holiday,Non-Holiday,285162.102
6,2010,38,18,335691.85,0,81.06,3.043,126.114,14.099,18-Jun-10,Not Holiday,Non-Holiday,266181.2725
6,2010,23,18,1507708.93,0,60.29,2.805,132.4733333,5.435,18-Jun-10,Not Holiday,Non-Holiday,1138122.588
6,2010,35,18,1198025.76,0,70,2.78,136.3243393,9.051,18-Jun-10,Not Holiday,Non-Holiday,878805.4768
6,2010,4,18,1929736.35,0,81.53,2.635,126.114,7.896,18-Jun-10,Not Holiday,Non-Holiday,1530152.362
6,2010,19,18,1457314.39,0,66.25,2.942,132.4733333,8.185,18-Jun-10,Not Holiday,Non-Holiday,1100081.317
6,2010,11,18,1336522.92,0,84.13,2.637,214.7858259,7.343,18-Jun-10,Not Holiday,Non-Holiday,622258.4355
6,2010,8,18,869922.56,0,78.79,2.637,214.8324452,6.29,18-Jun-10,Not Holiday,Non-Holiday,404930.7167
6,2010,24,18,1354168.18,0,67.17,2.942,132.4733333,8.211,18-Jun-10,Not Holiday,Non-Holiday,1022219.451
6,2010,43,18,700009.77,0,84.9,2.637,203.370619,9.593,18-Jun-10,Not Holiday,Non-Holiday,344203.9826
6,2010,10,18,1837636.24,0,83.49,2.935,126.114,9.524,18-Jun-10,Not Holiday,Non-Holiday,1457123.111
6,2010,42,18,529418.64,0,83.49,2.935,126.114,9.524,18-Jun-10,Not Holiday,Non-Holiday,419793.7105
6,2010,40,18,973105.3,0,60.97,2.805,132.4733333,5.435,18-Jun-10,Not Holiday,Non-Holiday,734566.9319
6,2010,13,18,2003435.31,0,58.41,2.819,126.114,8.107,18-Jun-10,Not Holiday,Non-Holiday,1588590.727
6,2010,25,18,780444.94,0,69.56,2.78,204.670036,7.856,18-Jun-10,Not Holiday,Non-Holiday,381318.6118
6,2010,9,18,513073.87,0,82.99,2.637,215.0166484,6.384,18-Jun-10,Not Holiday,Non-Holiday,238620.5319
6,2010,15,18,652329.53,0,65.83,2.942,132.4733333,8.185,18-Jun-10,Not Holiday,Non-Holiday,492423.2778
6,2010,28,18,1267619.06,0,81.06,3.043,126.114,14.099,18-Jun-10,Not Holiday,Non-Holiday,1005137.463
6,2010,26,18,1001286.67,0,53.62,2.805,132.4733333,8.512,18-Jun-10,Not Holiday,Non-Holiday,755840.1718
6,2010,6,18,1677248.24,0,83.89,2.637,212.9813843,7.092,18-Jun-10,Not Holiday,Non-Holiday,787509.3147
6,2010,41,18,1202963.06,0,54.9,2.674,189.4185259,7.363,18-Jun-10,Not Holiday,Non-Holiday,635082.0514
6,2010,34,18,941612.04,0,73.48,2.635,126.114,9.593,18-Jun-10,Not Holiday,Non-Holiday,746635.6154
6,2010,30,18,447727.52,0,86.18,2.637,211.1096543,8.2,18-Jun-10,Not Holiday,Non-Holiday,212082.9204
6,2010,19,25,1450407.32,0,72.3,2.958,132.4976,8.185,25-Jun-10,Not Holiday,Non-Holiday,1094666.862
6,2010,26,25,976242.09,0,63.78,2.81,132.4976,8.512,25-Jun-10,Not Holiday,Non-Holiday,736799.8288
6,2010,44,25,288247.24,0,71.83,2.82,126.1266,7.972,25-Jun-10,Not Holiday,Non-Holiday,228538.0245
6,2010,27,25,1962625.01,0,78.02,2.958,136.3483143,8.058,25-Jun-10,Not Holiday,Non-Holiday,1439420.076
6,2010,20,25,1973135.87,0,75.17,2.808,204.5675459,7.856,25-Jun-10,Not Holiday,Non-Holiday,964540.0307
6,2010,31,25,1303523.73,0,87.01,2.653,210.9950134,8.2,25-Jun-10,Not Holiday,Non-Holiday,617798.3588
6,2010,16,25,546554.96,0,62.37,2.715,189.4533931,6.842,25-Jun-10,Not Holiday,Non-Holiday,288490.4572
6,2010,38,25,322046.76,0,87.27,3.084,126.1266,14.099,25-Jun-10,Not Holiday,Non-Holiday,255336.1147
6,2010,4,25,1846651.95,0,81.1,2.654,126.1266,7.896,25-Jun-10,Not Holiday,Non-Holiday,1464125.688
6,2010,8,25,814919.11,0,81.78,2.653,214.7126286,6.29,25-Jun-10,Not Holiday,Non-Holiday,379539.4408
6,2010,43,25,625196.14,0,88.48,2.653,203.2673857,9.593,25-Jun-10,Not Holiday,Non-Holiday,307573.2675
6,2010,42,25,484327.56,0,90.32,3.084,126.1266,9.524,25-Jun-10,Not Holiday,Non-Holiday,384001.1227
6,2010,5,25,295257.3,0,83.72,2.653,211.8960815,6.465,25-Jun-10,Not Holiday,Non-Holiday,139340.6135
6,2010,9,25,509263.28,0,85.02,2.653,214.8965756,6.384,25-Jun-10,Not Holiday,Non-Holiday,236980.6399
6,2010,15,25,672194.03,0,72.79,2.958,132.4976,8.185,25-Jun-10,Not Holiday,Non-Holiday,507325.4383
6,2010,39,25,1280414.8,0,83.24,2.653,210.0975233,8.464,25-Jun-10,Not Holiday,Non-Holiday,609438.3122
6,2010,21,25,769848.75,0,87.01,2.653,210.9950134,8.2,25-Jun-10,Not Holiday,Non-Holiday,364865.8504
6,2010,32,25,1124763.74,0,72.42,2.715,189.4533931,8.963,25-Jun-10,Not Holiday,Non-Holiday,593688.8865
6,2010,37,25,485419.39,0,84.14,2.653,210.0975233,8.464,25-Jun-10,Not Holiday,Non-Holiday,231044.794
6,2010,3,25,357346.48,0,83.79,2.653,214.6660741,7.343,25-Jun-10,Not Holiday,Non-Holiday,166466.2111
6,2010,30,25,453210.24,0,87.01,2.653,210.9950134,8.2,25-Jun-10,Not Holiday,Non-Holiday,214796.6593
6,2010,28,25,1231025.07,0,87.27,3.084,126.1266,14.099,25-Jun-10,Not Holiday,Non-Holiday,976023.3527
6,2010,10,25,1768172.31,0,90.32,3.084,126.1266,9.524,25-Jun-10,Not Holiday,Non-Holiday,1401902.779
6,2010,40,25,940405.03,0,69.72,2.81,132.4976,5.435,25-Jun-10,Not Holiday,Non-Holiday,709752.5012
6,2010,35,25,1230245.74,0,78.02,2.808,136.3483143,9.051,25-Jun-10,Not Holiday,Non-Holiday,902281.5913
6,2010,7,25,553714.87,0,59.94,2.715,189.4533931,8.963,25-Jun-10,Not Holiday,Non-Holiday,292269.7034
6,2010,2,25,1939927.09,0,86.26,2.653,210.9950134,8.2,25-Jun-10,Not Holiday,Non-Holiday,919418.4539
6,2010,22,25,1095020.33,0,74.37,2.81,136.3483143,8.348,25-Jun-10,Not Holiday,Non-Holiday,803105.147
6,2010,36,25,434879.87,0,84.14,2.601,210.0975233,8.464,25-Jun-10,Not Holiday,Non-Holiday,206989.5271
6,2010,41,25,1174209.52,0,66,2.715,189.4533931,7.363,25-Jun-10,Not Holiday,Non-Holiday,619788.0654
6,2010,1,25,1422711.6,0,84.34,2.653,211.3386526,7.808,25-Jun-10,Not Holiday,Non-Holiday,673190.4375
6,2010,6,25,1640681.88,0,84.2,2.653,212.8641412,7.092,25-Jun-10,Not Holiday,Non-Holiday,770764.8037
6,2010,11,25,1262025.08,0,84.5,2.653,214.6660741,7.343,25-Jun-10,Not Holiday,Non-Holiday,587901.5048
6,2010,34,25,895800.07,0,78.47,2.654,126.1266,9.593,25-Jun-10,Not Holiday,Non-Holiday,710238.8156
6,2010,17,25,893995.44,0,62.64,2.82,126.1266,6.635,25-Jun-10,Not Holiday,Non-Holiday,708808.0072
6,2010,25,25,737569.14,0,72.17,2.808,204.5675459,7.856,25-Jun-10,Not Holiday,Non-Holiday,360550.4171
6,2010,29,25,585548.79,0,74.37,2.81,132.4976,10.16,25-Jun-10,Not Holiday,Non-Holiday,441931.6199
6,2010,33,25,259419.91,0,93.66,3.084,126.1266,9.849,25-Jun-10,Not Holiday,Non-Holiday,205682.1559
6,2010,23,25,1415204.88,0,69.83,2.81,132.4976,5.435,25-Jun-10,Not Holiday,Non-Holiday,1068098.501
6,2010,12,25,958007.69,0,87.27,3.084,126.1266,14.099,25-Jun-10,Not Holiday,Non-Holiday,759560.3862
6,2010,45,25,792299.15,0,79.32,2.808,182.3806,8.899,25-Jun-10,Not Holiday,Non-Holiday,434420.7388
6,2010,13,25,1970340.25,0,71.83,2.82,126.1266,8.107,25-Jun-10,Not Holiday,Non-Holiday,1562192.472
6,2010,18,25,1220983.17,0,74.04,2.81,132.4976,9.269,25-Jun-10,Not Holiday,Non-Holiday,921513.4236
6,2010,14,25,2246179.91,0,79.32,2.808,182.3806,8.899,25-Jun-10,Not Holiday,Non-Holiday,1231589.275
6,2010,24,25,1399073.75,0,74.9,2.958,132.4976,8.211,25-Jun-10,Not Holiday,Non-Holiday,1055923.843
5,2010,10,7,1921432.16,0,71.06,3.127,126.2898,9.524,7-May-10,Not Holiday,Non-Holiday,1521446.831
5,2010,3,7,399323.86,0,73.47,2.835,213.6211778,7.343,7-May-10,Not Holiday,Non-Holiday,186930.839
5,2010,33,7,326870.13,0,75.4,3.127,126.2898,9.849,7-May-10,Not Holiday,Non-Holiday,258825.4396
5,2010,17,7,843848.65,0,40.26,2.948,126.2898,6.635,7-May-10,Not Holiday,Non-Holiday,668184.3268
5,2010,19,7,1566219.77,0,62.54,3.095,132.1062,8.185,7-May-10,Not Holiday,Non-Holiday,1185576.279
5,2010,7,7,395453.83,0,40.07,2.771,189.5312483,8.963,7-May-10,Not Holiday,Non-Holiday,208648.3541
5,2010,29,7,568497.35,0,63.81,2.981,132.1062,10.16,7-May-10,Not Holiday,Non-Holiday,430333.5877
5,2010,6,7,1619920.04,0,73.68,2.835,211.8442706,7.092,7-May-10,Not Holiday,Non-Holiday,764674.9357
5,2010,23,7,1365552.28,0,61.04,2.981,132.1062,5.435,7-May-10,Not Holiday,Non-Holiday,1033677.662
5,2010,14,7,2370116.52,0,70.75,2.966,181.6468154,8.899,7-May-10,Not Holiday,Non-Holiday,1304793.874
5,2010,26,7,1074479.73,0,54.72,2.981,132.1062,8.512,7-May-10,Not Holiday,Non-Holiday,813345.4221
5,2010,25,7,724468.97,0,63.67,2.966,203.6101784,7.856,7-May-10,Not Holiday,Non-Holiday,355811.7653
5,2010,22,7,1052973.28,0,63.81,2.981,135.962,8.348,7-May-10,Not Holiday,Non-Holiday,774461.4525
5,2010,12,7,1043240.27,0,70.15,3.127,126.2898,14.099,7-May-10,Not Holiday,Non-Holiday,826068.5107
5,2010,28,7,1532893.22,0,70.15,3.127,126.2898,14.099,7-May-10,Not Holiday,Non-Holiday,1213790.203
5,2010,40,7,1009797.06,0,60.05,2.981,132.1062,5.435,7-May-10,Not Holiday,Non-Holiday,764382.792
5,2010,37,7,543234.77,0,75.56,2.835,209.1215867,8.464,7-May-10,Not Holiday,Non-Holiday,259769.8203
5,2010,1,7,1603955.12,0,72.55,2.835,210.3399684,7.808,7-May-10,Not Holiday,Non-Holiday,762553.6564
5,2010,21,7,744969.42,0,70.87,2.835,210.0011018,8.2,7-May-10,Not Holiday,Non-Holiday,354745.4816
5,2010,41,7,1175738.22,0,41.5,2.771,189.5312483,7.363,7-May-10,Not Holiday,Non-Holiday,620340.0392
5,2010,44,7,285379.86,0,44.42,2.948,126.2898,7.972,7-May-10,Not Holiday,Non-Holiday,225972.2163
5,2010,18,7,1222255.47,0,65.64,2.981,132.1062,9.269,7-May-10,Not Holiday,Non-Holiday,925206.7428
5,2010,35,7,1182099.88,0,69.02,2.966,135.962,9.051,7-May-10,Not Holiday,Non-Holiday,869434.0183
5,2010,32,7,1133657.58,0,48.94,2.771,189.5312483,8.963,7-May-10,Not Holiday,Non-Holiday,598137.5579
5,2010,30,7,457883.94,0,70.87,2.835,210.0011018,8.2,7-May-10,Not Holiday,Non-Holiday,218038.8275
5,2010,31,7,1381796.8,0,70.87,2.835,210.0011018,8.2,7-May-10,Not Holiday,Non-Holiday,657995.0239
5,2010,38,7,383657.44,0,70.15,3.127,126.2898,14.099,7-May-10,Not Holiday,Non-Holiday,303791.3117
5,2010,5,7,333522.6,0,71.53,2.835,210.8896556,6.465,7-May-10,Not Holiday,Non-Holiday,158150.2891
5,2010,16,7,403217.22,0,37.43,2.771,189.5312483,6.842,7-May-10,Not Holiday,Non-Holiday,212744.4543
5,2010,36,7,489372.02,0,75.56,2.786,209.1215867,8.464,7-May-10,Not Holiday,Non-Holiday,234013.1537
5,2010,34,7,953495.48,0,57.39,2.836,126.2898,9.593,7-May-10,Not Holiday,Non-Holiday,755005.9308
5,2010,27,7,1939458.84,0,69.02,3.095,135.962,8.058,7-May-10,Not Holiday,Non-Holiday,1426471.249
5,2010,13,7,2005478.46,0,44.42,2.948,126.2898,8.107,7-May-10,Not Holiday,Non-Holiday,1587997.178
5,2010,24,7,1409705.03,0,66.65,3.095,132.1062,8.211,7-May-10,Not Holiday,Non-Holiday,1067099.826
5,2010,15,7,661348.88,0,63.16,3.095,132.1062,8.185,7-May-10,Not Holiday,Non-Holiday,500619.108
5,2010,11,7,1312329.78,0,75.57,2.835,213.6211778,7.343,7-May-10,Not Holiday,Non-Holiday,614325.6926
5,2010,8,7,916820.96,0,62.68,2.835,213.6670857,6.29,7-May-10,Not Holiday,Non-Holiday,429088.5313
5,2010,45,7,812190.76,0,70.75,2.966,181.6468154,8.899,7-May-10,Not Holiday,Non-Holiday,447126.3414
5,2010,20,7,2137202.38,0,66.74,2.966,203.6101784,7.856,7-May-10,Not Holiday,Non-Holiday,1049653.999
5,2010,42,7,582846.22,0,71.06,3.127,126.2898,9.524,7-May-10,Not Holiday,Non-Holiday,461514.8809
5,2010,4,7,2000626.14,0,56.77,2.836,126.2898,7.896,7-May-10,Not Holiday,Non-Holiday,1584154.967
5,2010,9,7,526128.61,0,68.58,2.835,213.848478,6.384,7-May-10,Not Holiday,Non-Holiday,246028.6905
5,2010,43,7,691498.6,0,67.16,2.835,202.3792571,9.593,7-May-10,Not Holiday,Non-Holiday,341684.5234
5,2010,39,7,1355704.21,0,74.86,2.835,209.1215867,8.464,7-May-10,Not Holiday,Non-Holiday,648285.1586
5,2010,2,7,2042581.71,0,71.28,2.835,210.0011018,8.2,7-May-10,Not Holiday,Non-Holiday,972652.854
5,2010,29,14,518940.88,0,50.99,2.983,132.152129,10.16,14-May-10,Not Holiday,Non-Holiday,392684.4644
5,2010,2,14,1880752.36,0,73.31,2.854,209.9984585,8.2,14-May-10,Not Holiday,Non-Holiday,895602.9361
5,2010,7,14,372673.61,0,41.41,2.788,189.4904116,8.963,14-May-10,Not Holiday,Non-Holiday,196671.4869
5,2010,28,14,1245898.73,0,68.44,3.145,126.2085484,14.099,14-May-10,Not Holiday,Non-Holiday,987174.5978
5,2010,16,14,401770.9,0,41.26,2.788,189.4904116,6.842,14-May-10,Not Holiday,Non-Holiday,212027.0343
5,2010,40,14,907262.47,0,45.5,2.983,132.152129,5.435,14-May-10,Not Holiday,Non-Holiday,686528.8338
5,2010,37,14,505196.08,0,77.53,2.854,209.118536,8.464,14-May-10,Not Holiday,Non-Holiday,241583.5964
5,2010,18,14,1092616.49,0,49.9,2.983,132.152129,9.269,14-May-10,Not Holiday,Non-Holiday,826786.8995
5,2010,21,14,723559.88,0,73.08,2.854,209.9984585,8.2,14-May-10,Not Holiday,Non-Holiday,344554.853
5,2010,27,14,1842465.78,0,53.82,3.112,136.010394,8.058,14-May-10,Not Holiday,Non-Holiday,1354650.719
5,2010,11,14,1266796.13,0,77.64,2.854,213.6196139,7.343,14-May-10,Not Holiday,Non-Holiday,593014.8954
5,2010,17,14,813756.09,0,47.28,2.962,126.2085484,6.635,14-May-10,Not Holiday,Non-Holiday,644770.9765
5,2010,38,14,346174.3,0,68.44,3.145,126.2085484,14.099,14-May-10,Not Holiday,Non-Holiday,274287.522
5,2010,23,14,1303055.09,0,45.33,2.983,132.152129,5.435,14-May-10,Not Holiday,Non-Holiday,986026.5588
5,2010,8,14,873337.84,0,61.35,2.854,213.6655355,6.29,14-May-10,Not Holiday,Non-Holiday,408740.6226
5,2010,41,14,1116439.02,0,40.23,2.788,189.4904116,7.363,14-May-10,Not Holiday,Non-Holiday,589179.6902
5,2010,44,14,286515.92,0,50.15,2.962,126.2085484,7.972,14-May-10,Not Holiday,Non-Holiday,227017.8396
5,2010,35,14,1104277.57,0,53.82,2.982,136.010394,9.051,14-May-10,Not Holiday,Non-Holiday,811906.7503
5,2010,9,14,492792.8,0,70.53,2.854,213.8469819,6.384,14-May-10,Not Holiday,Non-Holiday,230441.7839
5,2010,43,14,690851.59,0,72.14,2.854,202.3705092,9.593,14-May-10,Not Holiday,Non-Holiday,341379.5779
5,2010,32,14,1079314.52,0,46.42,2.788,189.4904116,8.963,14-May-10,Not Holiday,Non-Holiday,569587.9337
5,2010,15,14,594385.2,0,47.13,3.112,132.152129,8.185,14-May-10,Not Holiday,Non-Holiday,449773.4577
5,2010,5,14,296673.77,0,74.79,2.854,210.8872772,6.465,14-May-10,Not Holiday,Non-Holiday,140678.8375
5,2010,6,14,1524059.4,0,74.95,2.854,211.8421769,7.092,14-May-10,Not Holiday,Non-Holiday,719431.5232
5,2010,20,14,2033211.62,0,55.91,2.982,203.6133915,7.856,14-May-10,Not Holiday,Non-Holiday,998564.7825
5,2010,4,14,1875597.28,0,62.35,2.845,126.2085484,7.896,14-May-10,Not Holiday,Non-Holiday,1486109.542
5,2010,30,14,461868.09,0,73.08,2.854,209.9984585,8.2,14-May-10,Not Holiday,Non-Holiday,219938.8002
5,2010,39,14,1226997.7,0,77.49,2.854,209.118536,8.464,14-May-10,Not Holiday,Non-Holiday,586747.4608
5,2010,14,14,2129771.13,0,54.26,2.982,181.6612792,8.899,14-May-10,Not Holiday,Non-Holiday,1172385.849
5,2010,45,14,758182.2,0,54.26,2.982,181.6612792,8.899,14-May-10,Not Holiday,Non-Holiday,417360.3771
5,2010,12,14,966054.97,0,68.44,3.145,126.2085484,14.099,14-May-10,Not Holiday,Non-Holiday,765443.3731
5,2010,19,14,1437319.45,0,46.53,3.112,132.152129,8.185,14-May-10,Not Holiday,Non-Holiday,1087624.892
5,2010,3,14,384357.94,0,77.18,2.854,213.6196139,7.343,14-May-10,Not Holiday,Non-Holiday,179926.334
5,2010,25,14,698073.95,0,50.27,2.982,203.6133915,7.856,14-May-10,Not Holiday,Non-Holiday,342842.8478
5,2010,36,14,476733.74,0,77.53,2.805,209.118536,8.464,14-May-10,Not Holiday,Non-Holiday,227972.9713
5,2010,31,14,1287288.59,0,73.08,2.854,209.9984585,8.2,14-May-10,Not Holiday,Non-Holiday,612999.0664
5,2010,42,14,564345.55,0,73.88,3.145,126.2085484,9.524,14-May-10,Not Holiday,Non-Holiday,447153.1898
5,2010,24,14,1346783.35,0,51.31,3.112,132.152129,8.211,14-May-10,Not Holiday,Non-Holiday,1019115.893
5,2010,1,14,1494251.5,0,74.78,2.854,210.3374261,7.808,14-May-10,Not Holiday,Non-Holiday,710406.858
5,2010,10,14,1808056.41,0,73.88,3.145,126.2085484,9.524,14-May-10,Not Holiday,Non-Holiday,1432594.252
5,2010,34,14,933924.44,0,60.74,2.845,126.2085484,9.593,14-May-10,Not Holiday,Non-Holiday,739985.0896
5,2010,26,14,972663.59,0,39.08,2.983,132.152129,8.512,14-May-10,Not Holiday,Non-Holiday,736018.1008
5,2010,13,14,1890273.44,0,50.15,2.962,126.2085484,8.107,14-May-10,Not Holiday,Non-Holiday,1497738.041
5,2010,33,14,331173.51,0,76.8,3.145,126.2085484,9.849,14-May-10,Not Holiday,Non-Holiday,262401.8057
5,2010,22,14,973585.33,0,50.99,2.983,136.010394,8.348,14-May-10,Not Holiday,Non-Holiday,715816.8588
5,2010,6,21,1531938.44,0,74.8,2.826,212.1275324,7.092,21-May-10,Not Holiday,Non-Holiday,722178.0326
5,2010,25,21,704113.22,0,57.17,2.958,203.8770235,7.856,21-May-10,Not Holiday,Non-Holiday,345361.7322
5,2010,37,21,510494.7,0,77.34,2.826,209.3922937,8.464,21-May-10,Not Holiday,Non-Holiday,243798.2272
5,2010,42,21,504403.16,0,78.32,3.12,126.1843871,9.524,21-May-10,Not Holiday,Non-Holiday,399735.0002
5,2010,2,21,1896937.1,0,74.83,2.826,210.2768443,8.2,21-May-10,Not Holiday,Non-Holiday,902114.1183
5,2010,27,21,1836595.58,0,63.31,3.096,136.0796521,8.058,21-May-10,Not Holiday,Non-Holiday,1349647.469
5,2010,41,21,1163234.33,0,50.59,2.776,189.467827,7.363,21-May-10,Not Holiday,Non-Holiday,613948.2087
5,2010,11,21,1271646.62,0,76.97,2.826,213.9116886,7.343,21-May-10,Not Holiday,Non-Holiday,594472.7136
5,2010,12,21,958374.56,0,76.2,3.12,126.1843871,14.099,21-May-10,Not Holiday,Non-Holiday,759503.2809
5,2010,1,21,1399662.07,0,76.44,2.826,210.6170934,7.808,21-May-10,Not Holiday,Non-Holiday,664552.9322
5,2010,8,21,818333.21,0,66.03,2.826,213.9577839,6.29,21-May-10,Not Holiday,Non-Holiday,382474.1475
5,2010,13,21,1853657.6,0,57.71,2.95,126.1843871,8.107,21-May-10,Not Holiday,Non-Holiday,1469007.096
5,2010,39,21,1350673.98,0,76.67,2.826,209.3922937,8.464,21-May-10,Not Holiday,Non-Holiday,645044.7417
5,2010,16,21,435300.51,0,47.34,2.776,189.467827,6.842,21-May-10,Not Holiday,Non-Holiday,229749.0381
5,2010,3,21,343763.17,0,75.81,2.826,213.9116886,7.343,21-May-10,Not Holiday,Non-Holiday,160703.3128
5,2010,45,21,747888.25,0,62.62,2.958,181.8538486,8.899,21-May-10,Not Holiday,Non-Holiday,411257.8622
5,2010,7,21,395195.65,0,46.6,2.776,189.467827,8.963,21-May-10,Not Holiday,Non-Holiday,208581.9298
5,2010,20,21,1893736.9,0,60.38,2.958,203.8770235,7.856,21-May-10,Not Holiday,Non-Holiday,928862.3443
5,2010,30,21,455751.84,0,74.24,2.826,210.2768443,8.2,21-May-10,Not Holiday,Non-Holiday,216738.9574
5,2010,14,21,2108187.1,0,62.62,2.958,181.8538486,8.899,21-May-10,Not Holiday,Non-Holiday,1159275.493
5,2010,33,21,294264.2,0,82.8,3.12,126.1843871,9.849,21-May-10,Not Holiday,Non-Holiday,233201.7508
5,2010,19,21,1377716.17,0,57.53,3.096,132.2230323,8.185,21-May-10,Not Holiday,Non-Holiday,1041963.829
5,2010,31,21,1337405.6,0,74.24,2.826,210.2768443,8.2,21-May-10,Not Holiday,Non-Holiday,636021.3387
5,2010,36,21,474917.98,0,77.34,2.767,209.3922937,8.464,21-May-10,Not Holiday,Non-Holiday,226807.7643
5,2010,22,21,979977.89,0,59.99,2.961,136.0796521,8.348,21-May-10,Not Holiday,Non-Holiday,720150.2024
5,2010,26,21,986765.01,0,50.81,2.961,132.2230323,8.512,21-May-10,Not Holiday,Non-Holiday,746288.2925
5,2010,24,21,1283482.85,0,60.44,3.096,132.2230323,8.211,21-May-10,Not Holiday,Non-Holiday,970695.368
5,2010,10,21,1847613.58,0,78.32,3.12,126.1843871,9.524,21-May-10,Not Holiday,Non-Holiday,1464217.264
5,2010,34,21,913616.32,0,63.99,2.82,126.1843871,9.593,21-May-10,Not Holiday,Non-Holiday,724032.7754
5,2010,43,21,672062.08,0,74.74,2.826,202.6210737,9.593,21-May-10,Not Holiday,Non-Holiday,331684.1964
5,2010,15,21,616598.1,0,59.09,3.096,132.2230323,8.185,21-May-10,Not Holiday,Non-Holiday,466331.8404
5,2010,28,21,1217923.71,0,76.2,3.12,126.1843871,14.099,21-May-10,Not Holiday,Non-Holiday,965193.6646
5,2010,5,21,301615.49,0,75.2,2.826,211.169023,6.465,21-May-10,Not Holiday,Non-Holiday,142831.3139
5,2010,18,21,1101621.36,0,60.27,2.961,132.2230323,9.269,21-May-10,Not Holiday,Non-Holiday,833153.9073
5,2010,40,21,885613.91,0,56.75,2.961,132.2230323,5.435,21-May-10,Not Holiday,Non-Holiday,669787.9292
5,2010,17,21,826626.5,0,53.94,2.95,126.1843871,6.635,21-May-10,Not Holiday,Non-Holiday,655094.1198
5,2010,29,21,502021.82,0,59.99,2.961,132.2230323,10.16,21-May-10,Not Holiday,Non-Holiday,379678.0419
5,2010,32,21,1143819.35,0,55.89,2.776,189.467827,8.963,21-May-10,Not Holiday,Non-Holiday,603701.097
5,2010,21,21,753361.72,0,74.24,2.826,210.2768443,8.2,21-May-10,Not Holiday,Non-Holiday,358271.3648
5,2010,44,21,267065.35,0,57.71,2.95,126.1843871,7.972,21-May-10,Not Holiday,Non-Holiday,211646.9051
5,2010,35,21,1078182.18,0,63.31,2.958,136.0796521,9.051,21-May-10,Not Holiday,Non-Holiday,792316.9727
5,2010,38,21,340497.08,0,76.2,3.12,126.1843871,14.099,21-May-10,Not Holiday,Non-Holiday,269840.8954
5,2010,23,21,1327424.28,0,57.94,2.961,132.2230323,5.435,21-May-10,Not Holiday,Non-Holiday,1003928.179
5,2010,9,21,506274.94,0,71.5,2.826,214.1399162,6.384,21-May-10,Not Holiday,Non-Holiday,236422.4984
5,2010,4,21,1903752.6,0,67.4,2.82,126.1843871,7.896,21-May-10,Not Holiday,Non-Holiday,1508706.936
5,2010,10,28,1904618.17,0,76.67,3.058,126.1602258,9.524,28-May-10,Not Holiday,Non-Holiday,1509681.96
5,2010,1,28,1432069.95,0,80.44,2.759,210.8967606,7.808,28-May-10,Not Holiday,Non-Holiday,679038.3816
5,2010,12,28,955451.16,0,67.84,3.058,126.1602258,14.099,28-May-10,Not Holiday,Non-Holiday,757331.5234
5,2010,2,28,1957113.89,0,81.13,2.759,210.5552301,8.2,28-May-10,Not Holiday,Non-Holiday,929501.4373
5,2010,27,28,1962468.67,0,67.88,3.046,136.1489101,8.058,28-May-10,Not Holiday,Non-Holiday,1441413.426
5,2010,14,28,2227152.16,0,69.27,2.899,182.0464181,8.899,28-May-10,Not Holiday,Non-Holiday,1223397.957
5,2010,18,28,1256282.79,0,69.12,2.906,132.2939355,9.269,28-May-10,Not Holiday,Non-Holiday,949614.7992
10,2010,39,8,1286598.59,0,64.8,2.633,210.5144398,8.476,8-Oct-10,Not Holiday,Non-Holiday,611168.8069
5,2010,40,28,1008483.07,0,67.88,2.906,132.2939355,5.435,28-May-10,Not Holiday,Non-Holiday,762304.8375
5,2010,38,28,326469.43,0,67.84,3.058,126.1602258,14.099,28-May-10,Not Holiday,Non-Holiday,258773.657
5,2010,20,28,2065984.95,0,70.97,2.899,204.1406556,7.856,28-May-10,Not Holiday,Non-Holiday,1012039.931
5,2010,31,28,1309437.17,0,80.94,2.759,210.5552301,8.2,28-May-10,Not Holiday,Non-Holiday,621897.2425
5,2010,44,28,291891.01,0,53.11,2.908,126.1602258,7.972,28-May-10,Not Holiday,Non-Holiday,231365.3199
5,2010,41,28,1246654.24,0,56.97,2.737,189.4452425,7.363,28-May-10,Not Holiday,Non-Holiday,658055.1845
5,2010,6,28,1644470.66,0,78.89,2.759,212.412888,7.092,28-May-10,Not Holiday,Non-Holiday,774185.9147
5,2010,35,28,1223777.48,0,67.88,2.899,136.1489101,9.051,28-May-10,Not Holiday,Non-Holiday,898852.2046
5,2010,4,28,1857533.7,0,67.73,2.756,126.1602258,7.896,28-May-10,Not Holiday,Non-Holiday,1472360.792
5,2010,23,28,1571158.56,0,69.26,2.906,132.2939355,5.435,28-May-10,Not Holiday,Non-Holiday,1187627.047
5,2010,9,28,558143.53,0,77.12,2.759,214.4328505,6.384,28-May-10,Not Holiday,Non-Holiday,260288.2575
5,2010,21,28,755214.26,0,80.94,2.759,210.5552301,8.2,28-May-10,Not Holiday,Non-Holiday,358677.5117
5,2010,28,28,1176588.25,0,67.84,3.058,126.1602258,14.099,28-May-10,Not Holiday,Non-Holiday,932614.255
5,2010,15,28,744772.88,0,70.61,3.046,132.2939355,8.185,28-May-10,Not Holiday,Non-Holiday,562968.27
5,2010,32,28,1205662.85,0,64.69,2.737,189.4452425,8.963,28-May-10,Not Holiday,Non-Holiday,636417.5917
5,2010,5,28,310013.11,0,79.81,2.759,211.4507688,6.465,28-May-10,Not Holiday,Non-Holiday,146612.4298
5,2010,24,28,1473868.15,0,69.59,3.046,132.2939355,8.211,28-May-10,Not Holiday,Non-Holiday,1114085.951
5,2010,26,28,1069851.59,0,61.65,2.906,132.2939355,8.512,28-May-10,Not Holiday,Non-Holiday,808692.8444
5,2010,22,28,1103740.4,0,65.64,2.906,136.1489101,8.348,28-May-10,Not Holiday,Non-Holiday,810686.1812
5,2010,36,28,447050.42,0,80.87,2.716,209.6660514,8.464,28-May-10,Not Holiday,Non-Holiday,213220.2219
5,2010,19,28,1648882.62,0,68.85,3.046,132.2939355,8.185,28-May-10,Not Holiday,Non-Holiday,1246378.085
5,2010,33,28,279246.33,0,78.47,3.058,126.1602258,9.849,28-May-10,Not Holiday,Non-Holiday,221342.6048
5,2010,30,28,462474.16,0,80.94,2.759,210.5552301,8.2,28-May-10,Not Holiday,Non-Holiday,219645.0593
5,2010,34,28,942868.38,0,68.68,2.756,126.1602258,9.593,28-May-10,Not Holiday,Non-Holiday,747357.8729
5,2010,43,28,630315.76,0,78.59,2.759,202.8716382,9.593,28-May-10,Not Holiday,Non-Holiday,310696.8355
5,2010,39,28,1365541.59,0,80.22,2.759,209.6660514,8.464,28-May-10,Not Holiday,Non-Holiday,651293.6076
5,2010,16,28,479430,0,52.08,2.737,189.4452425,6.842,28-May-10,Not Holiday,Non-Holiday,253070.4882
5,2010,17,28,872817.62,0,48.19,2.908,126.1602258,6.635,28-May-10,Not Holiday,Non-Holiday,691832.6394
5,2010,13,28,1877358.86,0,53.11,2.908,126.1602258,8.107,28-May-10,Not Holiday,Non-Holiday,1488075.063
5,2010,8,28,868041.56,0,74.71,2.759,214.2500323,6.29,28-May-10,Not Holiday,Non-Holiday,405153.5259
5,2010,25,28,792442.54,0,69.31,2.899,204.1406556,7.856,28-May-10,Not Holiday,Non-Holiday,388184.5768
5,2010,42,28,484097.03,0,76.67,3.058,126.1602258,9.524,28-May-10,Not Holiday,Non-Holiday,383716.0459
5,2010,37,28,532241.22,0,80.87,2.759,209.6660514,8.464,28-May-10,Not Holiday,Non-Holiday,253851.8832
5,2010,3,28,350089.23,0,78.6,2.759,214.2037634,7.343,28-May-10,Not Holiday,Non-Holiday,163437.4786
5,2010,11,28,1264272.52,0,79.69,2.759,214.2037634,7.343,28-May-10,Not Holiday,Non-Holiday,590219.5647
5,2010,45,28,801098.43,0,69.27,2.899,182.0464181,8.899,28-May-10,Not Holiday,Non-Holiday,440051.7397
5,2010,7,28,442734.55,0,54.24,2.737,189.4452425,8.963,28-May-10,Not Holiday,Non-Holiday,233700.5375
3,2010,14,5,2237544.75,0,37.13,2.777,182.1201566,8.992,5-Mar-10,Not Holiday,Non-Holiday,1228609.063
3,2010,24,5,1412387.37,0,36.73,2.919,131.735,8.326,5-Mar-10,Not Holiday,Non-Holiday,1072142.84
3,2010,1,5,1554806.68,0,46.5,2.625,211.3501429,8.106,5-Mar-10,Not Holiday,Non-Holiday,735654.4257
3,2010,9,5,507297.88,0,48.43,2.625,214.9054721,6.415,5-Mar-10,Not Holiday,Non-Holiday,236056.2879
3,2010,22,5,1009201.24,0,36.82,2.766,135.5732602,8.283,5-Mar-10,Not Holiday,Non-Holiday,744395.494
3,2010,23,5,1311175.93,0,33.15,2.766,131.735,5.892,5-Mar-10,Not Holiday,Non-Holiday,995313.2653
3,2010,28,5,1608435.45,0,53.77,2.987,126.5782857,13.975,5-Mar-10,Not Holiday,Non-Holiday,1270704.087
3,2010,2,5,1991013.13,0,47.17,2.625,211.0067542,8.324,5-Mar-10,Not Holiday,Non-Holiday,943577.9142
3,2010,31,5,1384870.51,0,48.61,2.625,211.0067542,8.324,5-Mar-10,Not Holiday,Non-Holiday,656315.7257
3,2010,38,5,372239.89,0,53.77,2.987,126.5782857,13.975,5-Mar-10,Not Holiday,Non-Holiday,294078.7892
3,2010,20,5,2119213.72,0,31.75,2.777,204.4940734,8.187,5-Mar-10,Not Holiday,Non-Holiday,1036320.361
3,2010,25,5,665750.06,0,29.45,2.777,204.4940734,8.187,5-Mar-10,Not Holiday,Non-Holiday,325559.5866
3,2010,21,5,747444.32,0,48.61,2.625,211.0067542,8.324,5-Mar-10,Not Holiday,Non-Holiday,354227.6752
3,2010,35,5,1162610.27,0,38.07,2.777,135.5732602,9.262,5-Mar-10,Not Holiday,Non-Holiday,857551.3108
3,2010,3,5,415202.04,0,53.04,2.625,214.6751386,7.368,5-Mar-10,Not Holiday,Non-Holiday,193409.4664
3,2010,37,5,519255.68,0,51.33,2.625,210.1092746,8.554,5-Mar-10,Not Holiday,Non-Holiday,247136.011
3,2010,17,5,783300.05,0,31.58,2.681,126.5782857,6.548,5-Mar-10,Not Holiday,Non-Holiday,618826.5591
3,2010,7,5,491419.55,0,35.86,2.62,189.6695049,9.014,5-Mar-10,Not Holiday,Non-Holiday,259092.5464
3,2010,10,5,1987090.09,0,55.92,2.877,126.5782857,9.765,5-Mar-10,Not Holiday,Non-Holiday,1569850.689
3,2010,30,5,472591.07,0,48.61,2.625,211.0067542,8.324,5-Mar-10,Not Holiday,Non-Holiday,223969.6411
3,2010,12,5,1077018.27,0,53.77,2.987,126.5782857,13.975,5-Mar-10,Not Holiday,Non-Holiday,850871.2723
3,2010,4,5,1971057.44,0,43.49,2.654,126.5782857,8.623,5-Mar-10,Not Holiday,Non-Holiday,1557184.496
3,2010,39,5,1266254.21,0,50.93,2.625,210.1092746,8.554,5-Mar-10,Not Holiday,Non-Holiday,602664.5956
3,2010,16,5,444181.85,0,27.92,2.62,189.6695049,7.039,5-Mar-10,Not Holiday,Non-Holiday,234187.2776
3,2010,18,5,1179738.5,0,37.17,2.766,131.735,9.202,5-Mar-10,Not Holiday,Non-Holiday,895539.1506
3,2010,42,5,554972.42,0,55.92,2.877,126.5782857,9.765,5-Mar-10,Not Holiday,Non-Holiday,438442.0416
3,2010,11,5,1426622.65,0,53.96,2.625,214.6751386,7.368,5-Mar-10,Not Holiday,Non-Holiday,664549.5418
3,2010,36,5,480203.43,0,51.33,2.574,210.1092746,8.554,5-Mar-10,Not Holiday,Non-Holiday,228549.3731
3,2010,13,5,1939980.43,0,40.65,2.681,126.5782857,8.316,5-Mar-10,Not Holiday,Non-Holiday,1532632.883
3,2010,43,5,658600.05,0,52.89,2.625,203.3117653,9.521,5-Mar-10,Not Holiday,Non-Holiday,323936.0246
3,2010,29,5,535087.91,0,36.82,2.766,131.735,10.064,5-Mar-10,Not Holiday,Non-Holiday,406185.0761
3,2010,44,5,284617.27,0,40.65,2.681,126.5782857,8.119,5-Mar-10,Not Holiday,Non-Holiday,224854.7359
3,2010,15,5,605325.43,0,31.79,2.919,131.735,8.35,5-Mar-10,Not Holiday,Non-Holiday,459502.357
3,2010,40,5,990152.28,0,34.78,2.766,131.735,5.892,5-Mar-10,Not Holiday,Non-Holiday,751624.3064
3,2010,27,5,1313729.72,0,38.07,2.919,135.5732602,8.237,5-Mar-10,Not Holiday,Non-Holiday,969018.3138
3,2010,5,5,288855.71,0,48.89,2.625,211.9071653,6.566,5-Mar-10,Not Holiday,Non-Holiday,136312.3845
3,2010,41,5,1063557.49,0,32.49,2.62,189.6695049,7.541,5-Mar-10,Not Holiday,Non-Holiday,560742.4823
3,2010,8,5,881503.95,0,45.64,2.625,214.7216592,6.299,5-Mar-10,Not Holiday,Non-Holiday,410533.3171
3,2010,45,5,777951.22,0,37.13,2.777,182.1201566,8.992,5-Mar-10,Not Holiday,Non-Holiday,427163.7113
3,2010,32,5,1066566.74,0,37.72,2.62,189.6695049,9.014,5-Mar-10,Not Holiday,Non-Holiday,562329.0579
3,2010,33,5,291484.89,0,59.17,2.877,126.5782857,10.115,5-Mar-10,Not Holiday,Non-Holiday,230280.3268
3,2010,6,5,1601348.82,0,49.63,2.625,212.8745193,7.259,5-Mar-10,Not Holiday,Non-Holiday,752250.1168
3,2010,26,5,1005669.58,0,28.6,2.766,131.735,8.488,5-Mar-10,Not Holiday,Non-Holiday,763403.4843
3,2010,34,5,918295.79,0,42.65,2.654,126.5782857,9.521,5-Mar-10,Not Holiday,Non-Holiday,725476.5578
3,2010,19,5,1495844.57,0,32.92,2.919,131.735,8.35,5-Mar-10,Not Holiday,Non-Holiday,1135495.176
3,2010,40,12,899352.4,0,35.1,2.805,131.784,5.892,12-Mar-10,Not Holiday,Non-Holiday,682444.3028
3,2010,6,12,1558621.36,0,58.82,2.667,212.9037017,7.259,12-Mar-10,Not Holiday,Non-Holiday,732078.0933
3,2010,3,12,384200.69,0,63.08,2.667,214.7027646,7.368,12-Mar-10,Not Holiday,Non-Holiday,178945.3856
3,2010,10,12,1941346.13,0,52.33,3.034,126.6042857,9.765,12-Mar-10,Not Holiday,Non-Holiday,1533396.851
3,2010,18,12,1138800.32,0,42.39,2.805,131.784,9.202,12-Mar-10,Not Holiday,Non-Holiday,864141.565
3,2010,38,12,342023.92,0,50.11,2.925,126.6042857,13.975,12-Mar-10,Not Holiday,Non-Holiday,270151.929
3,2010,7,12,480452.1,0,27.25,2.684,189.7372075,9.014,12-Mar-10,Not Holiday,Non-Holiday,253219.7592
3,2010,20,12,2010974.84,0,43.82,2.818,204.5250598,8.187,12-Mar-10,Not Holiday,Non-Holiday,983241.2918
3,2010,9,12,494145.8,0,55.76,2.667,214.932899,6.415,12-Mar-10,Not Holiday,Non-Holiday,229907.0093
3,2010,4,12,1894324.09,0,49.63,2.704,126.6042857,8.623,12-Mar-10,Not Holiday,Non-Holiday,1496255.896
3,2010,27,12,1925113.12,0,45.98,2.938,135.6270013,8.237,12-Mar-10,Not Holiday,Non-Holiday,1419417.3
3,2010,31,12,1366193.35,0,57.1,2.667,211.037551,8.324,12-Mar-10,Not Holiday,Non-Holiday,647369.7897
3,2010,16,12,445393.74,0,28.64,2.684,189.7372075,7.039,12-Mar-10,Not Holiday,Non-Holiday,234742.4345
3,2010,42,12,588363.62,0,52.33,3.034,126.6042857,9.765,12-Mar-10,Not Holiday,Non-Holiday,464726.4638
3,2010,43,12,645386.94,0,53.67,2.667,203.3436582,9.521,12-Mar-10,Not Holiday,Non-Holiday,317387.2968
3,2010,15,12,604173.59,0,41.39,2.938,131.784,8.35,12-Mar-10,Not Holiday,Non-Holiday,458457.4683
3,2010,41,12,1023997.71,0,33.4,2.684,189.7372075,7.541,12-Mar-10,Not Holiday,Non-Holiday,539692.622
3,2010,5,12,297293.59,0,58.5,2.667,211.9371839,6.566,12-Mar-10,Not Holiday,Non-Holiday,140274.3891
3,2010,32,12,1093319.37,0,39.88,2.684,189.7372075,9.014,12-Mar-10,Not Holiday,Non-Holiday,576228.2393
3,2010,26,12,963382.09,0,31.1,2.805,131.784,8.488,12-Mar-10,Not Holiday,Non-Holiday,731031.1495
3,2010,39,12,1244391.83,0,61.88,2.667,210.1413607,8.554,12-Mar-10,Not Holiday,Non-Holiday,592168.9218
3,2010,19,12,1467889.2,0,39.06,2.938,131.784,8.35,12-Mar-10,Not Holiday,Non-Holiday,1113859.953
3,2010,28,12,1326877.11,0,50.11,2.925,126.6042857,13.975,12-Mar-10,Not Holiday,Non-Holiday,1048050.706
3,2010,30,12,468189.93,0,57.1,2.667,211.037551,8.324,12-Mar-10,Not Holiday,Non-Holiday,221851.4799
3,2010,21,12,712312.89,0,57.1,2.667,211.037551,8.324,12-Mar-10,Not Holiday,Non-Holiday,337528.9784
3,2010,37,12,513015.35,0,61.96,2.667,210.1413607,8.554,12-Mar-10,Not Holiday,Non-Holiday,244128.6895
3,2010,17,12,763961.82,0,29.71,2.733,126.6042857,6.548,12-Mar-10,Not Holiday,Non-Holiday,603424.9281
3,2010,8,12,860336.16,0,49.76,2.667,214.7492449,6.299,12-Mar-10,Not Holiday,Non-Holiday,400623.6019
3,2010,44,12,272190.83,0,37.62,2.733,126.6042857,8.119,12-Mar-10,Not Holiday,Non-Holiday,214993.3776
3,2010,29,12,519042.49,0,43.43,2.805,131.784,10.064,12-Mar-10,Not Holiday,Non-Holiday,393858.5033
3,2010,23,12,1408082.96,0,36.07,2.805,131.784,5.892,12-Mar-10,Not Holiday,Non-Holiday,1068477.934
3,2010,22,12,967187.37,0,43.43,2.805,135.6270013,8.283,12-Mar-10,Not Holiday,Non-Holiday,713123.0218
3,2010,25,12,660619.99,0,40.05,2.818,204.5250598,8.187,12-Mar-10,Not Holiday,Non-Holiday,323001.9787
3,2010,33,12,312161,0,55.61,3.034,126.6042857,10.115,12-Mar-10,Not Holiday,Non-Holiday,246564.3231
3,2010,14,12,2156035.06,0,45.8,2.818,182.1628441,8.992,12-Mar-10,Not Holiday,Non-Holiday,1183575.647
3,2010,12,12,985594.23,0,50.11,2.925,126.6042857,13.975,12-Mar-10,Not Holiday,Non-Holiday,778484.0968
3,2010,13,12,1840686.94,0,37.62,2.733,126.6042857,8.316,12-Mar-10,Not Holiday,Non-Holiday,1453889.914
3,2010,35,12,1150344.39,0,45.98,2.818,135.6270013,9.262,12-Mar-10,Not Holiday,Non-Holiday,848167.6797
3,2010,34,12,921247.88,0,42.26,2.704,126.6042857,9.521,12-Mar-10,Not Holiday,Non-Holiday,727659.3165
3,2010,45,12,765687.42,0,45.8,2.818,182.1628441,8.992,12-Mar-10,Not Holiday,Non-Holiday,420331.2831
3,2010,2,12,1990483.78,0,57.56,2.667,211.037551,8.324,12-Mar-10,Not Holiday,Non-Holiday,943189.3853
3,2010,24,12,1309340.16,0,42.31,2.938,131.784,8.326,12-Mar-10,Not Holiday,Non-Holiday,993550.173
3,2010,11,12,1331883.16,0,64.1,2.667,214.7027646,7.368,12-Mar-10,Not Holiday,Non-Holiday,620338.151
3,2010,1,12,1439541.59,0,57.79,2.667,211.3806429,8.106,12-Mar-10,Not Holiday,Non-Holiday,681018.645
3,2010,36,12,441434.2,0,61.96,2.619,210.1413607,8.554,12-Mar-10,Not Holiday,Non-Holiday,210065.3572
3,2010,32,19,1059781.78,0,42.43,2.692,189.734262,9.014,19-Mar-10,Not Holiday,Non-Holiday,558561.0995
3,2010,22,19,966145.09,0,46.03,2.834,135.6682247,8.283,19-Mar-10,Not Holiday,Non-Holiday,712138.0796
3,2010,8,19,839911,0,47.26,2.72,214.5764954,6.299,19-Mar-10,Not Holiday,Non-Holiday,391427.3082
3,2010,6,19,1693058.91,0,56.55,2.72,212.7351935,7.259,19-Mar-10,Not Holiday,Non-Holiday,795852.7605
3,2010,31,19,1332261.01,0,54.68,2.72,210.8733316,8.324,19-Mar-10,Not Holiday,Non-Holiday,631782.5966
3,2010,7,19,574450.23,0,29.04,2.692,189.734262,9.014,19-Mar-10,Not Holiday,Non-Holiday,302765.6808
3,2010,17,19,752034.52,0,33.96,2.782,126.6066452,6.548,19-Mar-10,Not Holiday,Non-Holiday,593992.9289
3,2010,16,19,504307.35,0,33.45,2.692,189.734262,7.039,19-Mar-10,Not Holiday,Non-Holiday,265796.6699
3,2010,25,19,659795.84,0,45,2.844,204.3782258,8.187,19-Mar-10,Not Holiday,Non-Holiday,322830.7895
3,2010,21,19,727070,0,54.68,2.72,210.8733316,8.324,19-Mar-10,Not Holiday,Non-Holiday,344789.9241
3,2010,12,19,972088.34,0,59.57,3.054,126.6066452,13.975,19-Mar-10,Not Holiday,Non-Holiday,767801.989
3,2010,36,19,428851.99,0,59.56,2.701,209.9803208,8.554,19-Mar-10,Not Holiday,Non-Holiday,204234.3722
3,2010,13,19,1879794.89,0,42.49,2.782,126.6066452,8.316,19-Mar-10,Not Holiday,Non-Holiday,1484752.153
3,2010,10,19,1946875.06,0,61.46,3.054,126.6066452,9.765,19-Mar-10,Not Holiday,Non-Holiday,1537735.288
3,2010,30,19,445736.36,0,54.68,2.72,210.8733316,8.324,19-Mar-10,Not Holiday,Non-Holiday,211376.3541
3,2010,37,19,460020.74,0,59.56,2.72,209.9803208,8.554,19-Mar-10,Not Holiday,Non-Holiday,219078.0251
3,2010,35,19,1117536.09,0,49.04,2.844,135.6682247,9.262,19-Mar-10,Not Holiday,Non-Holiday,823727.2158
3,2010,4,19,1897429.36,0,55.19,2.743,126.6066452,8.623,19-Mar-10,Not Holiday,Non-Holiday,1498680.703
3,2010,42,19,519914.1,0,61.46,3.054,126.6066452,9.765,19-Mar-10,Not Holiday,Non-Holiday,410653.0895
3,2010,41,19,1006597.69,0,36.7,2.692,189.734262,7.541,19-Mar-10,Not Holiday,Non-Holiday,530530.2687
3,2010,11,19,1364207,0,61.51,2.72,214.5301219,7.368,19-Mar-10,Not Holiday,Non-Holiday,635904.6403
3,2010,43,19,668098.49,0,56,2.72,203.195159,9.521,19-Mar-10,Not Holiday,Non-Holiday,328796.4602
3,2010,3,19,375328.59,0,60.42,2.72,214.5301219,7.368,19-Mar-10,Not Holiday,Non-Holiday,174953.7951
3,2010,9,19,485744.61,0,53.15,2.72,214.7597274,6.415,19-Mar-10,Not Holiday,Non-Holiday,226180.4929
3,2010,29,19,496851.6,0,46.03,2.834,131.8242903,10.064,19-Mar-10,Not Holiday,Non-Holiday,376904.4376
3,2010,45,19,773819.49,0,48.79,2.844,182.0779857,8.992,19-Mar-10,Not Holiday,Non-Holiday,424993.4373
3,2010,39,19,1301590.13,0,58.62,2.72,209.9803208,8.554,19-Mar-10,Not Holiday,Non-Holiday,619862.9115
3,2010,18,19,1087507.47,0,45.42,2.834,131.8242903,9.202,19-Mar-10,Not Holiday,Non-Holiday,824967.4377
3,2010,34,19,892070.82,0,45.86,2.743,126.6066452,9.521,19-Mar-10,Not Holiday,Non-Holiday,704600.3143
3,2010,24,19,1222511.29,0,46.09,2.96,131.8242903,8.326,19-Mar-10,Not Holiday,Non-Holiday,927379.383
3,2010,38,19,333025.47,0,59.57,3.054,126.6066452,13.975,19-Mar-10,Not Holiday,Non-Holiday,263039.487
3,2010,20,19,1951848.43,0,47.32,2.844,204.3782258,8.187,19-Mar-10,Not Holiday,Non-Holiday,955017.7972
3,2010,5,19,281706.41,0,55.46,2.72,211.770897,6.566,19-Mar-10,Not Holiday,Non-Holiday,133024.1379
3,2010,19,19,1332940.35,0,43.74,2.96,131.8242903,8.35,19-Mar-10,Not Holiday,Non-Holiday,1011149.271
3,2010,15,19,593710.67,0,44.69,2.96,131.8242903,8.35,19-Mar-10,Not Holiday,Non-Holiday,450380.3272
3,2010,2,19,1946070.88,0,54.52,2.72,210.8733316,8.324,19-Mar-10,Not Holiday,Non-Holiday,922862.4906
3,2010,44,19,269624.2,0,42.49,2.782,126.6066452,8.119,19-Mar-10,Not Holiday,Non-Holiday,212962.1234
3,2010,27,19,1700627.97,0,49.04,2.96,135.6682247,8.237,19-Mar-10,Not Holiday,Non-Holiday,1253519.734
3,2010,23,19,1229008.32,0,43.01,2.834,131.8242903,5.892,19-Mar-10,Not Holiday,Non-Holiday,932307.936
3,2010,14,19,2066219.3,0,48.79,2.844,182.0779857,8.992,19-Mar-10,Not Holiday,Non-Holiday,1134799.076
3,2010,33,19,282235.73,0,64.6,3.054,126.6066452,10.115,19-Mar-10,Not Holiday,Non-Holiday,222923.3146
3,2010,28,19,1279819.43,0,59.57,3.054,126.6066452,13.975,19-Mar-10,Not Holiday,Non-Holiday,1010862.762
3,2010,40,19,894865.3,0,40.54,2.834,131.8242903,5.892,19-Mar-10,Not Holiday,Non-Holiday,678831.8738
3,2010,1,19,1472515.79,0,54.58,2.72,211.215635,8.106,19-Mar-10,Not Holiday,Non-Holiday,697162.3052
3,2010,26,19,903366.55,0,35.34,2.834,131.8242903,8.488,19-Mar-10,Not Holiday,Non-Holiday,685280.7991
3,2010,17,26,793097.64,0,35.59,2.819,126.6050645,6.548,26-Mar-10,Not Holiday,Non-Holiday,626434.3714
3,2010,39,26,1235094.66,0,54.83,2.732,209.7870932,8.554,26-Mar-10,Not Holiday,Non-Holiday,588737.2007
3,2010,30,26,442457.35,0,51.66,2.732,210.6766095,8.324,26-Mar-10,Not Holiday,Non-Holiday,210017.3109
3,2010,19,26,1427023.45,0,39.07,2.963,131.863129,8.35,26-Mar-10,Not Holiday,Non-Holiday,1082200.507
3,2010,28,26,1245268.77,0,60.06,3.083,126.6050645,13.975,26-Mar-10,Not Holiday,Non-Holiday,983585.2736
3,2010,15,26,592111.49,0,39.53,2.963,131.863129,8.35,26-Mar-10,Not Holiday,Non-Holiday,449034.9156
3,2010,24,26,1258311.56,0,48.87,2.963,131.863129,8.326,26-Mar-10,Not Holiday,Non-Holiday,954255.8026
3,2010,13,26,1882095.98,0,41.48,2.819,126.6050645,8.316,26-Mar-10,Not Holiday,Non-Holiday,1486588.224
3,2010,5,26,273282.97,0,52.47,2.732,211.5718925,6.566,26-Mar-10,Not Holiday,Non-Holiday,129167.8997
3,2010,26,26,893613,0,35.26,2.831,131.863129,8.488,26-Mar-10,Not Holiday,Non-Holiday,677682.2352
3,2010,21,26,686497.53,0,51.66,2.732,210.6766095,8.324,26-Mar-10,Not Holiday,Non-Holiday,325853.7014
3,2010,23,26,1310701.8,0,38.59,2.831,131.863129,5.892,26-Mar-10,Not Holiday,Non-Holiday,993986.5753
3,2010,34,26,880742.35,0,42.91,2.752,126.6050645,9.521,26-Mar-10,Not Holiday,Non-Holiday,695661.2308
3,2010,22,26,1012075.12,0,48.56,2.831,135.7073618,8.283,26-Mar-10,Not Holiday,Non-Holiday,745777.6104
3,2010,42,26,478021.68,0,60.05,2.98,126.6050645,9.765,26-Mar-10,Not Holiday,Non-Holiday,377569.1611
3,2010,8,26,772539.12,0,46.51,2.732,214.3703567,6.299,26-Mar-10,Not Holiday,Non-Holiday,360375.9083
3,2010,41,26,1015196.46,0,32.3,2.717,189.7195417,7.541,26-Mar-10,Not Holiday,Non-Holiday,535103.7911
3,2010,3,26,359949.27,0,57.06,2.732,214.3241011,7.368,26-Mar-10,Not Holiday,Non-Holiday,167946.2404
3,2010,31,26,1229635.7,0,51.66,2.732,210.6766095,8.324,26-Mar-10,Not Holiday,Non-Holiday,583660.2853
3,2010,9,26,484946.56,0,51.8,2.732,214.5531227,6.415,26-Mar-10,Not Holiday,Non-Holiday,226026.3351
3,2010,27,26,1836714.84,0,52.34,2.963,135.7073618,8.237,26-Mar-10,Not Holiday,Non-Holiday,1353437.88
3,2010,33,26,262893.76,0,64.09,2.98,126.6050645,10.115,26-Mar-10,Not Holiday,Non-Holiday,207648.6917
3,2010,14,26,2050396.27,0,54.36,2.854,181.9718697,8.992,26-Mar-10,Not Holiday,Non-Holiday,1126765.512
3,2010,44,26,276279.49,0,41.48,2.819,126.6050645,8.119,26-Mar-10,Not Holiday,Non-Holiday,218221.5151
3,2010,6,26,1472033.38,0,53.74,2.732,212.533737,7.259,26-Mar-10,Not Holiday,Non-Holiday,692611.6299
3,2010,40,26,873354.58,0,39.51,2.831,131.863129,5.892,26-Mar-10,Not Holiday,Non-Holiday,662319.0172
3,2010,45,26,782563.38,0,54.36,2.854,181.9718697,8.992,26-Mar-10,Not Holiday,Non-Holiday,430046.348
3,2010,29,26,552985.34,0,48.56,2.831,131.863129,10.064,26-Mar-10,Not Holiday,Non-Holiday,419363.1261
3,2010,2,26,1750197.81,0,51.26,2.732,210.6766095,8.324,26-Mar-10,Not Holiday,Non-Holiday,830750.8907
3,2010,18,26,1092704.09,0,47.55,2.831,131.863129,9.202,26-Mar-10,Not Holiday,Non-Holiday,828665.3732
3,2010,20,26,1894742.95,0,50.49,2.854,204.201755,8.187,26-Mar-10,Not Holiday,Non-Holiday,927877.897
3,2010,1,26,1404429.92,0,51.45,2.732,211.0180424,8.106,26-Mar-10,Not Holiday,Non-Holiday,665549.6867
3,2010,38,26,335858.11,0,60.06,3.083,126.6050645,13.975,26-Mar-10,Not Holiday,Non-Holiday,265280.1539
3,2010,16,26,483177.2,0,29.88,2.717,189.7195417,7.039,26-Mar-10,Not Holiday,Non-Holiday,254679.7213
3,2010,32,26,1076021.58,0,36.59,2.717,189.7195417,9.014,26-Mar-10,Not Holiday,Non-Holiday,567164.3366
3,2010,43,26,623097.93,0,54.53,2.732,203.0165945,9.521,26-Mar-10,Not Holiday,Non-Holiday,306919.7036
3,2010,7,26,514731.6,0,23.33,2.717,189.7195417,9.014,26-Mar-10,Not Holiday,Non-Holiday,271311.8508
3,2010,10,26,1893532.46,0,60.05,2.98,126.6050645,9.765,26-Mar-10,Not Holiday,Non-Holiday,1495621.417
3,2010,35,26,1078900.44,0,52.34,2.854,135.7073618,9.262,26-Mar-10,Not Holiday,Non-Holiday,795019.8322
3,2010,36,26,404438.51,0,55.76,2.711,209.7870932,8.554,26-Mar-10,Not Holiday,Non-Holiday,192785.2204
3,2010,4,26,1762539.3,0,39.91,2.752,126.6050645,8.623,26-Mar-10,Not Holiday,Non-Holiday,1392155.446
3,2010,37,26,515777.97,0,55.76,2.732,209.7870932,8.554,26-Mar-10,Not Holiday,Non-Holiday,245857.8181
3,2010,12,26,981615.81,0,60.06,3.083,126.6050645,13.975,26-Mar-10,Not Holiday,Non-Holiday,775336.9218
3,2010,11,26,1245624.27,0,58.09,2.732,214.3241011,7.368,26-Mar-10,Not Holiday,Non-Holiday,581187.213
3,2010,25,26,696687.6,0,45.84,2.854,204.201755,8.187,26-Mar-10,Not Holiday,Non-Holiday,341176.1079
7,2010,4,2,1881337.21,0,73.66,2.668,126.1392,7.372,2-Jul-10,Not Holiday,Non-Holiday,1491477.043
7,2010,35,2,1245827.08,0,76.25,2.815,136.3722893,8.861,2-Jul-10,Not Holiday,Non-Holiday,913548.5562
7,2010,7,2,575570.77,0,61.31,2.728,189.4882603,9.017,2-Jul-10,Not Holiday,Non-Holiday,303750.0946
7,2010,5,2,305993.27,0,81.25,2.669,211.7801861,6.496,2-Jul-10,Not Holiday,Non-Holiday,144486.2599
7,2010,40,2,1087578.78,0,65.47,2.815,132.5218667,5.326,2-Jul-10,Not Holiday,Non-Holiday,820678.7356
7,2010,41,2,1273279.79,0,69.39,2.728,189.4882603,7.335,2-Jul-10,Not Holiday,Non-Holiday,671957.0848
7,2010,13,2,2018314.71,0,78.82,2.814,126.1392,7.951,2-Jul-10,Not Holiday,Non-Holiday,1600069.376
7,2010,42,2,507168.8,0,92.89,2.978,126.1392,9.199,2-Jul-10,Not Holiday,Non-Holiday,402070.7282
7,2010,6,2,1759777.25,0,80.34,2.669,212.746898,6.973,2-Jul-10,Not Holiday,Non-Holiday,827169.4048
7,2010,9,2,528832.54,0,78.55,2.669,214.7765028,6.442,2-Jul-10,Not Holiday,Non-Holiday,246224.5791
7,2010,26,2,1078455.48,0,58.9,2.815,132.5218667,8.445,2-Jul-10,Not Holiday,Non-Holiday,813794.3623
7,2010,8,2,852333.75,0,74.78,2.669,214.5928119,6.315,2-Jul-10,Not Holiday,Non-Holiday,397186.5332
7,2010,32,2,1187988.64,0,74.74,2.728,189.4882603,9.017,2-Jul-10,Not Holiday,Non-Holiday,626945.7739
7,2010,34,2,919229.36,0,73.66,2.668,126.1392,9.816,2-Jul-10,Not Holiday,Non-Holiday,728742.0247
7,2010,11,2,1302600.14,0,83.09,2.669,214.5463222,7.346,2-Jul-10,Not Holiday,Non-Holiday,607141.6777
7,2010,43,2,667353.79,0,80.17,2.669,203.1641524,9.816,2-Jul-10,Not Holiday,Non-Holiday,328480.0897
7,2010,39,2,1352547.7,0,81.35,2.669,209.984205,8.36,2-Jul-10,Not Holiday,Non-Holiday,644118.7803
7,2010,24,2,1563387.94,0,71.12,2.958,132.5218667,8.117,2-Jul-10,Not Holiday,Non-Holiday,1179720.735
7,2010,45,2,800147.84,0,76.61,2.815,182.3187801,8.743,2-Jul-10,Not Holiday,Non-Holiday,438872.9672
7,2010,29,2,581473.55,0,72.88,2.815,132.5218667,10.409,2-Jul-10,Not Holiday,Non-Holiday,438775.5504
7,2010,17,2,958875.37,0,68.98,2.814,126.1392,6.697,2-Jul-10,Not Holiday,Non-Holiday,760172.3889
7,2010,20,2,2143676.77,0,70.1,2.815,204.4650559,7.527,2-Jul-10,Not Holiday,Non-Holiday,1048431.851
7,2010,23,2,1549113.18,0,64.76,2.815,132.5218667,5.326,2-Jul-10,Not Holiday,Non-Holiday,1168949.109
7,2010,44,2,300628.19,0,78.82,2.814,126.1392,7.804,2-Jul-10,Not Holiday,Non-Holiday,238330.5031
7,2010,33,2,267495.76,0,97.66,2.978,126.1392,9.495,2-Jul-10,Not Holiday,Non-Holiday,212063.9421
7,2010,1,2,1492418.14,0,80.91,2.669,211.2235333,7.787,2-Jul-10,Not Holiday,Non-Holiday,706558.6475
7,2010,12,2,951957.31,0,91.98,3.105,126.1392,14.18,2-Jul-10,Not Holiday,Non-Holiday,754687.9241
7,2010,25,2,759407.87,0,66.42,2.815,204.4650559,7.527,2-Jul-10,Not Holiday,Non-Holiday,371412.057
7,2010,36,2,434252.15,0,81.85,2.606,209.984205,8.36,2-Jul-10,Not Holiday,Non-Holiday,206802.2926
7,2010,3,2,381151.72,0,82.2,2.669,214.5463222,7.346,2-Jul-10,Not Holiday,Non-Holiday,177654.7442
7,2010,16,2,610641.42,0,64.44,2.728,189.4882603,6.868,2-Jul-10,Not Holiday,Non-Holiday,322258.1806
7,2010,18,2,1257928.35,0,71.22,2.815,132.5218667,9.342,2-Jul-10,Not Holiday,Non-Holiday,949223.2349
7,2010,28,2,1399960.15,0,91.98,3.105,126.1392,14.18,2-Jul-10,Not Holiday,Non-Holiday,1109853.36
7,2010,22,2,1120259.71,0,72.88,2.815,136.3722893,8.433,2-Jul-10,Not Holiday,Non-Holiday,821471.661
7,2010,27,2,2024554.1,0,76.25,2.958,136.3722893,7.982,2-Jul-10,Not Holiday,Non-Holiday,1484578.803
7,2010,38,2,361181.48,0,91.98,3.105,126.1392,14.18,2-Jul-10,Not Holiday,Non-Holiday,286335.6356
7,2010,37,2,498292.53,0,81.85,2.669,209.984205,8.36,2-Jul-10,Not Holiday,Non-Holiday,237300.0055
7,2010,10,2,1845893.87,0,92.89,2.978,126.1392,9.199,2-Jul-10,Not Holiday,Non-Holiday,1463378.45
7,2010,14,2,2334788.42,0,76.61,2.815,182.3187801,8.743,2-Jul-10,Not Holiday,Non-Holiday,1280607.746
7,2010,18,9,1171391.41,0,79.75,2.806,132.5461333,9.342,9-Jul-10,Not Holiday,Non-Holiday,883761.2843
7,2010,42,9,570069.48,0,91.03,3.1,126.1518,9.199,9-Jul-10,Not Holiday,Non-Holiday,451891.6734
7,2010,40,9,1058250.91,0,76.67,2.806,132.5461333,5.326,9-Jul-10,Not Holiday,Non-Holiday,798401.9478
7,2010,43,9,718748.33,0,81.52,2.642,203.060919,9.816,9-Jul-10,Not Holiday,Non-Holiday,353956.9965
7,2010,20,9,2107285.85,0,78.09,2.793,204.3625658,7.527,9-Jul-10,Not Holiday,Non-Holiday,1031150.613
7,2010,24,9,1665502.55,0,79.05,2.94,132.5461333,8.117,9-Jul-10,Not Holiday,Non-Holiday,1256545.558
7,2010,8,9,845289.77,0,72.49,2.642,214.4729952,6.315,9-Jul-10,Not Holiday,Non-Holiday,394124.1037
7,2010,29,9,563449.43,0,79.22,2.806,132.5461333,10.409,9-Jul-10,Not Holiday,Non-Holiday,425096.8444
7,2010,1,9,1546074.18,0,80.48,2.642,211.108414,7.787,9-Jul-10,Not Holiday,Non-Holiday,732360.2838
7,2010,34,9,911210.81,0,75,2.637,126.1518,9.816,9-Jul-10,Not Holiday,Non-Holiday,722312.9674
7,2010,35,9,1268766.76,0,82.69,2.793,136.3962643,8.861,9-Jul-10,Not Holiday,Non-Holiday,930206.3854
7,2010,16,9,614253.33,0,61.79,2.711,189.5231276,6.868,9-Jul-10,Not Holiday,Non-Holiday,324104.682
7,2010,38,9,343850.34,0,90.37,3.1,126.1518,14.18,9-Jul-10,Not Holiday,Non-Holiday,272568.7148
7,2010,4,9,1812208.22,0,80.35,2.637,126.1518,7.372,9-Jul-10,Not Holiday,Non-Holiday,1436529.816
7,2010,12,9,943506.28,0,90.37,3.1,126.1518,14.18,9-Jul-10,Not Holiday,Non-Holiday,747913.4503
7,2010,23,9,1417535.78,0,77.16,2.806,132.5461333,5.326,9-Jul-10,Not Holiday,Non-Holiday,1069465.962
7,2010,10,9,1769793.37,0,91.03,3.1,126.1518,9.199,9-Jul-10,Not Holiday,Non-Holiday,1402907.743
7,2010,37,9,502456.04,0,81.74,2.642,209.8708867,8.36,9-Jul-10,Not Holiday,Non-Holiday,239411.9775
7,2010,36,9,471713.59,0,81.74,2.596,209.8708867,8.36,9-Jul-10,Not Holiday,Non-Holiday,224763.7094
7,2010,22,9,1092654.26,0,79.22,2.806,136.3962643,8.433,9-Jul-10,Not Holiday,Non-Holiday,801088.1131
7,2010,33,9,302423.93,0,95.88,3.1,126.1518,9.495,9-Jul-10,Not Holiday,Non-Holiday,239730.1743
7,2010,32,9,1077253.67,0,67.55,2.711,189.5231276,9.017,9-Jul-10,Not Holiday,Non-Holiday,568402.2228
7,2010,17,9,836915.92,0,62.41,2.802,126.1518,6.697,9-Jul-10,Not Holiday,Non-Holiday,663419.7213
7,2010,7,9,593462.34,0,58,2.711,189.5231276,9.017,9-Jul-10,Not Holiday,Non-Holiday,313134.5222
7,2010,41,9,1176079.59,0,60.93,2.711,189.5231276,7.335,9-Jul-10,Not Holiday,Non-Holiday,620546.7401
7,2010,44,9,280472.78,0,71.33,2.802,126.1518,7.804,9-Jul-10,Not Holiday,Non-Holiday,222329.5902
7,2010,39,9,1330473.47,0,81.1,2.642,209.8708867,8.36,9-Jul-10,Not Holiday,Non-Holiday,633948.5628
7,2010,6,9,1690317.99,0,80.93,2.642,212.6296549,6.973,9-Jul-10,Not Holiday,Non-Holiday,794958.7233
7,2010,25,9,719591.13,0,75.24,2.793,204.3625658,7.527,9-Jul-10,Not Holiday,Non-Holiday,352114.942
7,2010,45,9,787062,0,82.45,2.793,182.2569603,8.743,9-Jul-10,Not Holiday,Non-Holiday,431841.9438
7,2010,5,9,291808.87,0,81.14,2.642,211.6642907,6.496,9-Jul-10,Not Holiday,Non-Holiday,137864.0058
7,2010,13,9,1870843.9,0,71.33,2.802,126.1518,7.951,9-Jul-10,Not Holiday,Non-Holiday,1483010.072
7,2010,9,9,485389.15,0,78.51,2.642,214.6564301,6.442,9-Jul-10,Not Holiday,Non-Holiday,226123.741
7,2010,26,9,1122356.53,0,71.08,2.806,132.5461333,8.445,9-Jul-10,Not Holiday,Non-Holiday,846766.7084
7,2010,28,9,1340293.87,0,90.37,3.1,126.1518,14.18,9-Jul-10,Not Holiday,Non-Holiday,1062445.3
7,2010,27,9,2119163.01,0,82.69,2.94,136.3962643,7.982,9-Jul-10,Not Holiday,Non-Holiday,1553681.122
7,2010,14,9,2236209.13,0,82.45,2.793,182.2569603,8.743,9-Jul-10,Not Holiday,Non-Holiday,1226954.036
7,2010,11,9,1280156.47,0,83.01,2.642,214.4265704,7.346,9-Jul-10,Not Holiday,Non-Holiday,597013.9184
7,2010,3,9,349214.18,0,81.75,2.642,214.4265704,7.346,9-Jul-10,Not Holiday,Non-Holiday,162859.5651
7,2010,20,16,2031852.16,0,75.14,2.783,204.3571656,7.527,16-Jul-10,Not Holiday,Non-Holiday,994265.1896
7,2010,44,16,297099.95,0,77.79,2.791,126.1498065,7.804,16-Jul-10,Not Holiday,Non-Holiday,235513.5995
7,2010,33,16,280937.84,0,100.14,2.971,126.1498065,9.495,16-Jul-10,Not Holiday,Non-Holiday,222701.7605
7,2010,36,16,466962.04,0,84.43,2.561,209.8630532,8.36,16-Jul-10,Not Holiday,Non-Holiday,222507.9798
7,2010,25,16,726997.84,0,73.43,2.783,204.3571656,7.527,16-Jul-10,Not Holiday,Non-Holiday,355748.6413
7,2010,23,16,1413124.11,0,73.94,2.796,132.5667742,5.326,16-Jul-10,Not Holiday,Non-Holiday,1065971.559
7,2010,1,16,1448938.92,0,83.15,2.623,211.1003854,7.787,16-Jul-10,Not Holiday,Non-Holiday,686374.3604
7,2010,14,16,2130287.27,0,77.84,2.783,182.2604411,8.743,16-Jul-10,Not Holiday,Non-Holiday,1168814.943
7,2010,24,16,1418697.05,0,76.56,2.933,132.5667742,8.117,16-Jul-10,Not Holiday,Non-Holiday,1070175.433
7,2010,9,16,474030.51,0,82.93,2.623,214.6474453,6.442,16-Jul-10,Not Holiday,Non-Holiday,220841.4404
7,2010,43,16,696844.36,0,84.17,2.623,203.0538548,9.816,16-Jul-10,Not Holiday,Non-Holiday,343182.0394
7,2010,10,16,1828052.47,0,91.8,2.971,126.1498065,9.199,16-Jul-10,Not Holiday,Non-Holiday,1449112.385
7,2010,13,16,1932231.05,0,77.79,2.791,126.1498065,7.951,16-Jul-10,Not Holiday,Non-Holiday,1531695.611
7,2010,11,16,1290609.54,0,84.9,2.623,214.4176476,7.346,16-Jul-10,Not Holiday,Non-Holiday,601913.8604
7,2010,26,16,1028151.72,0,67.66,2.796,132.5667742,8.445,16-Jul-10,Not Holiday,Non-Holiday,775572.7076
7,2010,34,16,930269.79,0,78.53,2.621,126.1498065,9.816,16-Jul-10,Not Holiday,Non-Holiday,737432.5937
7,2010,35,16,1124414.87,0,78.26,2.783,136.4179827,8.861,16-Jul-10,Not Holiday,Non-Holiday,824242.4113
7,2010,4,16,1898427.66,0,78.53,2.621,126.1498065,7.372,16-Jul-10,Not Holiday,Non-Holiday,1504899.383
7,2010,32,16,1120172.24,0,76.2,2.699,189.6125456,9.017,16-Jul-10,Not Holiday,Non-Holiday,590769.053
7,2010,37,16,485150.01,0,84.43,2.623,209.8630532,8.36,16-Jul-10,Not Holiday,Non-Holiday,231174.5696
7,2010,45,16,723708.99,0,77.84,2.783,182.2604411,8.743,16-Jul-10,Not Holiday,Non-Holiday,397074.0911
7,2010,22,16,988392.99,0,76.3,2.796,136.4179827,8.433,16-Jul-10,Not Holiday,Non-Holiday,724532.7709
7,2010,38,16,338277.71,0,97.18,3.094,126.1498065,14.18,16-Jul-10,Not Holiday,Non-Holiday,268155.552
7,2010,3,16,352728.78,0,84.32,2.623,214.4176476,7.346,16-Jul-10,Not Holiday,Non-Holiday,164505.4798
7,2010,27,16,1880691.64,0,78.26,2.933,136.4179827,7.982,16-Jul-10,Not Holiday,Non-Holiday,1378624.433
7,2010,12,16,916402.76,0,97.18,3.094,126.1498065,14.18,16-Jul-10,Not Holiday,Non-Holiday,726440.0838
7,2010,42,16,558837.27,0,91.8,2.971,126.1498065,9.199,16-Jul-10,Not Holiday,Non-Holiday,442994.9482
7,2010,5,16,280701.7,0,83.98,2.623,211.6561123,6.496,16-Jul-10,Not Holiday,Non-Holiday,132621.5893
7,2010,6,16,1560120.8,0,83.75,2.623,212.6212163,6.973,16-Jul-10,Not Holiday,Non-Holiday,733755.938
7,2010,39,16,1339811.68,0,83.86,2.623,209.8630532,8.36,16-Jul-10,Not Holiday,Non-Holiday,638421.8945
7,2010,16,16,586583.69,0,67.68,2.699,189.6125456,6.868,16-Jul-10,Not Holiday,Non-Holiday,309359.1134
7,2010,8,16,848630.57,0,77.49,2.623,214.4640599,6.315,16-Jul-10,Not Holiday,Non-Holiday,395698.2678
7,2010,29,16,512292.01,0,76.3,2.796,132.5667742,10.409,16-Jul-10,Not Holiday,Non-Holiday,386440.73
7,2010,41,16,1179788.38,0,69.06,2.699,189.6125456,7.335,16-Jul-10,Not Holiday,Non-Holiday,622210.0844
7,2010,28,16,1225336.41,0,97.18,3.094,126.1498065,14.18,16-Jul-10,Not Holiday,Non-Holiday,971334.3556
7,2010,40,16,959229.09,0,74.25,2.796,132.5667742,5.326,16-Jul-10,Not Holiday,Non-Holiday,723581.8295
7,2010,18,16,1115514.61,0,76.9,2.796,132.5667742,9.342,16-Jul-10,Not Holiday,Non-Holiday,841473.7529
7,2010,17,16,876591.41,0,65.66,2.791,126.1498065,6.697,16-Jul-10,Not Holiday,Non-Holiday,694881.2958
7,2010,7,16,557166.35,0,62.19,2.699,189.6125456,9.017,16-Jul-10,Not Holiday,Non-Holiday,293844.6653
7,2010,12,23,912403.67,0,99.22,3.112,126.1283548,14.18,23-Jul-10,Not Holiday,Non-Holiday,723392.9844
7,2010,37,23,491998.12,0,82.6,2.608,209.9958663,8.36,23-Jul-10,Not Holiday,Non-Holiday,234289.4309
7,2010,28,23,1205884.98,0,99.22,3.112,126.1283548,14.18,23-Jul-10,Not Holiday,Non-Holiday,956077.6258
7,2010,38,23,328336.85,0,99.22,3.112,126.1283548,14.18,23-Jul-10,Not Holiday,Non-Holiday,260319.6169
7,2010,5,23,274742.63,0,83.66,2.608,211.7915565,6.496,23-Jul-10,Not Holiday,Non-Holiday,129723.1271
7,2010,24,23,1333740.35,0,75.27,2.924,132.5825806,8.117,23-Jul-10,Not Holiday,Non-Holiday,1005969.52
7,2010,20,23,1900535.9,0,77.75,2.771,204.4812188,7.527,23-Jul-10,Not Holiday,Non-Holiday,929442.768
7,2010,43,23,649035.55,0,86.6,2.608,203.1750161,9.816,23-Jul-10,Not Holiday,Non-Holiday,319446.5355
7,2010,42,23,491115.86,0,88.44,3.112,126.1283548,9.199,23-Jul-10,Not Holiday,Non-Holiday,389377.8372
7,2010,3,23,352864.49,0,83.32,2.608,214.5564968,7.346,23-Jul-10,Not Holiday,Non-Holiday,164462.2723
7,2010,34,23,902050.95,0,79.58,2.612,126.1283548,9.816,23-Jul-10,Not Holiday,Non-Holiday,715184.9015
7,2010,33,23,252734.31,0,97.04,3.112,126.1283548,9.495,23-Jul-10,Not Holiday,Non-Holiday,200378.6622
7,2010,25,23,665290.93,0,75.37,2.771,204.4812188,7.527,23-Jul-10,Not Holiday,Non-Holiday,325355.5187
7,2010,8,23,785515.88,0,78.29,2.608,214.6029664,6.315,23-Jul-10,Not Holiday,Non-Holiday,366032.1631
7,2010,40,23,922341.82,0,71.79,2.784,132.5825806,5.326,23-Jul-10,Not Holiday,Non-Holiday,695673.4556
7,2010,17,23,893504.87,0,69.66,2.797,126.1283548,6.697,23-Jul-10,Not Holiday,Non-Holiday,708409.2006
7,2010,9,23,462676.5,0,84.49,2.608,214.7865779,6.442,23-Jul-10,Not Holiday,Non-Holiday,215412.2034
7,2010,45,23,714601.11,0,81.46,2.771,182.3509895,8.743,23-Jul-10,Not Holiday,Non-Holiday,391882.2223
7,2010,4,23,1848426.78,0,79.78,2.612,126.1283548,7.372,23-Jul-10,Not Holiday,Non-Holiday,1465512.48
7,2010,35,23,1121756.43,0,81.56,2.771,136.4366924,8.861,23-Jul-10,Not Holiday,Non-Holiday,822180.9033
7,2010,7,23,570231.21,0,64.64,2.691,189.774698,9.017,23-Jul-10,Not Holiday,Non-Holiday,300477.9963
7,2010,27,23,1808250.71,0,81.56,2.924,136.4366924,7.982,23-Jul-10,Not Holiday,Non-Holiday,1325340.477
7,2010,18,23,1032908.23,0,75.71,2.784,132.5825806,9.342,23-Jul-10,Not Holiday,Non-Holiday,779067.8273
7,2010,32,23,1109574.11,0,75.69,2.691,189.774698,9.017,23-Jul-10,Not Holiday,Non-Holiday,584679.6869
7,2010,14,23,2044155.39,0,81.46,2.771,182.3509895,8.743,23-Jul-10,Not Holiday,Non-Holiday,1121000.437
7,2010,29,23,506502.09,0,76.91,2.784,132.5825806,10.409,23-Jul-10,Not Holiday,Non-Holiday,382027.6297
7,2010,39,23,1314651.83,0,82.2,2.608,209.9958663,8.36,23-Jul-10,Not Holiday,Non-Holiday,626037.004
7,2010,1,23,1385065.2,0,83.36,2.608,211.2351443,7.787,23-Jul-10,Not Holiday,Non-Holiday,655698.2762
7,2010,26,23,971615.62,0,65.4,2.784,132.5825806,8.445,23-Jul-10,Not Holiday,Non-Holiday,732838.0664
7,2010,41,23,1192213.87,0,70.77,2.691,189.774698,7.335,23-Jul-10,Not Holiday,Non-Holiday,628225.9345
7,2010,16,23,588344.18,0,70.67,2.691,189.774698,6.868,23-Jul-10,Not Holiday,Non-Holiday,310022.4562
7,2010,44,23,292680.16,0,82.27,2.797,126.1283548,7.804,23-Jul-10,Not Holiday,Non-Holiday,232049.4551
7,2010,6,23,1585240.92,0,83.9,2.608,212.7578505,6.973,23-Jul-10,Not Holiday,Non-Holiday,745091.6224
7,2010,36,23,452021.2,0,82.6,2.542,209.9958663,8.36,23-Jul-10,Not Holiday,Non-Holiday,215252.4276
7,2010,11,23,1244390.03,0,84.57,2.608,214.5564968,7.346,23-Jul-10,Not Holiday,Non-Holiday,579982.4515
7,2010,23,23,1333634.45,0,70.2,2.784,132.5825806,5.326,23-Jul-10,Not Holiday,Non-Holiday,1005889.646
7,2010,13,23,1907351.2,0,82.27,2.797,126.1283548,7.951,23-Jul-10,Not Holiday,Non-Holiday,1512230.301
7,2010,22,23,974123.2,0,76.91,2.784,136.4366924,8.433,23-Jul-10,Not Holiday,Non-Holiday,713974.5056
7,2010,10,23,1831676.03,0,88.44,3.112,126.1283548,9.199,23-Jul-10,Not Holiday,Non-Holiday,1452231.763
7,2010,9,30,468675.19,0,79.83,2.64,214.9257105,6.442,30-Jul-10,Not Holiday,Non-Holiday,218063.8086
7,2010,7,30,603547.16,0,66.07,2.69,189.9368504,9.017,30-Jul-10,Not Holiday,Non-Holiday,317762.0134
7,2010,8,30,787295.09,0,76.02,2.64,214.7418728,6.315,30-Jul-10,Not Holiday,Non-Holiday,366623.9284
7,2010,32,30,1065350.56,0,75.62,2.69,189.9368504,9.017,30-Jul-10,Not Holiday,Non-Holiday,560897.2444
7,2010,39,30,1308222.24,0,80.99,2.64,210.1286794,8.36,30-Jul-10,Not Holiday,Non-Holiday,622581.479
7,2010,22,30,970773.64,0,76.35,2.792,136.4554021,8.433,30-Jul-10,Not Holiday,Non-Holiday,711421.9189
7,2010,33,30,242047.03,0,92.71,3.017,126.1069032,9.495,30-Jul-10,Not Holiday,Non-Holiday,191937.97
7,2010,42,30,469598.57,0,85.03,3.017,126.1069032,9.199,30-Jul-10,Not Holiday,Non-Holiday,372381.3353
7,2010,37,30,487912.95,0,81.88,2.64,210.1286794,8.36,30-Jul-10,Not Holiday,Non-Holiday,232197.2191
7,2010,41,30,1211136.63,0,70.07,2.69,189.9368504,7.335,30-Jul-10,Not Holiday,Non-Holiday,637652.2657
7,2010,11,30,1250178.89,0,83.26,2.64,214.695346,7.346,30-Jul-10,Not Holiday,Non-Holiday,582303.6751
7,2010,43,30,622112.23,0,79.79,2.64,203.2961774,9.816,30-Jul-10,Not Holiday,Non-Holiday,306012.7534
7,2010,36,30,432451.91,0,81.88,2.602,210.1286794,8.36,30-Jul-10,Not Holiday,Non-Holiday,205803.3731
7,2010,26,30,1005324.28,0,63.79,2.792,132.5983871,8.445,30-Jul-10,Not Holiday,Non-Holiday,758172.3292
7,2010,5,30,268929.03,0,82.46,2.64,211.9270006,6.496,30-Jul-10,Not Holiday,Non-Holiday,126897.0113
7,2010,6,30,1532308.78,0,81.37,2.64,212.8944846,6.973,30-Jul-10,Not Holiday,Non-Holiday,719750.3415
7,2010,45,30,716859.27,0,79.78,2.781,182.4415378,8.743,30-Jul-10,Not Holiday,Non-Holiday,392925.4701
7,2010,24,30,1387517.63,0,75.91,2.932,132.5983871,8.117,30-Jul-10,Not Holiday,Non-Holiday,1046406.114
7,2010,13,30,1817887.23,0,78.94,2.797,126.1069032,7.951,30-Jul-10,Not Holiday,Non-Holiday,1441544.582
7,2010,23,30,1319773.55,0,69.71,2.792,132.5983871,5.326,30-Jul-10,Not Holiday,Non-Holiday,995316.443
7,2010,28,30,1150204.71,0,96.31,3.017,126.1069032,14.18,30-Jul-10,Not Holiday,Non-Holiday,912087.0316
7,2010,12,30,913548.25,0,96.31,3.017,126.1069032,14.18,30-Jul-10,Not Holiday,Non-Holiday,724423.665
7,2010,10,30,1832664.03,0,85.03,3.017,126.1069032,9.199,30-Jul-10,Not Holiday,Non-Holiday,1453262.259
7,2010,16,30,562633.67,0,70.71,2.69,189.9368504,6.868,30-Jul-10,Not Holiday,Non-Holiday,296221.4382
7,2010,38,30,336378.38,0,96.31,3.017,126.1069032,14.18,30-Jul-10,Not Holiday,Non-Holiday,266740.6553
7,2010,44,30,275020.96,0,78.94,2.797,126.1069032,7.804,30-Jul-10,Not Holiday,Non-Holiday,218085.5711
7,2010,4,30,1796637.61,0,80.7,2.65,126.1069032,7.372,30-Jul-10,Not Holiday,Non-Holiday,1424694.1
7,2010,1,30,1371986.6,0,81.84,2.64,211.3699032,7.787,30-Jul-10,Not Holiday,Non-Holiday,649092.6945
7,2010,25,30,682124.34,0,71.99,2.781,204.605272,7.527,30-Jul-10,Not Holiday,Non-Holiday,333385.5151
7,2010,35,30,1139131.78,0,79.78,2.781,136.4554021,8.861,30-Jul-10,Not Holiday,Non-Holiday,834801.5267
7,2010,14,30,2054843.28,0,79.78,2.781,182.4415378,8.743,30-Jul-10,Not Holiday,Non-Holiday,1126302.324
7,2010,17,30,833517.19,0,69.96,2.797,126.1069032,6.697,30-Jul-10,Not Holiday,Non-Holiday,660960.795
7,2010,3,30,347955.05,0,82.04,2.64,214.695346,7.346,30-Jul-10,Not Holiday,Non-Holiday,162069.2095
7,2010,34,30,875976.83,0,72.26,2.65,126.1069032,9.816,30-Jul-10,Not Holiday,Non-Holiday,694630.3555
7,2010,29,30,509872.77,0,76.35,2.792,132.5983871,10.409,30-Jul-10,Not Holiday,Non-Holiday,384524.1116
7,2010,27,30,1816489.53,0,79.78,2.932,136.4554021,7.982,30-Jul-10,Not Holiday,Non-Holiday,1331196.495
7,2010,18,30,1078557.62,0,75.79,2.792,132.5983871,9.342,30-Jul-10,Not Holiday,Non-Holiday,813401.7642
7,2010,20,30,1955896.59,0,76.03,2.781,204.605272,7.527,30-Jul-10,Not Holiday,Non-Holiday,955936.5557
7,2010,40,30,953393.02,0,71.35,2.792,132.5983871,5.326,30-Jul-10,Not Holiday,Non-Holiday,719008.0067
10,2010,23,1,1129909.44,0,62.07,2.717,132.7568,5.287,1-Oct-10,Not Holiday,Non-Holiday,851112.2895
10,2010,10,1,1645892.97,0,86.01,3.001,126.2346,9.003,1-Oct-10,Not Holiday,Non-Holiday,1303836.642
10,2010,15,1,566945.95,0,59.69,2.84,132.7568,8.067,1-Oct-10,Not Holiday,Non-Holiday,427056.0529
10,2010,1,1,1453329.5,0,71.89,2.603,211.6719895,7.838,1-Oct-10,Not Holiday,Non-Holiday,686595.0962
10,2010,41,1,1109216.35,0,62.67,2.759,190.6738241,7.508,1-Oct-10,Not Holiday,Non-Holiday,581734.9892
10,2010,25,1,658640.14,0,57.56,2.707,204.8850973,7.484,1-Oct-10,Not Holiday,Non-Holiday,321468.0563
10,2010,17,1,829207.27,0,60.07,2.853,126.2346,6.885,1-Oct-10,Not Holiday,Non-Holiday,656877.9637
10,2010,27,1,1543532.83,0,70.19,2.84,136.6297571,8.021,1-Oct-10,Not Holiday,Non-Holiday,1129719.369
10,2010,19,1,1379456.3,0,59.91,2.84,132.7568,8.067,1-Oct-10,Not Holiday,Non-Holiday,1039085.23
10,2010,29,1,474698.01,0,69.31,2.717,132.7568,10.524,1-Oct-10,Not Holiday,Non-Holiday,357569.6386
10,2010,30,1,445475.3,0,70.28,2.603,211.3298742,8.163,1-Oct-10,Not Holiday,Non-Holiday,210796.179
10,2010,44,1,300152.45,0,68.74,2.853,126.2346,7.61,1-Oct-10,Not Holiday,Non-Holiday,237773.5185
10,2010,28,1,1203080.41,0,85.2,3.001,126.2346,14.313,1-Oct-10,Not Holiday,Non-Holiday,953051.2316
10,2010,18,1,948977.5,0,67.76,2.717,132.7568,9.331,1-Oct-10,Not Holiday,Non-Holiday,714824.0241
10,2010,31,1,1213981.64,0,70.28,2.603,211.3298742,8.163,1-Oct-10,Not Holiday,Non-Holiday,574448.6645
10,2010,21,1,677158.39,0,70.28,2.603,211.3298742,8.163,1-Oct-10,Not Holiday,Non-Holiday,320427.1959
10,2010,42,1,481523.93,0,86.01,3.001,126.2346,9.003,1-Oct-10,Not Holiday,Non-Holiday,381451.6226
10,2010,11,1,1182490.46,0,75.11,2.603,214.9846548,7.564,1-Oct-10,Not Holiday,Non-Holiday,550034.8204
10,2010,26,1,923221.52,0,57.8,2.717,132.7568,8.149,1-Oct-10,Not Holiday,Non-Holiday,695423.1497
10,2010,45,1,690007.76,0,70.58,2.707,182.7168385,8.724,1-Oct-10,Not Holiday,Non-Holiday,377637.7512
10,2010,22,1,905987.17,0,69.31,2.717,136.6297571,8.572,1-Oct-10,Not Holiday,Non-Holiday,663096.5239
10,2010,32,1,1061089.56,0,66.14,2.759,190.6738241,9.137,1-Oct-10,Not Holiday,Non-Holiday,556494.6133
10,2010,39,1,1219583.91,0,72.74,2.603,210.4404433,8.476,1-Oct-10,Not Holiday,Non-Holiday,579538.7478
10,2010,9,1,495692.19,0,69.08,2.603,215.2141341,6.56,1-Oct-10,Not Holiday,Non-Holiday,230325.1095
10,2010,3,1,358784.1,0,73.6,2.603,214.9846548,7.564,1-Oct-10,Not Holiday,Non-Holiday,166888.2369
10,2010,14,1,1855703.66,0,70.58,2.707,182.7168385,8.724,1-Oct-10,Not Holiday,Non-Holiday,1015617.211
10,2010,37,1,529877.93,0,74.66,2.603,210.4404433,8.476,1-Oct-10,Not Holiday,Non-Holiday,251794.7224
10,2010,4,1,1842821.02,0,63.96,2.619,126.2346,7.127,1-Oct-10,Not Holiday,Non-Holiday,1459838.285
10,2010,7,1,448998.73,0,49.99,2.759,190.6738241,9.137,1-Oct-10,Not Holiday,Non-Holiday,235480.0047
10,2010,40,1,891152.33,0,62.01,2.717,132.7568,5.287,1-Oct-10,Not Holiday,Non-Holiday,671266.8052
10,2010,36,1,422169.47,0,74.66,2.567,210.4404433,8.476,1-Oct-10,Not Holiday,Non-Holiday,200612.3269
10,2010,8,1,804105.49,0,68.7,2.603,215.0310029,6.433,1-Oct-10,Not Holiday,Non-Holiday,373948.6303
10,2010,2,1,1827440.43,0,69.24,2.603,211.3298742,8.163,1-Oct-10,Not Holiday,Non-Holiday,864733.6005
10,2010,24,1,1215273.2,0,66.88,2.84,132.7568,8.275,1-Oct-10,Not Holiday,Non-Holiday,915413.1464
10,2010,16,1,463977.54,0,59.39,2.759,190.6738241,6.986,1-Oct-10,Not Holiday,Non-Holiday,243335.7291
10,2010,13,1,1765584.48,0,68.74,2.853,126.2346,7.795,1-Oct-10,Not Holiday,Non-Holiday,1398653.364
10,2010,34,1,865709.11,0,70.13,2.619,126.2346,10.21,1-Oct-10,Not Holiday,Non-Holiday,685793.8394
10,2010,6,1,1328468.89,0,70.69,2.603,213.1907129,7.007,1-Oct-10,Not Holiday,Non-Holiday,623136.3796
10,2010,12,1,850936.26,0,85.2,3.001,126.2346,14.313,1-Oct-10,Not Holiday,Non-Holiday,674091.1446
10,2010,35,1,771065.21,0,70.19,2.707,136.6297571,8.763,1-Oct-10,Not Holiday,Non-Holiday,564346.4691
10,2010,33,1,224294.39,0,91.45,3.001,126.2346,9.265,1-Oct-10,Not Holiday,Non-Holiday,177680.5963
10,2010,43,1,657108.77,0,77.93,2.603,203.5934286,10.21,1-Oct-10,Not Holiday,Non-Holiday,322755.3927
10,2010,20,1,1933719.21,0,61.08,2.707,204.8850973,7.484,1-Oct-10,Not Holiday,Non-Holiday,943806.668
10,2010,5,1,283178.12,0,71.1,2.603,212.2269463,6.768,1-Oct-10,Not Holiday,Non-Holiday,133431.746
10,2010,38,1,360256.58,0,85.2,3.001,126.2346,14.313,1-Oct-10,Not Holiday,Non-Holiday,285386.558
10,2010,22,8,1015051.62,0,56.32,2.776,136.6277321,8.572,8-Oct-10,Not Holiday,Non-Holiday,742932.3494
10,2010,20,8,2060389.27,0,51.5,2.764,204.951982,7.484,8-Oct-10,Not Holiday,Non-Holiday,1005303.413
10,2010,26,8,1001069.52,0,46.81,2.776,132.7516667,8.149,8-Oct-10,Not Holiday,Non-Holiday,754091.8656
10,2010,27,8,1707662.87,0,57.78,2.903,136.6277321,8.021,8-Oct-10,Not Holiday,Non-Holiday,1249865.488
10,2010,19,8,1428960.72,0,53.74,2.903,132.7516667,8.067,8-Oct-10,Not Holiday,Non-Holiday,1076416.406
10,2010,15,8,591603.79,0,52.19,2.903,132.7516667,8.067,8-Oct-10,Not Holiday,Non-Holiday,445646.9773
10,2010,23,8,1179851.68,0,50.75,2.776,132.7516667,5.287,8-Oct-10,Not Holiday,Non-Holiday,888766.0015
10,2010,21,8,680579.49,0,65.76,2.633,211.4044906,8.163,8-Oct-10,Not Holiday,Non-Holiday,321932.3715
10,2010,25,8,674283.86,0,48.46,2.764,204.951982,7.484,8-Oct-10,Not Holiday,Non-Holiday,328996.0182
10,2010,32,8,1085483.44,0,61.81,2.745,190.7763218,9.137,8-Oct-10,Not Holiday,Non-Holiday,568982.2666
10,2010,14,8,2091663.2,0,56.49,2.764,182.7640032,8.724,8-Oct-10,Not Holiday,Non-Holiday,1144461.252
10,2010,28,8,1334571.87,0,71.82,3.013,126.2791667,14.313,8-Oct-10,Not Holiday,Non-Holiday,1056842.474
10,2010,18,8,1107432.71,0,54.73,2.776,132.7516667,9.331,8-Oct-10,Not Holiday,Non-Holiday,834213.79
10,2010,31,8,1300131.68,0,65.76,2.633,211.4044906,8.163,8-Oct-10,Not Holiday,Non-Holiday,614997.1915
10,2010,34,8,931710.67,0,65.21,2.645,126.2791667,10.21,8-Oct-10,Not Holiday,Non-Holiday,737818.1963
10,2010,13,8,1871924.07,0,63.03,2.841,126.2791667,7.795,8-Oct-10,Not Holiday,Non-Holiday,1482369.673
10,2010,29,8,530059.06,0,56.32,2.776,132.7516667,10.524,8-Oct-10,Not Holiday,Non-Holiday,399286.1809
10,2010,17,8,827738.06,0,58.06,2.841,126.2791667,6.885,8-Oct-10,Not Holiday,Non-Holiday,655482.6751
10,2010,16,8,442894.2,0,54.29,2.745,190.7763218,6.986,8-Oct-10,Not Holiday,Non-Holiday,232153.6529
10,2010,30,8,462080.47,0,65.76,2.633,211.4044906,8.163,8-Oct-10,Not Holiday,Non-Holiday,218576.4686
10,2010,24,8,1361944.94,0,54.82,2.903,132.7516667,8.275,8-Oct-10,Not Holiday,Non-Holiday,1025934.343
10,2010,33,8,266484.19,0,79.02,2.924,126.2791667,9.265,8-Oct-10,Not Holiday,Non-Holiday,211027.8338
10,2010,12,8,918335.68,0,71.82,3.013,126.2791667,14.313,8-Oct-10,Not Holiday,Non-Holiday,727226.5917
10,2010,10,8,1772192.42,0,77.04,2.924,126.2791667,9.003,8-Oct-10,Not Holiday,Non-Holiday,1403392.552
10,2010,6,8,1360317.9,0,65.21,2.633,213.2661373,7.007,8-Oct-10,Not Holiday,Non-Holiday,637849.9265
10,2010,41,8,1162042.24,0,57.1,2.745,190.7763218,7.508,8-Oct-10,Not Holiday,Non-Holiday,609112.404
10,2010,11,8,1293472.8,0,68.71,2.633,215.060858,7.564,8-Oct-10,Not Holiday,Non-Holiday,601445.0105
10,2010,36,8,444351.61,0,66.34,2.595,210.5144398,8.476,8-Oct-10,Not Holiday,Non-Holiday,211078.9219
10,2010,1,8,1508239.93,0,63.93,2.633,211.7467544,7.838,8-Oct-10,Not Holiday,Non-Holiday,712284.7924
10,2010,45,8,745782.1,0,56.49,2.764,182.7640032,8.724,8-Oct-10,Not Holiday,Non-Holiday,408057.4331
10,2010,2,8,1849921.44,0,63.19,2.633,211.4044906,8.163,8-Oct-10,Not Holiday,Non-Holiday,875062.5092
10,2010,40,8,972405.38,0,52.02,2.776,132.7516667,5.287,8-Oct-10,Not Holiday,Non-Holiday,732499.5642
10,2010,7,8,480239.88,0,44.13,2.745,190.7763218,9.137,8-Oct-10,Not Holiday,Non-Holiday,251729.2898
10,2010,37,8,524483.65,0,66.34,2.633,210.5144398,8.476,8-Oct-10,Not Holiday,Non-Holiday,249143.7882
10,2010,44,8,279524.44,0,63.03,2.841,126.2791667,7.61,8-Oct-10,Not Holiday,Non-Holiday,221354.359
10,2010,3,8,395107.35,0,66.99,2.633,215.060858,7.564,8-Oct-10,Not Holiday,Non-Holiday,183718.8569
10,2010,9,8,505069.21,0,65.35,2.633,215.290437,6.56,8-Oct-10,Not Holiday,Non-Holiday,234598.9989
10,2010,38,8,351271.36,0,71.82,3.013,126.2791667,14.313,8-Oct-10,Not Holiday,Non-Holiday,278170.4767
10,2010,35,8,874615.32,0,57.78,2.764,136.6277321,8.763,8-Oct-10,Not Holiday,Non-Holiday,640144.7982
10,2010,43,8,713332.54,0,72.81,2.633,203.6651786,10.21,8-Oct-10,Not Holiday,Non-Holiday,350247.6687
10,2010,42,8,599759.45,0,77.04,2.924,126.2791667,9.003,8-Oct-10,Not Holiday,Non-Holiday,474947.2662
10,2010,8,8,870349.86,0,62.94,2.633,215.1072262,6.433,8-Oct-10,Not Holiday,Non-Holiday,404612.0976
5,2010,29,28,577627.66,0,65.64,2.906,132.2939355,10.16,28-May-10,Not Holiday,Non-Holiday,436624.4438
10,2010,5,8,290494.85,0,64.99,2.633,212.3019522,6.768,8-Oct-10,Not Holiday,Non-Holiday,136830.9839
10,2010,4,8,1951494.85,0,67.73,2.645,126.2791667,7.127,8-Oct-10,Not Holiday,Non-Holiday,1545381.476
10,2010,17,15,838297.32,0,47.35,2.845,126.3266774,6.885,15-Oct-10,Not Holiday,Non-Holiday,663594.8457
10,2010,2,15,1794355.49,0,65.8,2.72,211.4713286,8.163,15-Oct-10,Not Holiday,Non-Holiday,848510.0566
10,2010,19,15,1369317.63,0,51.32,2.999,132.7633548,8.067,15-Oct-10,Not Holiday,Non-Holiday,1031397.28
10,2010,31,15,1265852.43,0,68.61,2.72,211.4713286,8.163,15-Oct-10,Not Holiday,Non-Holiday,598592.9338
10,2010,27,15,1728388.2,0,58.38,2.999,136.6401935,8.021,15-Oct-10,Not Holiday,Non-Holiday,1264919.315
10,2010,22,15,954401.46,0,55.23,2.878,136.6401935,8.572,15-Oct-10,Not Holiday,Non-Holiday,698477.8311
10,2010,13,15,1851431.06,0,54.12,2.845,126.3266774,7.795,15-Oct-10,Not Holiday,Non-Holiday,1465589.928
10,2010,5,15,280681.2,0,68.11,2.72,212.3691867,6.768,15-Oct-10,Not Holiday,Non-Holiday,132166.6313
10,2010,16,15,452169.28,0,45,2.762,190.8623087,6.986,15-Oct-10,Not Holiday,Non-Holiday,236908.6296
10,2010,39,15,1238742,0,69.96,2.72,210.5805944,8.476,15-Oct-10,Not Holiday,Non-Holiday,588250.7852
10,2010,11,15,1175003.67,0,71.46,2.72,215.1293114,7.564,15-Oct-10,Not Holiday,Non-Holiday,546184.8329
10,2010,18,15,1029618.1,0,52.02,2.878,132.7633548,9.331,15-Oct-10,Not Holiday,Non-Holiday,775528.8359
10,2010,41,15,1133913.33,0,49.91,2.762,190.8623087,7.508,15-Oct-10,Not Holiday,Non-Holiday,594100.1855
10,2010,6,15,1344580.92,0,68.93,2.72,213.3337977,7.007,15-Oct-10,Not Holiday,Non-Holiday,630270.9343
10,2010,24,15,1300806.74,0,52.83,2.999,132.7633548,8.275,15-Oct-10,Not Holiday,Non-Holiday,979793.5145
10,2010,45,15,715263.3,0,58.61,2.868,182.8106203,8.724,15-Oct-10,Not Holiday,Non-Holiday,391259.1614
10,2010,36,15,453308.15,0,71.57,2.705,210.5805944,8.476,15-Oct-10,Not Holiday,Non-Holiday,215265.8707
10,2010,33,15,251732.92,0,80.49,3.08,126.3266774,9.265,15-Oct-10,Not Holiday,Non-Holiday,199271.3853
10,2010,42,15,559285.35,0,75.48,3.08,126.3266774,9.003,15-Oct-10,Not Holiday,Non-Holiday,442729.4072
10,2010,7,15,463370.48,0,35.86,2.762,190.8623087,9.137,15-Oct-10,Not Holiday,Non-Holiday,242777.363
10,2010,15,15,577011.26,0,49.96,2.999,132.7633548,8.067,15-Oct-10,Not Holiday,Non-Holiday,434616.36
10,2010,38,15,337743.26,0,75,2.976,126.3266774,14.313,15-Oct-10,Not Holiday,Non-Holiday,267357.0357
10,2010,20,15,1950676.39,0,59.17,2.868,205.0137637,7.484,15-Oct-10,Not Holiday,Non-Holiday,951485.5758
10,2010,43,15,699852.68,0,68.78,2.72,203.7299032,10.21,15-Oct-10,Not Holiday,Non-Holiday,343519.8609
10,2010,9,15,454769.68,0,67.36,2.72,215.3589917,6.56,15-Oct-10,Not Holiday,Non-Holiday,211168.1878
10,2010,26,15,937956.89,0,39.93,2.878,132.7633548,8.149,15-Oct-10,Not Holiday,Non-Holiday,706487.7891
10,2010,30,15,453943.89,0,68.61,2.72,211.4713286,8.163,15-Oct-10,Not Holiday,Non-Holiday,214659.7806
10,2010,32,15,1096692.88,0,52.96,2.762,190.8623087,9.137,15-Oct-10,Not Holiday,Non-Holiday,574598.9805
10,2010,28,15,1158062.99,0,75,2.976,126.3266774,14.313,15-Oct-10,Not Holiday,Non-Holiday,916720.8493
10,2010,3,15,345584.39,0,69.71,2.72,215.1293114,7.564,15-Oct-10,Not Holiday,Non-Holiday,160640.3087
10,2010,44,15,268708.43,0,54.12,2.845,126.3266774,7.61,15-Oct-10,Not Holiday,Non-Holiday,212709.1724
10,2010,34,15,888703.62,0,59.57,2.732,126.3266774,10.21,15-Oct-10,Not Holiday,Non-Holiday,703496.3939
10,2010,14,15,1932162.63,0,58.61,2.868,182.8106203,8.724,15-Oct-10,Not Holiday,Non-Holiday,1056920.34
10,2010,37,15,498925.86,0,71.57,2.72,210.5805944,8.476,15-Oct-10,Not Holiday,Non-Holiday,236928.6977
10,2010,4,15,1867345.09,0,62.03,2.732,126.3266774,7.127,15-Oct-10,Not Holiday,Non-Holiday,1478187.449
10,2010,10,15,1703850.25,0,75.48,3.08,126.3266774,9.003,15-Oct-10,Not Holiday,Non-Holiday,1348765.19
10,2010,25,15,616094.72,0,54.09,2.868,205.0137637,7.484,15-Oct-10,Not Holiday,Non-Holiday,300513.8333
10,2010,40,15,917883.17,0,44.56,2.878,132.7633548,5.287,15-Oct-10,Not Holiday,Non-Holiday,691367.8638
10,2010,21,15,693412.05,0,68.61,2.72,211.4713286,8.163,15-Oct-10,Not Holiday,Non-Holiday,327898.8478
10,2010,35,15,798376.99,0,58.38,2.868,136.6401935,8.763,15-Oct-10,Not Holiday,Non-Holiday,584291.4662
10,2010,8,15,826546.96,0,62.59,2.72,215.1757,6.433,15-Oct-10,Not Holiday,Non-Holiday,384126.5347
10,2010,1,15,1459409.1,0,67.18,2.72,211.8137436,7.838,15-Oct-10,Not Holiday,Non-Holiday,689005.8573
10,2010,23,15,1119809.71,0,45.55,2.878,132.7633548,5.287,15-Oct-10,Not Holiday,Non-Holiday,843462.9508
10,2010,12,15,862419.84,0,75,2.976,126.3266774,14.313,15-Oct-10,Not Holiday,Non-Holiday,682690.1948
10,2010,29,15,483011.69,0,55.23,2.878,132.7633548,10.524,15-Oct-10,Not Holiday,Non-Holiday,363814.0138
10,2010,11,22,1169831.38,0,72.6,2.725,215.17839,7.564,22-Oct-10,Not Holiday,Non-Holiday,543656.5354
10,2010,14,22,1936621.09,0,53.15,2.917,182.8558685,8.724,22-Oct-10,Not Holiday,Non-Holiday,1059097.04
10,2010,29,22,505221.17,0,50.24,2.919,132.8170968,10.524,22-Oct-10,Not Holiday,Non-Holiday,380388.6564
10,2010,40,22,882180.91,0,41.25,2.919,132.8170968,5.287,22-Oct-10,Not Holiday,Non-Holiday,664207.3432
10,2010,37,22,510425.4,0,72.24,2.725,210.6271444,8.476,22-Oct-10,Not Holiday,Non-Holiday,242336.0016
10,2010,5,22,284988.27,0,70.96,2.725,212.4169928,6.768,22-Oct-10,Not Holiday,Non-Holiday,134164.5347
10,2010,8,22,836419.14,0,62.86,2.725,215.2248,6.433,22-Oct-10,Not Holiday,Non-Holiday,388625.8182
10,2010,7,22,472450.81,0,36.84,2.762,190.9070184,9.137,22-Oct-10,Not Holiday,Non-Holiday,247476.9204
10,2010,45,22,730899.37,0,53.15,2.917,182.8558685,8.724,22-Oct-10,Not Holiday,Non-Holiday,399713.3786
10,2010,10,22,1740234.06,0,68.12,3.014,126.3815484,9.003,22-Oct-10,Not Holiday,Non-Holiday,1376968.459
10,2010,24,22,1234875.33,0,48.69,3.049,132.8170968,8.275,22-Oct-10,Not Holiday,Non-Holiday,929756.3038
10,2010,31,22,1262289.29,0,70.72,2.725,211.5187208,8.163,22-Oct-10,Not Holiday,Non-Holiday,596774.2643
10,2010,2,22,1737947.64,0,68.5,2.725,211.5187208,8.163,22-Oct-10,Not Holiday,Non-Holiday,821651.9244
10,2010,17,22,815093.76,0,47.95,2.849,126.3815484,6.885,22-Oct-10,Not Holiday,Non-Holiday,644946.8062
10,2010,9,22,466322.76,0,69.99,2.725,215.4081762,6.56,22-Oct-10,Not Holiday,Non-Holiday,216483.3147
10,2010,38,22,339042.18,0,68.85,3.014,126.3815484,14.313,22-Oct-10,Not Holiday,Non-Holiday,268268.7341
10,2010,4,22,1927610.06,0,64.17,2.736,126.3815484,7.127,22-Oct-10,Not Holiday,Non-Holiday,1525230.609
10,2010,27,22,1693935.29,0,52.82,3.049,136.688871,8.021,22-Oct-10,Not Holiday,Non-Holiday,1239263.502
10,2010,6,22,1332716.53,0,70.97,2.725,213.3820486,7.007,22-Oct-10,Not Holiday,Non-Holiday,624568.2515
10,2010,15,22,600395.73,0,47.1,3.049,132.8170968,8.067,22-Oct-10,Not Holiday,Non-Holiday,452047.0214
10,2010,44,22,270110.3,0,56.89,2.849,126.3815484,7.61,22-Oct-10,Not Holiday,Non-Holiday,213726.0569
10,2010,41,22,1156003.7,0,48.09,2.762,190.9070184,7.508,22-Oct-10,Not Holiday,Non-Holiday,605532.3213
10,2010,18,22,1052120.43,0,47.12,2.919,132.8170968,9.331,22-Oct-10,Not Holiday,Non-Holiday,792157.3768
10,2010,19,22,1357154.71,0,48.45,3.049,132.8170968,8.067,22-Oct-10,Not Holiday,Non-Holiday,1021822.298
10,2010,12,22,857883.46,0,68.85,3.014,126.3815484,14.313,22-Oct-10,Not Holiday,Non-Holiday,678804.3594
10,2010,23,22,1147503.92,0,43.19,2.919,132.8170968,5.287,22-Oct-10,Not Holiday,Non-Holiday,863973.0484
10,2010,22,22,960998.52,0,50.24,2.919,136.688871,8.572,22-Oct-10,Not Holiday,Non-Holiday,703055.4229
10,2010,13,22,1796949.59,0,56.89,2.849,126.3815484,7.795,22-Oct-10,Not Holiday,Non-Holiday,1421844.892
10,2010,32,22,1102185,0,52.3,2.762,190.9070184,9.137,22-Oct-10,Not Holiday,Non-Holiday,577341.2676
10,2010,30,22,459631.74,0,70.72,2.725,211.5187208,8.163,22-Oct-10,Not Holiday,Non-Holiday,217300.7374
10,2010,1,22,1345454,0,69.86,2.725,211.8612937,7.838,22-Oct-10,Not Holiday,Non-Holiday,635063.6195
10,2010,35,22,827705.82,0,52.82,2.917,136.688871,8.763,22-Oct-10,Not Holiday,Non-Holiday,605540.0223
10,2010,20,22,1893955.27,0,50.52,2.917,205.0627881,7.484,22-Oct-10,Not Holiday,Non-Holiday,923597.7368
10,2010,39,22,1261109.01,0,71.73,2.725,210.6271444,8.476,22-Oct-10,Not Holiday,Non-Holiday,598740.0217
10,2010,33,22,234175.92,0,74.2,3.014,126.3815484,9.265,22-Oct-10,Not Holiday,Non-Holiday,185292.8081
10,2010,21,22,710668.45,0,70.72,2.725,211.5187208,8.163,22-Oct-10,Not Holiday,Non-Holiday,335983.7121
10,2010,43,22,680943.03,0,69.46,2.725,203.7770645,10.21,22-Oct-10,Not Holiday,Non-Holiday,334160.7809
10,2010,3,22,348895.98,0,71.64,2.725,215.17839,7.564,22-Oct-10,Not Holiday,Non-Holiday,162142.6668
10,2010,16,22,541216.92,0,45.85,2.762,190.9070184,6.986,22-Oct-10,Not Holiday,Non-Holiday,283497.6548
10,2010,28,22,1120619.32,0,68.85,3.014,126.3815484,14.313,22-Oct-10,Not Holiday,Non-Holiday,886695.3556
10,2010,36,22,424956.3,0,72.24,2.698,210.6271444,8.476,22-Oct-10,Not Holiday,Non-Holiday,201757.6135
10,2010,34,22,936293.6,0,58.11,2.736,126.3815484,10.21,22-Oct-10,Not Holiday,Non-Holiday,740846.7548
10,2010,26,22,916522.66,0,36.13,2.919,132.8170968,8.149,22-Oct-10,Not Holiday,Non-Holiday,690063.7659
10,2010,25,22,661644.19,0,46.73,2.917,205.0627881,7.484,22-Oct-10,Not Holiday,Non-Holiday,322654.4397
10,2010,42,22,522467.51,0,68.12,3.014,126.3815484,9.003,22-Oct-10,Not Holiday,Non-Holiday,413404.897
10,2010,36,29,392654.26,0,76.22,2.68,210.6736944,8.476,29-Oct-10,Not Holiday,Non-Holiday,186380.2983
10,2010,20,29,1891816,0,57.56,2.921,205.1118126,7.484,29-Oct-10,Not Holiday,Non-Holiday,922334.007
10,2010,11,29,1195036,0,74.21,2.716,215.2274686,7.564,29-Oct-10,Not Holiday,Non-Holiday,555243.2539
10,2010,5,29,278031.81,0,70.58,2.716,212.464799,6.768,29-Oct-10,Not Holiday,Non-Holiday,130860.176
10,2010,33,29,213538.32,0,71.34,3.13,126.4364194,9.265,29-Oct-10,Not Holiday,Non-Holiday,168889.8824
10,2010,4,29,1933333,0,56.94,2.718,126.4364194,7.127,29-Oct-10,Not Holiday,Non-Holiday,1529095.026
10,2010,7,29,465493.15,0,34.78,2.748,190.951728,9.137,29-Oct-10,Not Holiday,Non-Holiday,243775.3012
10,2010,40,29,875038.84,0,47.1,2.938,132.8708387,5.287,29-Oct-10,Not Holiday,Non-Holiday,658563.4956
10,2010,44,29,286497.49,0,45.12,2.841,126.4364194,7.61,29-Oct-10,Not Holiday,Non-Holiday,226594.1185
10,2010,1,29,1384209.22,0,69.64,2.716,211.9088438,7.838,29-Oct-10,Not Holiday,Non-Holiday,653209.7458
10,2010,18,29,1038576.54,0,55.85,2.938,132.8708387,9.331,29-Oct-10,Not Holiday,Non-Holiday,781643.7001
10,2010,13,29,1887895.07,0,45.12,2.841,126.4364194,7.795,29-Oct-10,Not Holiday,Non-Holiday,1493157.651
10,2010,31,29,1257921.28,0,67.51,2.716,211.5661131,8.163,29-Oct-10,Not Holiday,Non-Holiday,594575.9751
10,2010,12,29,955294.7,0,61.09,3.016,126.4364194,14.313,29-Oct-10,Not Holiday,Non-Holiday,755553.4272
10,2010,2,29,1802755.11,0,66.24,2.716,211.5661131,8.163,29-Oct-10,Not Holiday,Non-Holiday,852100.123
10,2010,41,29,1144854.56,0,42.16,2.748,190.951728,7.508,29-Oct-10,Not Holiday,Non-Holiday,599551.8197
10,2010,8,29,830756.76,0,57.93,2.716,215.2739,6.433,29-Oct-10,Not Holiday,Non-Holiday,385906.8656
10,2010,32,29,1115138.51,0,45.45,2.748,190.951728,9.137,29-Oct-10,Not Holiday,Non-Holiday,583989.7453
10,2010,30,29,438334.39,0,67.51,2.716,211.5661131,8.163,29-Oct-10,Not Holiday,Non-Holiday,207185.5382
10,2010,35,29,857797.33,0,61.02,2.921,136.7375484,8.763,29-Oct-10,Not Holiday,Non-Holiday,627331.2196
10,2010,39,29,1294769.08,0,75.14,2.716,210.6736944,8.476,29-Oct-10,Not Holiday,Non-Holiday,614585.0737
10,2010,3,29,348591.74,0,72.04,2.716,215.2274686,7.564,29-Oct-10,Not Holiday,Non-Holiday,161964.3358
10,2010,34,29,926294.02,0,50.78,2.718,126.4364194,10.21,29-Oct-10,Not Holiday,Non-Holiday,732616.46
10,2010,21,29,731756.65,0,67.51,2.716,211.5661131,8.163,29-Oct-10,Not Holiday,Non-Holiday,345876.1137
10,2010,42,29,476967.65,0,68.76,3.13,126.4364194,9.003,29-Oct-10,Not Holiday,Non-Holiday,377239.1311
10,2010,43,29,610076.32,0,65.88,2.716,203.8242258,10.21,29-Oct-10,Not Holiday,Non-Holiday,299314.9208
10,2010,16,29,495022.51,0,35.76,2.748,190.951728,6.986,29-Oct-10,Not Holiday,Non-Holiday,259239.6074
10,2010,28,29,1231688.48,0,61.09,3.016,126.4364194,14.313,29-Oct-10,Not Holiday,Non-Holiday,974156.4067
10,2010,26,29,895069.88,0,40.3,2.938,132.8708387,8.149,29-Oct-10,Not Holiday,Non-Holiday,673639.0684
10,2010,25,29,674458.03,0,55.72,2.921,205.1118126,7.484,29-Oct-10,Not Holiday,Non-Holiday,328824.5672
10,2010,6,29,1385323.7,0,70.39,2.716,213.4302994,7.007,29-Oct-10,Not Holiday,Non-Holiday,649075.4611
10,2010,14,29,1984768.34,0,61.3,2.921,182.9011166,8.724,29-Oct-10,Not Holiday,Non-Holiday,1085159.225
10,2010,22,29,1025766.27,0,57.73,2.938,136.7375484,8.572,29-Oct-10,Not Holiday,Non-Holiday,750171.6112
10,2010,15,29,598301.5,0,55.09,3.055,132.8708387,8.067,29-Oct-10,Not Holiday,Non-Holiday,450288.0435
10,2010,27,29,1688955.49,0,61.02,3.055,136.7375484,8.021,29-Oct-10,Not Holiday,Non-Holiday,1235180.468
10,2010,19,29,1404576.48,0,56.11,3.055,132.8708387,8.067,29-Oct-10,Not Holiday,Non-Holiday,1057099.13
10,2010,9,29,508801.61,0,64.43,2.716,215.4573607,6.56,29-Oct-10,Not Holiday,Non-Holiday,236149.5603
10,2010,38,29,341219.63,0,61.09,3.016,126.4364194,14.313,29-Oct-10,Not Holiday,Non-Holiday,269874.4805
10,2010,10,29,1741308.56,0,68.76,3.13,126.4364194,9.003,29-Oct-10,Not Holiday,Non-Holiday,1377220.716
10,2010,45,29,732859.76,0,61.3,2.921,182.9011166,8.724,29-Oct-10,Not Holiday,Non-Holiday,400686.3236
10,2010,29,29,527058.59,0,57.73,2.938,132.8708387,10.524,29-Oct-10,Not Holiday,Non-Holiday,396669.8752
10,2010,37,29,514485.9,0,76.22,2.716,210.6736944,8.476,29-Oct-10,Not Holiday,Non-Holiday,244209.8438
10,2010,23,29,1112871.23,0,48.68,2.938,132.8708387,5.287,29-Oct-10,Not Holiday,Non-Holiday,837558.6704
10,2010,24,29,1244925.94,0,57.29,3.055,132.8708387,8.275,29-Oct-10,Not Holiday,Non-Holiday,936944.4433
10,2010,17,29,861941.25,0,39.87,2.841,126.4364194,6.885,29-Oct-10,Not Holiday,Non-Holiday,681719.1234
4,2010,16,2,490503.69,0,36.19,2.725,189.7048215,6.842,2-Apr-10,Not Holiday,Non-Holiday,258561.5306
4,2010,39,2,1463942.62,0,63.31,2.719,209.5938656,8.464,2-Apr-10,Not Holiday,Non-Holiday,698466.3486
4,2010,20,2,2405395.22,0,51,2.85,204.0252842,7.856,2-Apr-10,Not Holiday,Non-Holiday,1178969.18
4,2010,36,2,435972.82,0,63.43,2.708,209.5938656,8.464,2-Apr-10,Not Holiday,Non-Holiday,208008.3874
4,2010,42,2,505907.41,0,63.66,3.086,126.6034839,9.524,2-Apr-10,Not Holiday,Non-Holiday,399599.9118
4,2010,38,2,368929.55,0,59.84,3.086,126.6034839,14.099,2-Apr-10,Not Holiday,Non-Holiday,291405.5274
4,2010,2,2,2066187.72,0,63.27,2.719,210.4798874,8.2,2-Apr-10,Not Holiday,Non-Holiday,981655.6563
4,2010,45,2,877235.96,0,47.74,2.85,181.8657537,8.899,2-Apr-10,Not Holiday,Non-Holiday,482353.5724
4,2010,11,2,1446210.26,0,66.16,2.719,214.1180803,7.343,2-Apr-10,Not Holiday,Non-Holiday,675426.502
4,2010,13,2,2142482.14,0,42.15,2.842,126.6034839,8.107,2-Apr-10,Not Holiday,Non-Holiday,1692277.396
4,2010,34,2,979428.66,0,50.07,2.74,126.6034839,9.593,2-Apr-10,Not Holiday,Non-Holiday,773619.0426
4,2010,27,2,2053952.97,0,46.9,2.957,135.7464988,8.058,2-Apr-10,Not Holiday,Non-Holiday,1513079.887
4,2010,43,2,650102.8,0,62.19,2.719,202.83803,9.593,2-Apr-10,Not Holiday,Non-Holiday,320503.4086
4,2010,9,2,545206.32,0,65.21,2.719,214.3465181,6.384,2-Apr-10,Not Holiday,Non-Holiday,254357.4418
4,2010,31,2,1357600.68,0,64.12,2.719,210.4798874,8.2,2-Apr-10,Not Holiday,Non-Holiday,645002.5685
4,2010,4,2,1979247.12,0,48.77,2.74,126.6034839,7.896,2-Apr-10,Not Holiday,Non-Holiday,1563343.329
4,2010,5,2,331406,0,63.18,2.719,211.372888,6.465,2-Apr-10,Not Holiday,Non-Holiday,156787.3738
4,2010,8,2,914500.91,0,60.18,2.719,214.164218,6.29,2-Apr-10,Not Holiday,Non-Holiday,427009.1981
4,2010,15,2,718470.71,0,45.27,2.957,131.9019677,8.185,2-Apr-10,Not Holiday,Non-Holiday,544700.5246
4,2010,37,2,540189.7,0,63.43,2.719,209.5938656,8.464,2-Apr-10,Not Holiday,Non-Holiday,257731.6366
4,2010,7,2,561145.14,0,38.26,2.725,189.7048215,8.963,2-Apr-10,Not Holiday,Non-Holiday,295799.0923
4,2010,41,2,1168826.39,0,41.31,2.725,189.7048215,7.363,2-Apr-10,Not Holiday,Non-Holiday,616128.9844
4,2010,35,2,1189556.47,0,46.9,2.85,135.7464988,9.051,2-Apr-10,Not Holiday,Non-Holiday,876307.2938
4,2010,10,2,2138651.97,0,63.66,3.086,126.6034839,9.524,2-Apr-10,Not Holiday,Non-Holiday,1689252.068
4,2010,17,2,848521.17,0,36.94,2.842,126.6034839,6.635,2-Apr-10,Not Holiday,Non-Holiday,670219.4473
4,2010,12,2,1011822.3,0,59.84,3.086,126.6034839,14.099,2-Apr-10,Not Holiday,Non-Holiday,799205.7318
4,2010,30,2,457884.06,0,64.12,2.719,210.4798874,8.2,2-Apr-10,Not Holiday,Non-Holiday,217542.9043
4,2010,6,2,1770333.9,0,64.94,2.719,212.3322805,7.092,2-Apr-10,Not Holiday,Non-Holiday,833756.3633
4,2010,3,2,423294.4,0,65.56,2.719,214.1180803,7.343,2-Apr-10,Not Holiday,Non-Holiday,197692.0396
4,2010,28,2,1441559.4,0,59.84,3.086,126.6034839,14.099,2-Apr-10,Not Holiday,Non-Holiday,1138641.178
4,2010,25,2,822486.37,0,47.2,2.85,204.0252842,7.856,2-Apr-10,Not Holiday,Non-Holiday,403129.6284
4,2010,22,2,1177340.99,0,44.96,2.826,135.7464988,8.348,2-Apr-10,Not Holiday,Non-Holiday,867308.5497
4,2010,23,2,1556627.62,0,40.5,2.826,131.9019677,5.435,2-Apr-10,Not Holiday,Non-Holiday,1180139.802
4,2010,33,2,274634.52,0,66.79,3.086,126.6034839,9.849,2-Apr-10,Not Holiday,Non-Holiday,216924.9309
4,2010,26,2,1029849.2,0,36.53,2.826,131.9019677,8.512,2-Apr-10,Not Holiday,Non-Holiday,780768.6405
4,2010,21,2,753664.12,0,64.12,2.719,210.4798874,8.2,2-Apr-10,Not Holiday,Non-Holiday,358069.4238
4,2010,32,2,1131732.94,0,48.28,2.725,189.7048215,8.963,2-Apr-10,Not Holiday,Non-Holiday,596575.7386
4,2010,14,2,2495630.51,0,47.74,2.85,181.8657537,8.899,2-Apr-10,Not Holiday,Non-Holiday,1372237.741
4,2010,19,2,1642970.27,0,45.26,2.957,131.9019677,8.185,2-Apr-10,Not Holiday,Non-Holiday,1245599.515
4,2010,18,2,1254107.84,0,45.63,2.826,131.9019677,9.269,2-Apr-10,Not Holiday,Non-Holiday,950787.8175
4,2010,29,2,599629.25,0,44.96,2.826,131.9019677,10.16,2-Apr-10,Not Holiday,Non-Holiday,454602.2023
4,2010,40,2,1041202.13,0,41.39,2.826,131.9019677,5.435,2-Apr-10,Not Holiday,Non-Holiday,789375.7373
4,2010,1,2,1594968.28,0,62.27,2.719,210.8204499,7.808,2-Apr-10,Not Holiday,Non-Holiday,756552.9249
4,2010,24,2,1478321.26,0,45.22,2.957,131.9019677,8.211,2-Apr-10,Not Holiday,Non-Holiday,1120772.712
4,2010,44,2,286197.5,0,42.15,2.842,126.6034839,7.972,2-Apr-10,Not Holiday,Non-Holiday,226058.1551
4,2010,11,9,1470308.32,0,69.57,2.77,213.9120595,7.343,9-Apr-10,Not Holiday,Non-Holiday,687342.417
4,2010,16,9,424083.99,0,34.21,2.75,189.6901012,6.842,9-Apr-10,Not Holiday,Non-Holiday,223566.7477
4,2010,35,9,1198014.97,0,62.62,2.869,135.7856359,9.051,9-Apr-10,Not Holiday,Non-Holiday,882284.0222
4,2010,25,9,712647.97,0,61.36,2.869,203.8488134,7.856,9-Apr-10,Not Holiday,Non-Holiday,349596.3298
4,2010,18,9,1174447.55,0,59.91,2.849,131.9408065,9.269,9-Apr-10,Not Holiday,Non-Holiday,890132.1594
4,2010,4,9,1818452.72,0,54.16,2.773,126.6019032,7.896,9-Apr-10,Not Holiday,Non-Holiday,1436354.963
4,2010,1,9,1545418.53,0,65.86,2.77,210.6228574,7.808,9-Apr-10,Not Holiday,Non-Holiday,733737.3299
4,2010,10,9,2041069.37,0,65.29,3.004,126.6019032,9.524,9-Apr-10,Not Holiday,Non-Holiday,1612194.855
4,2010,14,9,2258781.28,0,65.45,2.869,181.7596377,8.899,9-Apr-10,Not Holiday,Non-Holiday,1242729.854
4,2010,12,9,1041238.87,0,59.25,3.09,126.6019032,14.099,9-Apr-10,Not Holiday,Non-Holiday,822451.1983
4,2010,38,9,341630.46,0,59.25,3.09,126.6019032,14.099,9-Apr-10,Not Holiday,Non-Holiday,269846.2277
4,2010,3,9,415870.28,0,68,2.77,213.9120595,7.343,9-Apr-10,Not Holiday,Non-Holiday,194411.7975
4,2010,40,9,919839.19,0,54.31,2.849,131.9408065,5.435,9-Apr-10,Not Holiday,Non-Holiday,697160.5028
4,2010,6,9,1667181.82,0,66.15,2.77,212.1308239,7.092,9-Apr-10,Not Holiday,Non-Holiday,785921.5315
4,2010,31,9,1395710.09,0,65.74,2.77,210.2831653,8.2,9-Apr-10,Not Holiday,Non-Holiday,663728.8763
4,2010,44,9,257361.3,0,38.97,2.877,126.6019032,7.972,9-Apr-10,Not Holiday,Non-Holiday,203283.9108
4,2010,2,9,1954689.21,0,65.41,2.77,210.2831653,8.2,9-Apr-10,Not Holiday,Non-Holiday,929550.9734
4,2010,27,9,1955814.13,0,62.62,2.992,135.7856359,8.058,9-Apr-10,Not Holiday,Non-Holiday,1440368.944
4,2010,33,9,325201.05,0,68.43,3.004,126.6019032,9.849,9-Apr-10,Not Holiday,Non-Holiday,256869.0057
4,2010,29,9,569937.23,0,57.06,2.849,131.9408065,10.16,9-Apr-10,Not Holiday,Non-Holiday,431964.337
4,2010,45,9,833782.7,0,65.45,2.869,181.7596377,8.899,9-Apr-10,Not Holiday,Non-Holiday,458728.1921
4,2010,19,9,1489613.32,0,55.66,2.992,131.9408065,8.185,9-Apr-10,Not Holiday,Non-Holiday,1129001.224
4,2010,41,9,1082158.21,0,37.3,2.75,189.6901012,7.363,9-Apr-10,Not Holiday,Non-Holiday,570487.4441
4,2010,15,9,634605.77,0,57.77,2.992,131.9408065,8.185,9-Apr-10,Not Holiday,Non-Holiday,480977.6345
4,2010,5,9,328020.49,0,65.19,2.77,211.1738835,6.465,9-Apr-10,Not Holiday,Non-Holiday,155331.94
4,2010,26,9,1022293.81,0,50.13,2.849,131.9408065,8.512,9-Apr-10,Not Holiday,Non-Holiday,774812.4611
4,2010,34,9,950684.2,0,51.26,2.773,126.6019032,9.593,9-Apr-10,Not Holiday,Non-Holiday,750924.0983
4,2010,23,9,1264434.7,0,56.82,2.849,131.9408065,5.435,9-Apr-10,Not Holiday,Non-Holiday,958334.8272
4,2010,22,9,1033171.07,0,57.06,2.849,135.7856359,8.348,9-Apr-10,Not Holiday,Non-Holiday,760883.9206
4,2010,37,9,513327.55,0,68.54,2.77,209.400638,8.464,9-Apr-10,Not Holiday,Non-Holiday,245141.3496
4,2010,21,9,751181.4,0,65.74,2.77,210.2831653,8.2,9-Apr-10,Not Holiday,Non-Holiday,357223.7459
4,2010,28,9,1382359.21,0,59.25,3.09,126.6019032,14.099,9-Apr-10,Not Holiday,Non-Holiday,1091894.494
4,2010,13,9,1898321.33,0,38.97,2.877,126.6019032,8.107,9-Apr-10,Not Holiday,Non-Holiday,1499441.384
4,2010,20,9,2007796.26,0,65.1,2.869,203.8488134,7.856,9-Apr-10,Not Holiday,Non-Holiday,984943.8054
4,2010,32,9,1095889.22,0,44.88,2.75,189.6901012,8.963,9-Apr-10,Not Holiday,Non-Holiday,577726.098
4,2010,9,9,529384.31,0,64.95,2.77,214.1399135,6.384,9-Apr-10,Not Holiday,Non-Holiday,247214.2168
4,2010,24,9,1379579.63,0,62.06,2.992,131.9408065,8.211,9-Apr-10,Not Holiday,Non-Holiday,1045604.97
4,2010,39,9,1327035.27,0,68.15,2.77,209.400638,8.464,9-Apr-10,Not Holiday,Non-Holiday,633730.2898
4,2010,17,9,770228.02,0,34.05,2.877,126.6019032,6.635,9-Apr-10,Not Holiday,Non-Holiday,608385.8145
4,2010,36,9,453016.91,0,68.54,2.743,209.400638,8.464,9-Apr-10,Not Holiday,Non-Holiday,216339.7945
4,2010,7,9,484263.25,0,33.79,2.75,189.6901012,8.963,9-Apr-10,Not Holiday,Non-Holiday,255291.7875
4,2010,8,9,916033.92,0,59.25,2.77,213.9580793,6.29,9-Apr-10,Not Holiday,Non-Holiday,428137.1019
4,2010,30,9,454800.96,0,65.74,2.77,210.2831653,8.2,9-Apr-10,Not Holiday,Non-Holiday,216280.2521
4,2010,42,9,582552.26,0,65.29,3.004,126.6019032,9.524,9-Apr-10,Not Holiday,Non-Holiday,460144.9467
4,2010,43,9,693058.34,0,64.37,2.77,202.6594654,9.593,9-Apr-10,Not Holiday,Non-Holiday,341981.7271
4,2010,19,16,1460354.67,0,49.67,3.01,131.9809,8.185,16-Apr-10,Not Holiday,Non-Holiday,1106489.401
4,2010,1,16,1466058.28,0,66.32,2.808,210.4887,7.808,16-Apr-10,Not Holiday,Non-Holiday,696502.1305
4,2010,5,16,306858.69,0,65.3,2.808,211.0388528,6.465,16-Apr-10,Not Holiday,Non-Holiday,145403.8846
4,2010,39,16,1242874.98,0,66.33,2.808,209.2691428,8.464,16-Apr-10,Not Holiday,Non-Holiday,593912.2048
4,2010,34,16,923344.54,0,59.18,2.81,126.5621,9.593,16-Apr-10,Not Holiday,Non-Holiday,729558.4855
4,2010,18,16,1135577.62,0,50.26,2.885,131.9809,9.269,16-Apr-10,Not Holiday,Non-Holiday,860410.5746
4,2010,40,16,882636.96,0,43.3,2.885,131.9809,5.435,16-Apr-10,Not Holiday,Non-Holiday,668761.1313
4,2010,24,16,1268266.72,0,51.08,3.01,131.9809,8.211,16-Apr-10,Not Holiday,Non-Holiday,960947.1674
4,2010,30,16,471054.16,0,67.87,2.808,210.1495463,8.2,16-Apr-10,Not Holiday,Non-Holiday,224151.8806
4,2010,29,16,509100.84,0,51.14,2.885,131.9809,10.16,16-Apr-10,Not Holiday,Non-Holiday,385738.2697
4,2010,27,16,1857500.96,0,54.95,3.01,135.82725,8.058,16-Apr-10,Not Holiday,Non-Holiday,1367546.615
4,2010,31,16,1367448.28,0,67.87,2.808,210.1495463,8.2,16-Apr-10,Not Holiday,Non-Holiday,650702.466
4,2010,6,16,1519846.36,0,65.68,2.808,211.9942765,7.092,16-Apr-10,Not Holiday,Non-Holiday,716928.0157
4,2010,13,16,1819660.44,0,50.39,2.915,126.5621,8.107,16-Apr-10,Not Holiday,Non-Holiday,1437760.941
4,2010,28,16,1268240.66,0,64.95,3.109,126.5621,14.099,16-Apr-10,Not Holiday,Non-Holiday,1002069.861
4,2010,12,16,957997.52,0,64.95,3.109,126.5621,14.099,16-Apr-10,Not Holiday,Non-Holiday,756938.7044
4,2010,23,16,1288823.72,0,44.25,2.885,131.9809,5.435,16-Apr-10,Not Holiday,Non-Holiday,976522.906
4,2010,42,16,549528.16,0,69.74,3.109,126.5621,9.524,16-Apr-10,Not Holiday,Non-Holiday,434196.4617
4,2010,17,16,757738.76,0,45.22,2.915,126.5621,6.635,16-Apr-10,Not Holiday,Non-Holiday,598709.0606
4,2010,8,16,882917.12,0,62.66,2.808,213.8186357,6.29,16-Apr-10,Not Holiday,Non-Holiday,412928.0486
4,2010,16,16,436312.41,0,45.69,2.765,189.6628845,6.842,16-Apr-10,Not Holiday,Non-Holiday,230046.2798
4,2010,7,16,406228.19,0,41.89,2.765,189.6628845,8.963,16-Apr-10,Not Holiday,Non-Holiday,214184.3361
4,2010,35,16,1084487.55,0,54.95,2.899,135.82725,9.051,16-Apr-10,Not Holiday,Non-Holiday,798431.5003
4,2010,41,16,1043388.79,0,46.79,2.765,189.6628845,7.363,16-Apr-10,Not Holiday,Non-Holiday,550128.0827
4,2010,45,16,782221.96,0,54.28,2.899,181.6924769,8.899,16-Apr-10,Not Holiday,Non-Holiday,430519.7295
4,2010,20,16,1985784.59,0,55.43,2.899,203.7307486,7.856,16-Apr-10,Not Holiday,Non-Holiday,974710.2996
4,2010,14,16,2121788.61,0,54.28,2.899,181.6924769,8.899,16-Apr-10,Not Holiday,Non-Holiday,1167791.119
4,2010,3,16,354993.26,0,66.98,2.808,213.7726889,7.343,16-Apr-10,Not Holiday,Non-Holiday,166061.0913
4,2010,43,16,675282.2,0,69.46,2.808,202.5351571,9.593,16-Apr-10,Not Holiday,Non-Holiday,333414.8054
4,2010,2,16,1874957.94,0,68.07,2.808,210.1495463,8.2,16-Apr-10,Not Holiday,Non-Holiday,892201.7549
4,2010,38,16,337723.49,0,64.95,3.109,126.5621,14.099,16-Apr-10,Not Holiday,Non-Holiday,266844.0947
4,2010,37,16,524544.83,0,66.74,2.808,209.2691428,8.464,16-Apr-10,Not Holiday,Non-Holiday,250655.6022
4,2010,25,16,715311.6,0,52.16,2.899,203.7307486,7.856,16-Apr-10,Not Holiday,Non-Holiday,351106.3523
4,2010,15,16,641208.65,0,49.63,3.01,131.9809,8.185,16-Apr-10,Not Holiday,Non-Holiday,485834.4276
4,2010,36,16,483699.56,0,66.74,2.769,209.2691428,8.464,16-Apr-10,Not Holiday,Non-Holiday,231137.5454
4,2010,44,16,280048.74,0,50.39,2.915,126.5621,7.972,16-Apr-10,Not Holiday,Non-Holiday,221273.7779
4,2010,9,16,485764.32,0,66.09,2.808,214.0001817,6.384,16-Apr-10,Not Holiday,Non-Holiday,226992.4802
4,2010,21,16,716026.51,0,67.87,2.808,210.1495463,8.2,16-Apr-10,Not Holiday,Non-Holiday,340722.3678
4,2010,33,16,307779.64,0,72.44,3.109,126.5621,9.849,16-Apr-10,Not Holiday,Non-Holiday,243184.6817
4,2010,11,16,1323243.35,0,67.81,2.808,213.7726889,7.343,16-Apr-10,Not Holiday,Non-Holiday,618995.5119
4,2010,26,16,905548.38,0,36.6,2.885,131.9809,8.512,16-Apr-10,Not Holiday,Non-Holiday,686120.7796
4,2010,4,16,1851519.69,0,56.23,2.81,126.5621,7.896,16-Apr-10,Not Holiday,Non-Holiday,1462933.761
4,2010,32,16,1082763.27,0,53.49,2.765,189.6628845,8.963,16-Apr-10,Not Holiday,Non-Holiday,570888.3279
4,2010,10,16,1826241.44,0,69.74,3.109,126.5621,9.524,16-Apr-10,Not Holiday,Non-Holiday,1442960.76
4,2010,22,16,1000968.67,0,51.14,2.885,135.82725,8.348,16-Apr-10,Not Holiday,Non-Holiday,736942.4545
4,2010,25,23,694531.72,0,46.12,2.902,203.6905586,7.856,23-Apr-10,Not Holiday,Non-Holiday,340973.9385
4,2010,16,23,370230.94,0,44.9,2.776,189.6190057,6.842,23-Apr-10,Not Holiday,Non-Holiday,195249.9111
4,2010,11,23,1283766.55,0,68.37,2.795,213.7221852,7.343,23-Apr-10,Not Holiday,Non-Holiday,600670.7019
4,2010,4,23,1802677.9,0,56.87,2.805,126.4713333,7.896,23-Apr-10,Not Holiday,Non-Holiday,1425364.826
4,2010,41,23,1067340.74,0,45.29,2.776,189.6190057,7.363,23-Apr-10,Not Holiday,Non-Holiday,562887.0039
4,2010,35,23,1110827.48,0,53.91,2.902,135.8721667,9.051,23-Apr-10,Not Holiday,Non-Holiday,817553.3717
4,2010,8,23,850440.26,0,56.1,2.795,213.768119,6.29,23-Apr-10,Not Holiday,Non-Holiday,397833.0651
4,2010,10,23,1829521.83,0,66.42,3.05,126.4713333,9.524,23-Apr-10,Not Holiday,Non-Holiday,1446590.134
4,2010,43,23,638957.35,0,62.71,2.795,202.4831905,9.593,23-Apr-10,Not Holiday,Non-Holiday,315560.6885
4,2010,13,23,1909330.77,0,55.66,2.936,126.4713333,8.107,23-Apr-10,Not Holiday,Non-Holiday,1509694.506
4,2010,42,23,492364.77,0,66.42,3.05,126.4713333,9.524,23-Apr-10,Not Holiday,Non-Holiday,389309.3851
4,2010,39,23,1280231.85,0,67.64,2.795,209.2199574,8.464,23-Apr-10,Not Holiday,Non-Holiday,611907.1364
4,2010,30,23,462454.39,0,64.21,2.795,210.1000648,8.2,23-Apr-10,Not Holiday,Non-Holiday,220111.4933
4,2010,19,23,1456793.33,0,46.87,3.021,132.0226667,8.185,23-Apr-10,Not Holiday,Non-Holiday,1103441.83
4,2010,24,23,1264117.01,0,51.07,3.021,132.0226667,8.211,23-Apr-10,Not Holiday,Non-Holiday,957499.9821
4,2010,26,23,881930.87,0,39.68,2.895,132.0226667,8.512,23-Apr-10,Not Holiday,Non-Holiday,668014.7372
4,2010,34,23,910240.68,0,55.04,2.805,126.4713333,9.593,23-Apr-10,Not Holiday,Non-Holiday,719720.9488
4,2010,22,23,969594.47,0,51.04,2.895,135.8721667,8.348,23-Apr-10,Not Holiday,Non-Holiday,713607.8665
4,2010,7,23,404751.25,0,43.07,2.776,189.6190057,8.963,23-Apr-10,Not Holiday,Non-Holiday,213455.0007
4,2010,21,23,718780.59,0,64.21,2.795,210.1000648,8.2,23-Apr-10,Not Holiday,Non-Holiday,342113.4547
4,2010,36,23,434116.8,0,68.03,2.762,209.2199574,8.464,23-Apr-10,Not Holiday,Non-Holiday,207493.0162
4,2010,15,23,643097.6,0,46.54,3.021,132.0226667,8.185,23-Apr-10,Not Holiday,Non-Holiday,487111.506
4,2010,28,23,1244177.21,0,64.55,3.05,126.4713333,14.099,23-Apr-10,Not Holiday,Non-Holiday,983762.231
4,2010,23,23,1315023.08,0,46.4,2.895,132.0226667,5.435,23-Apr-10,Not Holiday,Non-Holiday,996058.5654
4,2010,17,23,977790.83,0,52.25,2.936,126.4713333,6.635,23-Apr-10,Not Holiday,Non-Holiday,773132.3807
4,2010,3,23,339976.65,0,67.87,2.795,213.7221852,7.343,23-Apr-10,Not Holiday,Non-Holiday,159074.1035
4,2010,9,23,488683.57,0,61.26,2.795,213.9496138,6.384,23-Apr-10,Not Holiday,Non-Holiday,228410.5876
4,2010,5,23,288839.73,0,65.13,2.795,210.9891204,6.465,23-Apr-10,Not Holiday,Non-Holiday,136897.926
4,2010,32,23,1072474.8,0,50.06,2.776,189.6190057,8.963,23-Apr-10,Not Holiday,Non-Holiday,565594.57
4,2010,37,23,527019.78,0,68.03,2.795,209.2199574,8.464,23-Apr-10,Not Holiday,Non-Holiday,251897.4703
4,2010,38,23,335121.82,0,64.55,3.05,126.4713333,14.099,23-Apr-10,Not Holiday,Non-Holiday,264978.4827
4,2010,18,23,1132433.55,0,50.3,2.895,132.0226667,9.269,23-Apr-10,Not Holiday,Non-Holiday,857756.9127
4,2010,45,23,749779.1,0,53.47,2.902,181.6772564,8.899,23-Apr-10,Not Holiday,Non-Holiday,412698.3833
4,2010,20,23,1878862.42,0,50.65,2.902,203.6905586,7.856,23-Apr-10,Not Holiday,Non-Holiday,922410.1661
4,2010,44,23,278287.04,0,55.66,2.936,126.4713333,7.972,23-Apr-10,Not Holiday,Non-Holiday,220039.619
4,2010,29,23,505329.66,0,51.04,2.895,132.0226667,10.16,23-Apr-10,Not Holiday,Non-Holiday,382759.7735
4,2010,1,23,1391256.12,0,64.84,2.795,210.4391228,7.808,23-Apr-10,Not Holiday,Non-Holiday,661120.4711
4,2010,27,23,1850205.47,0,53.91,3.021,135.8721667,8.058,23-Apr-10,Not Holiday,Non-Holiday,1361725.153
4,2010,12,23,993833.44,0,64.55,3.05,126.4713333,14.099,23-Apr-10,Not Holiday,Non-Holiday,785817.1604
4,2010,40,23,844958.49,0,45.85,2.895,132.0226667,5.435,23-Apr-10,Not Holiday,Non-Holiday,640010.1673
4,2010,14,23,2138144.91,0,53.47,2.902,181.6772564,8.899,23-Apr-10,Not Holiday,Non-Holiday,1176891.897
4,2010,31,23,1280465.8,0,64.21,2.795,210.1000648,8.2,23-Apr-10,Not Holiday,Non-Holiday,609455.2142
4,2010,6,23,1540435.99,0,64.11,2.795,211.9442745,7.092,23-Apr-10,Not Holiday,Non-Holiday,726811.7969
4,2010,33,23,263263.02,0,71.59,3.05,126.4713333,9.849,23-Apr-10,Not Holiday,Non-Holiday,208160.2314
4,2010,2,23,1821990.93,0,65.11,2.795,210.1000648,8.2,23-Apr-10,Not Holiday,Non-Holiday,867201.5079
4,2010,28,30,1186971.02,0,67.38,3.105,126.3805667,14.099,30-Apr-10,Not Holiday,Non-Holiday,939203.7486
4,2010,15,30,570791.11,0,49.09,3.042,132.0644333,8.185,30-Apr-10,Not Holiday,Non-Holiday,432206.5341
4,2010,23,30,1259414.52,0,45.47,2.935,132.0644333,5.435,30-Apr-10,Not Holiday,Non-Holiday,953636.4095
4,2010,38,30,337979.65,0,67.38,3.105,126.3805667,14.099,30-Apr-10,Not Holiday,Non-Holiday,267430.0795
4,2010,2,30,1802450.29,0,66.98,2.78,210.0505833,8.2,30-Apr-10,Not Holiday,Non-Holiday,858102.9682
4,2010,10,30,1790694.59,0,69.76,3.105,126.3805667,9.524,30-Apr-10,Not Holiday,Non-Holiday,1416906.599
4,2010,33,30,275883.23,0,73.29,3.105,126.3805667,9.849,30-Apr-10,Not Holiday,Non-Holiday,218295.6108
4,2010,36,30,457899.64,0,70.9,2.725,209.170772,8.464,30-Apr-10,Not Holiday,Non-Holiday,218911.8659
4,2010,3,30,361248.39,0,70.24,2.78,213.6716815,7.343,30-Apr-10,Not Holiday,Non-Holiday,169067.0413
4,2010,1,30,1425100.71,0,67.41,2.78,210.3895456,7.808,30-Apr-10,Not Holiday,Non-Holiday,677362.8917
4,2010,21,30,680532.69,0,66.93,2.78,210.0505833,8.2,30-Apr-10,Not Holiday,Non-Holiday,323985.1465
4,2010,18,30,1060446.16,0,51.12,2.935,132.0644333,9.269,30-Apr-10,Not Holiday,Non-Holiday,802976.3453
4,2010,34,30,859922.19,0,56.58,2.787,126.3805667,9.593,30-Apr-10,Not Holiday,Non-Holiday,680422.7995
4,2010,22,30,977683.06,0,50.96,2.935,135.9170833,8.348,30-Apr-10,Not Holiday,Non-Holiday,719323.161
4,2010,20,30,1919053.21,0,54.75,2.921,203.6503685,7.856,30-Apr-10,Not Holiday,Non-Holiday,942327.3938
4,2010,26,30,904503.85,0,40.56,2.935,132.0644333,8.512,30-Apr-10,Not Holiday,Non-Holiday,684895.8704
4,2010,32,30,1066792.63,0,47.51,2.766,189.575127,8.963,30-Apr-10,Not Holiday,Non-Holiday,562728.1632
4,2010,24,30,1259877.19,0,51.48,3.042,132.0644333,8.211,30-Apr-10,Not Holiday,Non-Holiday,953986.7461
4,2010,14,30,2082355.12,0,53.15,2.921,181.6620359,8.899,30-Apr-10,Not Holiday,Non-Holiday,1146279.744
4,2010,19,30,1405065.57,0,49.89,3.042,132.0644333,8.185,30-Apr-10,Not Holiday,Non-Holiday,1063924.279
4,2010,31,30,1243200.24,0,66.93,2.78,210.0505833,8.2,30-Apr-10,Not Holiday,Non-Holiday,591857.5519
4,2010,39,30,1263836.59,0,70.03,2.78,209.170772,8.464,30-Apr-10,Not Holiday,Non-Holiday,604212.8056
4,2010,5,30,298697.84,0,67.53,2.78,210.939388,6.465,30-Apr-10,Not Holiday,Non-Holiday,141603.6345
4,2010,9,30,491723.42,0,66.07,2.78,213.8990459,6.384,30-Apr-10,Not Holiday,Non-Holiday,229885.7472
4,2010,17,30,807798.73,0,43.82,2.941,126.3805667,6.635,30-Apr-10,Not Holiday,Non-Holiday,639179.544
4,2010,29,30,501013.47,0,50.96,2.935,132.0644333,10.16,30-Apr-10,Not Holiday,Non-Holiday,379370.4766
4,2010,13,30,1785823.37,0,48.33,2.941,126.3805667,8.107,30-Apr-10,Not Holiday,Non-Holiday,1413052.194
4,2010,4,30,1817273.28,0,53.04,2.787,126.3805667,7.896,30-Apr-10,Not Holiday,Non-Holiday,1437937.277
4,2010,6,30,1498080.16,0,68.91,2.78,211.8942725,7.092,30-Apr-10,Not Holiday,Non-Holiday,706994.1732
4,2010,12,30,954220.22,0,67.38,3.105,126.3805667,14.099,30-Apr-10,Not Holiday,Non-Holiday,755037.1429
4,2010,11,30,1239766.89,0,71.13,2.78,213.6716815,7.343,30-Apr-10,Not Holiday,Non-Holiday,580220.4959
4,2010,16,30,383550.93,0,37.75,2.766,189.575127,6.842,30-Apr-10,Not Holiday,Non-Holiday,202321.3362
4,2010,25,30,706924.02,0,50.97,2.921,203.6503685,7.856,30-Apr-10,Not Holiday,Non-Holiday,347126.3152
4,2010,44,30,272997.65,0,48.33,2.941,126.3805667,7.972,30-Apr-10,Not Holiday,Non-Holiday,216012.3642
4,2010,30,30,456140.34,0,66.93,2.78,210.0505833,8.2,30-Apr-10,Not Holiday,Non-Holiday,217157.3784
4,2010,27,30,1805885.04,0,53.55,3.042,135.9170833,8.058,30-Apr-10,Not Holiday,Non-Holiday,1328666.711
4,2010,45,30,737265.57,0,53.15,2.921,181.6620359,8.899,30-Apr-10,Not Holiday,Non-Holiday,405844.6039
4,2010,8,30,778672.64,0,61.01,2.78,213.7176024,6.29,30-Apr-10,Not Holiday,Non-Holiday,364346.5167
4,2010,40,30,816838.31,0,46.5,2.935,132.0644333,5.435,30-Apr-10,Not Holiday,Non-Holiday,618514.9851
4,2010,43,30,630740.11,0,66.91,2.78,202.4312238,9.593,30-Apr-10,Not Holiday,Non-Holiday,311582.422
4,2010,41,30,1063960.11,0,40.2,2.766,189.575127,7.363,30-Apr-10,Not Holiday,Non-Holiday,561234.022
4,2010,37,30,517850.83,0,70.9,2.78,209.170772,8.464,30-Apr-10,Not Holiday,Non-Holiday,247573.2269
4,2010,42,30,477615.87,0,69.76,3.105,126.3805667,9.524,30-Apr-10,Not Holiday,Non-Holiday,377918.7596
4,2010,7,30,373655.61,0,38.99,2.766,189.575127,8.963,30-Apr-10,Not Holiday,Non-Holiday,197101.6008
4,2010,35,30,1096930.65,0,53.55,2.921,135.9170833,9.051,30-Apr-10,Not Holiday,Non-Holiday,807058.7033
7,2010,2,2,2003940.64,0,82.74,2.669,210.8803726,8.099,2-Jul-10,Not Holiday,Non-Holiday,950273.6624
7,2010,21,2,711470.8,0,82.29,2.669,210.8803726,8.099,2-Jul-10,Not Holiday,Non-Holiday,337381.2324
7,2010,15,2,709337.11,0,66.13,2.958,132.5218667,8.099,2-Jul-10,Not Holiday,Non-Holiday,535260.4273
7,2010,19,2,1549018.68,0,66.25,2.958,132.5218667,8.099,2-Jul-10,Not Holiday,Non-Holiday,1168877.8
7,2010,30,2,450337.47,0,82.29,2.669,210.8803726,8.099,2-Jul-10,Not Holiday,Non-Holiday,213551.1544
7,2010,31,2,1311704.92,0,82.29,2.669,210.8803726,8.099,2-Jul-10,Not Holiday,Non-Holiday,622013.753
7,2010,31,9,1315118.4,0,81.67,2.642,210.7657317,8.099,9-Jul-10,Not Holiday,Non-Holiday,623971.6435
7,2010,21,9,714677.47,0,81.67,2.642,210.7657317,8.099,9-Jul-10,Not Holiday,Non-Holiday,339086.1808
7,2010,30,9,436293.4,0,81.67,2.642,210.7657317,8.099,9-Jul-10,Not Holiday,Non-Holiday,207003.9548
7,2010,2,9,1880902.62,0,82.59,2.642,210.7657317,8.099,9-Jul-10,Not Holiday,Non-Holiday,892413.8686
7,2010,19,9,1577541.24,0,78.22,2.94,132.5461333,8.099,9-Jul-10,Not Holiday,Non-Holiday,1190182.769
7,2010,15,9,691497.62,0,77.33,2.94,132.5461333,8.099,9-Jul-10,Not Holiday,Non-Holiday,521703.3517
7,2010,21,16,755098.41,0,85.61,2.623,210.7577954,8.099,16-Jul-10,Not Holiday,Non-Holiday,358277.8082
7,2010,15,16,633203.69,0,72.83,2.933,132.5667742,8.099,16-Jul-10,Not Holiday,Non-Holiday,477648.8632
7,2010,2,16,1845879.79,0,85.32,2.623,210.7577954,8.099,16-Jul-10,Not Holiday,Non-Holiday,875829.9006
7,2010,31,16,1335433.72,0,85.61,2.623,210.7577954,8.099,16-Jul-10,Not Holiday,Non-Holiday,633634.3182
7,2010,30,16,438068.71,0,85.61,2.623,210.7577954,8.099,16-Jul-10,Not Holiday,Non-Holiday,207854.0958
7,2010,19,16,1412157.02,0,74.6,2.933,132.5667742,8.099,16-Jul-10,Not Holiday,Non-Holiday,1065242.048
7,2010,19,23,1372043.71,0,74.68,2.924,132.5825806,8.099,23-Jul-10,Not Holiday,Non-Holiday,1034859.711
7,2010,30,23,440491.33,0,87.17,2.608,210.8921319,8.099,23-Jul-10,Not Holiday,Non-Holiday,208870.4429
7,2010,21,23,765823.48,0,87.17,2.608,210.8921319,8.099,23-Jul-10,Not Holiday,Non-Holiday,363135.1597
7,2010,15,23,598553.43,0,73.2,2.924,132.5825806,8.099,23-Jul-10,Not Holiday,Non-Holiday,451457.0672
7,2010,2,23,1781717.71,0,87.66,2.608,210.8921319,8.099,23-Jul-10,Not Holiday,Non-Holiday,844847.8822
7,2010,31,23,1276031.84,0,87.17,2.608,210.8921319,8.099,23-Jul-10,Not Holiday,Non-Holiday,605063.7492
7,2010,15,30,619224.06,0,72.04,2.932,132.5983871,8.099,30-Jul-10,Not Holiday,Non-Holiday,466992.1509
7,2010,2,30,1804246.16,0,83.49,2.64,211.0264684,8.099,30-Jul-10,Not Holiday,Non-Holiday,854985.7151
7,2010,21,30,715876.27,0,83.59,2.64,211.0264684,8.099,30-Jul-10,Not Holiday,Non-Holiday,339235.2985
7,2010,19,30,1366395.96,0,72.83,2.932,132.5983871,8.099,30-Jul-10,Not Holiday,Non-Holiday,1030477.059
7,2010,30,30,437893.76,0,83.59,2.64,211.0264684,8.099,30-Jul-10,Not Holiday,Non-Holiday,207506.5575
7,2010,31,30,1231993.14,0,83.59,2.64,211.0264684,8.099,30-Jul-10,Not Holiday,Non-Holiday,583809.7701
8,2010,19,6,1492060.89,0,74.2,2.942,132.6141935,8.099,6-Aug-10,Not Holiday,Non-Holiday,1125114.025
8,2010,31,6,1352401.08,0,90.3,2.627,211.1608049,8.099,6-Aug-10,Not Holiday,Non-Holiday,640460.2789
8,2010,2,6,1991909.98,0,89.53,2.627,211.1608049,8.099,6-Aug-10,Not Holiday,Non-Holiday,943314.258
8,2010,21,6,739279.19,0,90.3,2.627,211.1608049,8.099,6-Aug-10,Not Holiday,Non-Holiday,350102.4683
8,2010,15,6,639651.24,0,72.7,2.942,132.6141935,8.099,6-Aug-10,Not Holiday,Non-Holiday,482339.9541
8,2010,30,6,441407.06,0,90.3,2.627,211.1608049,8.099,6-Aug-10,Not Holiday,Non-Holiday,209038.3489
8,2010,21,13,793589.18,0,89.65,2.692,211.2951413,8.099,13-Aug-10,Not Holiday,Non-Holiday,375583.26
8,2010,2,13,1895601.05,0,89.05,2.692,211.2951413,8.099,13-Aug-10,Not Holiday,Non-Holiday,897134.2352
8,2010,30,13,444160.07,0,89.65,2.692,211.2951413,8.099,13-Aug-10,Not Holiday,Non-Holiday,210208.3689
8,2010,15,13,622437.08,0,72.17,2.923,132.63,8.099,13-Aug-10,Not Holiday,Non-Holiday,469303.3854
8,2010,31,13,1327719.34,0,89.65,2.692,211.2951413,8.099,13-Aug-10,Not Holiday,Non-Holiday,628371.9218
8,2010,19,13,1418027.08,0,72.71,2.923,132.63,8.099,13-Aug-10,Not Holiday,Non-Holiday,1069160.13
8,2010,30,20,447139.8,0,89.58,2.664,211.2596586,8.099,20-Aug-10,Not Holiday,Non-Holiday,211654.1336
8,2010,15,20,637090.44,0,71.1,2.913,132.6616129,8.099,20-Aug-10,Not Holiday,Non-Holiday,480237.2186
8,2010,31,20,1376571.21,0,89.58,2.664,211.2596586,8.099,20-Aug-10,Not Holiday,Non-Holiday,651601.55
8,2010,2,20,1964335.23,0,88.7,2.664,211.2596586,8.099,20-Aug-10,Not Holiday,Non-Holiday,929820.3183
8,2010,19,20,1419383.19,0,72.22,2.913,132.6616129,8.099,20-Aug-10,Not Holiday,Non-Holiday,1069927.584
8,2010,21,20,848873.28,0,89.58,2.664,211.2596586,8.099,20-Aug-10,Not Holiday,Non-Holiday,401815.1339
8,2010,2,27,1863840.49,0,87.12,2.619,211.2241759,8.099,27-Aug-10,Not Holiday,Non-Holiday,882399.2245
8,2010,21,27,855882.57,0,86.2,2.619,211.2241759,8.099,27-Aug-10,Not Holiday,Non-Holiday,405201.0459
8,2010,31,27,1326621.98,0,86.2,2.619,211.2241759,8.099,27-Aug-10,Not Holiday,Non-Holiday,628063.5133
8,2010,15,27,649791.15,0,65.07,2.885,132.6932258,8.099,27-Aug-10,Not Holiday,Non-Holiday,489694.29
8,2010,19,27,1557888.16,0,66.4,2.885,132.6932258,8.099,27-Aug-10,Not Holiday,Non-Holiday,1174052.519
8,2010,30,27,443810.78,0,86.2,2.619,211.2241759,8.099,27-Aug-10,Not Holiday,Non-Holiday,210113.6284
9,2010,19,3,1623519.64,0,74.69,2.86,132.7248387,8.099,3-Sep-10,Not Holiday,Non-Holiday,1223222.161
9,2010,2,3,1904608.09,0,81.83,2.577,211.1886931,8.099,3-Sep-10,Not Holiday,Non-Holiday,901851.3548
9,2010,31,3,1302047.48,0,82.57,2.577,211.1886931,8.099,3-Sep-10,Not Holiday,Non-Holiday,616532.7608
9,2010,15,3,638647.21,0,73.17,2.86,132.7248387,8.099,3-Sep-10,Not Holiday,Non-Holiday,481181.3797
9,2010,30,3,461548.98,0,82.57,2.577,211.1886931,8.099,3-Sep-10,Not Holiday,Non-Holiday,218548.1492
9,2010,21,3,727772.8,0,82.57,2.577,211.1886931,8.099,3-Sep-10,Not Holiday,Non-Holiday,344607.843
9,2010,19,17,1386789.31,0,58.68,2.846,132.7670667,8.099,17-Sep-10,Not Holiday,Non-Holiday,1044528.093
9,2010,15,17,583210.87,0,57.94,2.846,132.7670667,8.099,17-Sep-10,Not Holiday,Non-Holiday,439273.748
9,2010,31,17,1294105.01,0,83.03,2.582,211.1806415,8.099,17-Sep-10,Not Holiday,Non-Holiday,612795.2831
9,2010,30,17,462058.19,0,83.03,2.582,211.1806415,8.099,17-Sep-10,Not Holiday,Non-Holiday,218797.607
9,2010,2,17,1793903.6,0,82.05,2.582,211.1806415,8.099,17-Sep-10,Not Holiday,Non-Holiday,849464.0357
9,2010,21,17,684340.86,0,83.03,2.582,211.1806415,8.099,17-Sep-10,Not Holiday,Non-Holiday,324054.7311
9,2010,21,24,671688.06,0,80.79,2.624,211.2552578,8.099,24-Sep-10,Not Holiday,Non-Holiday,317950.9315
9,2010,30,24,448392.17,0,80.79,2.624,211.2552578,8.099,24-Sep-10,Not Holiday,Non-Holiday,212251.3658
9,2010,31,24,1230250.25,0,80.79,2.624,211.2552578,8.099,24-Sep-10,Not Holiday,Non-Holiday,582352.4881
9,2010,19,24,1318343.58,0,63.43,2.837,132.7619333,8.099,24-Sep-10,Not Holiday,Non-Holiday,993013.2435
9,2010,15,24,548542.47,0,62.53,2.837,132.7619333,8.099,24-Sep-10,Not Holiday,Non-Holiday,413177.5249
9,2010,2,24,1724557.22,0,81.79,2.624,211.2552578,8.099,24-Sep-10,Not Holiday,Non-Holiday,816338.1295
12,2010,18,24,2027507.15,0,28.16,3.15,132.7477419,9.331,24-Dec-10,Holiday,Christmas,1527338.334
12,2010,27,24,3078162.08,0,31.34,3.309,136.597273,8.021,24-Dec-10,Holiday,Christmas,2253457.93
12,2010,24,24,2386015.75,0,27.74,3.309,132.7477419,8.275,24-Dec-10,Holiday,Christmas,1797405.904
12,2010,1,24,2387950.2,0,52.33,2.886,211.4051222,7.838,24-Dec-10,Holiday,Christmas,1129561.183
12,2010,38,24,369106.72,0,52.02,3.236,126.9835806,14.313,24-Dec-10,Holiday,Christmas,290672.7927
12,2010,6,24,2727575.18,0,55.07,2.886,212.9165082,7.007,24-Dec-10,Holiday,Christmas,1281053.876
12,2010,42,24,555075.27,0,57.06,3.236,126.9835806,9.003,24-Dec-10,Holiday,Christmas,437123.656
12,2010,35,24,1779236.54,0,31.34,3.141,136.597273,8.763,24-Dec-10,Holiday,Christmas,1302541.772
12,2010,31,24,2068942.97,0,51.29,2.886,211.0646599,8.163,24-Dec-10,Holiday,Christmas,980241.3019
12,2010,19,24,2678206.42,0,26.05,3.309,132.7477419,8.067,24-Dec-10,Holiday,Christmas,2017515.614
12,2010,11,24,2306265.36,0,59.33,2.886,214.7017828,7.564,24-Dec-10,Holiday,Christmas,1074171.5
12,2010,16,24,1004730.69,0,32.46,2.781,191.1430189,6.986,24-Dec-10,Holiday,Christmas,525643.4139
12,2010,13,24,3595903.2,0,34.9,2.846,126.9835806,7.795,24-Dec-10,Holiday,Christmas,2831785.955
12,2010,34,24,1620748.25,0,42.74,2.887,126.9835806,10.21,24-Dec-10,Holiday,Christmas,1276344.739
12,2010,45,24,1682862.03,0,30.59,3.141,182.54459,8.724,24-Dec-10,Holiday,Christmas,921890.9363
12,2010,29,24,1130926.79,0,29.76,3.15,132.7477419,10.524,24-Dec-10,Holiday,Christmas,851936.7439
12,2010,8,24,1511641.09,0,45.67,2.886,214.7479069,6.433,24-Dec-10,Holiday,Christmas,703914.2368
12,2010,32,24,1949183.14,0,30.72,2.781,191.1430189,9.137,24-Dec-10,Holiday,Christmas,1019751.153
12,2010,9,24,873347.55,0,50.93,2.886,214.9301534,6.56,24-Dec-10,Holiday,Christmas,406340.1697
12,2010,25,24,1295391.19,0,22.94,3.141,204.6376731,7.484,24-Dec-10,Holiday,Christmas,633016.9662
12,2010,7,24,1045124.88,0,26.04,2.781,191.1430189,9.137,24-Dec-10,Holiday,Christmas,546776.3803
12,2010,12,24,1768249.89,0,52.02,3.236,126.9835806,14.313,24-Dec-10,Holiday,Christmas,1392502.78
12,2010,28,24,2026026.39,0,52.02,3.236,126.9835806,14.313,24-Dec-10,Holiday,Christmas,1595502.647
12,2010,10,24,3749057.69,0,57.06,3.236,126.9835806,9.003,24-Dec-10,Holiday,Christmas,2952395.634
12,2010,22,24,1962445.04,0,29.76,3.15,136.597273,8.572,24-Dec-10,Holiday,Christmas,1436664.874
12,2010,23,24,2734277.1,0,22.96,3.15,132.7477419,5.287,24-Dec-10,Holiday,Christmas,2059754.133
12,2010,5,24,466010.25,0,55.01,2.886,211.9573978,6.768,24-Dec-10,Holiday,Christmas,219860.3374
12,2010,30,24,519354.88,0,51.29,2.886,211.0646599,8.163,24-Dec-10,Holiday,Christmas,246064.3484
12,2010,26,24,1573982.47,0,21.81,3.15,132.7477419,8.149,24-Dec-10,Holiday,Christmas,1185694.346
12,2010,14,24,3818686.45,0,30.59,3.141,182.54459,8.724,24-Dec-10,Holiday,Christmas,2091919.815
12,2010,43,24,656637.63,0,57.15,2.886,203.4086682,10.21,24-Dec-10,Holiday,Christmas,322816.9359
12,2010,3,24,605990.41,0,57.16,2.886,214.7017828,7.564,24-Dec-10,Holiday,Christmas,282247.4979
12,2010,39,24,2495489.25,0,58.86,2.886,210.1805602,8.476,24-Dec-10,Holiday,Christmas,1187307.355
12,2010,37,24,576809.92,0,59.1,2.886,210.1805602,8.476,24-Dec-10,Holiday,Christmas,274435.428
12,2010,40,24,1648829.18,0,24.18,3.15,132.7477419,5.287,24-Dec-10,Holiday,Christmas,1242077.007
12,2010,41,24,2225016.73,0,29.81,2.781,191.1430189,7.508,24-Dec-10,Holiday,Christmas,1164058.59
12,2010,15,24,1368318.17,0,25.07,3.309,132.7477419,8.067,24-Dec-10,Holiday,Christmas,1030765.684
12,2010,44,24,365098.24,0,34.9,2.846,126.9835806,7.61,24-Dec-10,Holiday,Christmas,287516.1011
12,2010,21,24,1587257.78,0,51.29,2.886,211.0646599,8.163,24-Dec-10,Holiday,Christmas,752024.4179
12,2010,36,24,422093.59,0,59.1,2.863,210.1805602,8.476,24-Dec-10,Holiday,Christmas,200824.2768
12,2010,20,24,3766687.43,0,25.17,3.141,204.6376731,7.484,24-Dec-10,Holiday,Christmas,1840661.777
12,2010,17,24,1309226.79,0,26.58,2.846,126.9835806,6.885,24-Dec-10,Holiday,Christmas,1031020.533
12,2010,33,24,249246.8,0,60.43,3.236,126.9835806,9.265,24-Dec-10,Holiday,Christmas,196282.6996
12,2010,2,24,3436007.68,0,49.97,2.886,211.0646599,8.163,24-Dec-10,Holiday,Christmas,1627940.784
12,2010,4,24,3526713.39,0,43.21,2.887,126.9835806,7.127,24-Dec-10,Holiday,Christmas,2777298.745
12,2010,26,31,877268.29,1,18.73,3.177,132.8150323,8.149,31-Dec-10,Holiday,New Year's Eve,660518.8244
12,2010,13,31,1675292,1,26.79,2.868,127.0876774,7.795,31-Dec-10,Holiday,New Year's Eve,1318217.497
12,2010,27,31,1440963,1,29.59,3.336,136.665265,8.021,31-Dec-10,Holiday,New Year's Eve,1054373.984
12,2010,14,31,1623716.46,1,29.67,3.179,182.5714479,8.724,31-Dec-10,Holiday,New Year's Eve,889359.4692
12,2010,21,31,672903.23,1,47.19,2.943,211.064774,8.163,31-Dec-10,Holiday,New Year's Eve,318813.6122
12,2010,45,31,679156.2,1,29.67,3.179,182.5714479,8.724,31-Dec-10,Holiday,New Year's Eve,371994.7493
12,2010,12,31,891736.91,1,45.64,3.148,127.0876774,14.313,31-Dec-10,Holiday,New Year's Eve,701670.6326
12,2010,43,31,534740.3,1,48.61,2.943,203.4176843,10.21,31-Dec-10,Holiday,New Year's Eve,262877.9803
12,2010,6,31,1464050.02,1,49.14,2.943,212.9149674,7.007,31-Dec-10,Holiday,New Year's Eve,687621.9356
12,2010,15,31,543754.17,1,26.54,3.336,132.8150323,8.067,31-Dec-10,Holiday,New Year's Eve,409407.0984
12,2010,35,31,576332.05,1,29.59,3.179,136.665265,8.763,31-Dec-10,Holiday,New Year's Eve,421710.7032
12,2010,3,31,382677.76,1,53.2,2.943,214.6986466,7.564,31-Dec-10,Holiday,New Year's Eve,178239.4841
12,2010,40,31,811318.3,1,19.29,3.177,132.8150323,5.287,31-Dec-10,Holiday,New Year's Eve,610863.3081
12,2010,4,31,1794868.74,1,38.09,2.955,127.0876774,7.127,31-Dec-10,Holiday,New Year's Eve,1412307.453
12,2010,37,31,460331.7,1,52.88,2.943,210.182398,8.476,31-Dec-10,Holiday,New Year's Eve,219015.343
12,2010,18,31,887907.01,1,26.1,3.177,132.8150323,9.331,31-Dec-10,Holiday,New Year's Eve,668529.002
12,2010,34,31,902109.69,1,34.11,2.955,127.0876774,10.21,31-Dec-10,Holiday,New Year's Eve,709832.5412
12,2010,8,31,773586.49,1,41.47,2.943,214.7447295,6.433,31-Dec-10,Holiday,New Year's Eve,360235.3789
12,2010,17,31,635862.55,1,20.79,2.868,127.0876774,6.885,31-Dec-10,Holiday,New Year's Eve,500333.7562
12,2010,41,31,1001790.16,1,25.19,2.829,191.2557002,7.508,31-Dec-10,Holiday,New Year's Eve,523796.2366
11,2010,33,26,240044.57,1,56.87,3.162,126.6692667,9.265,26-Nov-10,Holiday,Thanksgiving,189504.9812
2,2010,20,12,2109107.9,1,22.12,2.773,204.3857472,8.187,12-Feb-10,Holiday,Super Bowl,1031925.136
2,2010,27,12,1745362.72,1,29.81,2.94,135.4113076,8.237,12-Feb-10,Holiday,Super Bowl,1288934.249
2,2010,4,12,2188307.39,1,28.84,2.573,126.4962581,8.623,12-Feb-10,Holiday,Super Bowl,1729938.437
2,2010,29,12,529672.95,1,28.14,2.771,131.5866129,10.064,12-Feb-10,Holiday,Super Bowl,402527.9915
2,2010,31,12,1543947.23,1,37.77,2.548,210.8979935,8.324,12-Feb-10,Holiday,Super Bowl,732082.4653
2,2010,18,12,1187880.7,1,26.41,2.771,131.5866129,9.202,12-Feb-10,Holiday,Super Bowl,902736.7403
2,2010,16,12,472044.28,1,20.87,2.572,189.4642725,7.039,12-Feb-10,Holiday,Super Bowl,249146.857
2,2010,11,12,1574684.08,1,48.01,2.548,214.5747916,7.368,12-Feb-10,Holiday,Super Bowl,733862.5699
2,2010,36,12,469563.7,1,46.11,2.539,209.9970208,8.554,12-Feb-10,Holiday,Super Bowl,223604.9341
2,2010,42,12,575709.96,1,49.96,2.828,126.4962581,9.765,12-Feb-10,Holiday,Super Bowl,455120.1503
2,2010,14,12,1704218.84,1,27.73,2.773,181.982317,8.992,12-Feb-10,Holiday,Super Bowl,936474.9653
2,2010,21,12,809321.44,1,37.77,2.548,210.8979935,8.324,12-Feb-10,Holiday,Super Bowl,383750.1849
2,2010,32,12,1123566.12,1,28.09,2.572,189.4642725,9.014,12-Feb-10,Holiday,Super Bowl,593022.6872
2,2010,37,12,529852.7,1,46.11,2.548,209.9970208,8.554,12-Feb-10,Holiday,Super Bowl,252314.389
2,2010,41,12,1075656.34,1,23.04,2.572,189.4642725,7.541,12-Feb-10,Holiday,Super Bowl,567735.7139
2,2010,25,12,583364.02,1,19.64,2.773,204.3857472,8.187,12-Feb-10,Holiday,Super Bowl,285423.0434
2,2010,17,12,841951.91,1,18.36,2.671,126.4962581,6.548,12-Feb-10,Holiday,Super Bowl,665594.3208
2,2010,22,12,1022571.25,1,28.14,2.771,135.4113076,8.283,12-Feb-10,Holiday,Super Bowl,755159.4236
2,2010,28,12,1558968.49,1,47.87,2.946,126.4962581,13.975,12-Feb-10,Holiday,Super Bowl,1232422.613
2,2010,6,12,1606283.86,1,40.57,2.548,212.7700425,7.259,12-Feb-10,Holiday,Super Bowl,754938.9196
2,2010,3,12,420728.96,1,47.93,2.548,214.5747916,7.368,12-Feb-10,Holiday,Super Bowl,196075.6699
2,2010,23,12,1380892.08,1,18.75,2.771,131.5866129,5.892,12-Feb-10,Holiday,Super Bowl,1049416.844
2,2010,10,12,2176028.52,1,49.96,2.828,126.4962581,9.765,12-Feb-10,Holiday,Super Bowl,1720231.533
2,2010,30,12,497374.57,1,37.77,2.548,210.8979935,8.324,12-Feb-10,Holiday,Super Bowl,235836.5586
2,2010,24,12,1414107.1,1,25.94,2.94,131.5866129,8.326,12-Feb-10,Holiday,Super Bowl,1074658.788
2,2010,44,12,286857.13,1,33.16,2.671,126.4962581,8.119,12-Feb-10,Holiday,Super Bowl,226771.2376
2,2010,35,12,1168815.31,1,29.81,2.773,135.4113076,9.262,12-Feb-10,Holiday,Super Bowl,863159.3112
9,2010,22,10,924174.4,1,68.6,2.717,136.6212085,8.433,10-Sep-10,Holiday,Labor Day,676450.1721
9,2010,24,10,1474498.59,1,67.11,2.837,132.7564516,8.117,10-Sep-10,Holiday,Labor Day,1110679.423
9,2010,30,10,455162.92,1,79.3,2.565,211.1532104,8.099,10-Sep-10,Holiday,Labor Day,215560.5018
9,2010,2,10,1839128.83,1,79.09,2.565,211.1532104,8.099,10-Sep-10,Holiday,Labor Day,870992.5966
9,2010,25,10,655811.95,1,61.14,2.699,204.7266827,7.527,10-Sep-10,Holiday,Labor Day,320335.357
9,2010,45,10,721460.22,1,70.87,2.699,182.598178,8.743,10-Sep-10,Holiday,Labor Day,395108.1155
9,2010,9,10,484835.2,1,77.7,2.565,215.0359315,6.442,10-Sep-10,Holiday,Labor Day,225467.0634
9,2010,32,10,1028635.39,1,68.44,2.78,190.3958293,9.017,10-Sep-10,Holiday,Labor Day,540261.514
9,2010,39,10,1279666.47,1,79.94,2.565,210.2641156,8.36,10-Sep-10,Holiday,Labor Day,608599.5541
9,2010,41,10,1172672.27,1,63.3,2.78,190.3958293,7.335,10-Sep-10,Holiday,Labor Day,615912.793
9,2010,42,10,589091.04,1,84.04,2.961,126.1145806,9.199,10-Sep-10,Holiday,Labor Day,467107.7977
9,2010,44,10,283455.13,1,65.74,2.87,126.1145806,7.804,10-Sep-10,Holiday,Labor Day,224759.9989
9,2010,19,10,1591453.39,1,63.36,2.837,132.7564516,8.099,10-Sep-10,Holiday,Labor Day,1198776.685
9,2010,10,10,1720530.23,1,84.04,2.961,126.1145806,9.199,10-Sep-10,Holiday,Labor Day,1364259.566
9,2010,26,10,1042226.3,1,54.82,2.717,132.7564516,8.445,10-Sep-10,Holiday,Labor Day,785066.4035
9,2010,5,10,306533.08,1,79.86,2.565,212.0499271,6.496,10-Sep-10,Holiday,Labor Day,144557.0315
9,2010,6,10,1424225.44,1,78.78,2.565,213.013312,6.973,10-Sep-10,Holiday,Labor Day,668608.6548
9,2010,27,10,1913494.81,1,70.38,2.837,136.6212085,7.982,10-Sep-10,Holiday,Labor Day,1400584.017
9,2010,43,10,722120.04,1,81.32,2.565,203.4214677,9.816,10-Sep-10,Holiday,Labor Day,354987.1349
9,2010,28,10,1246062.17,1,83.63,3.044,126.1145806,14.18,10-Sep-10,Holiday,Labor Day,988039.7366
9,2010,1,10,1507460.69,1,78.69,2.565,211.4951902,7.787,10-Sep-10,Holiday,Labor Day,712763.5804
9,2010,8,10,831425.2,1,74.34,2.565,214.8528728,6.315,10-Sep-10,Holiday,Labor Day,386974.2067
9,2010,23,10,1272842.85,1,63.21,2.717,132.7564516,5.326,10-Sep-10,Holiday,Labor Day,958780.4093
9,2010,36,10,434471.38,1,80.58,2.513,210.2641156,8.36,10-Sep-10,Holiday,Labor Day,206631.2546
9,2010,38,10,336227.69,1,83.63,3.044,126.1145806,14.18,10-Sep-10,Holiday,Labor Day,266604.9305
9,2010,21,10,674055.81,1,79.3,2.565,211.1532104,8.099,10-Sep-10,Holiday,Labor Day,319225.9349
9,2010,12,10,903119.03,1,83.63,3.044,126.1145806,14.18,10-Sep-10,Holiday,Labor Day,716109.9262
9,2010,34,10,932240.96,1,72.61,2.574,126.1145806,9.816,10-Sep-10,Holiday,Labor Day,739201.5702
9,2010,13,10,1772143.94,1,65.74,2.87,126.1145806,7.951,10-Sep-10,Holiday,Labor Day,1405185.611
9,2010,35,10,961685.98,1,70.38,2.699,136.6212085,8.861,10-Sep-10,Holiday,Labor Day,703906.8023
9,2010,16,10,537518.57,1,57.24,2.78,190.3958293,6.868,10-Sep-10,Holiday,Labor Day,282316.3574
9,2010,11,10,1231428.46,1,81.93,2.565,214.8065431,7.346,10-Sep-10,Holiday,Labor Day,573273.2543
9,2010,15,10,641965.2,1,62.36,2.837,132.7564516,8.099,10-Sep-10,Holiday,Labor Day,483566.1034
9,2010,31,10,1308179.02,1,79.3,2.565,211.1532104,8.099,10-Sep-10,Holiday,Labor Day,619540.199
9,2010,3,10,352260.97,1,80.84,2.565,214.8065431,7.346,10-Sep-10,Holiday,Labor Day,163989.8696
9,2010,17,10,1200888.28,1,56.28,2.87,126.1145806,6.697,10-Sep-10,Holiday,Labor Day,952220.0163
9,2010,37,10,510296.07,1,80.58,2.565,210.2641156,8.36,10-Sep-10,Holiday,Labor Day,242692.8953
9,2010,33,10,272834.88,1,91.77,2.961,126.1145806,9.495,10-Sep-10,Holiday,Labor Day,216338.887
9,2010,14,10,2191767.76,1,70.87,2.699,182.598178,8.743,10-Sep-10,Holiday,Labor Day,1200322.908
9,2010,18,10,1011201.12,1,67.09,2.717,132.7564516,9.342,10-Sep-10,Holiday,Labor Day,761696.4056
9,2010,29,10,491290.37,1,68.6,2.717,132.7564516,10.409,10-Sep-10,Holiday,Labor Day,370068.9225
9,2010,20,10,2014954.79,1,65.02,2.699,204.7266827,7.527,10-Sep-10,Holiday,Labor Day,984216.988
9,2010,4,10,1865820.81,1,73.54,2.574,126.1145806,7.372,10-Sep-10,Holiday,Labor Day,1479464.786
9,2010,40,10,967310.82,1,62.75,2.717,132.7564516,5.326,10-Sep-10,Holiday,Labor Day,728635.6394
9,2010,7,10,535769.32,1,48.5,2.78,190.3958293,9.017,10-Sep-10,Holiday,Labor Day,281397.6136
11,2010,34,26,1309476.68,1,41.13,2.752,126.6692667,10.21,26-Nov-10,Holiday,Thanksgiving,1033776.159
11,2010,6,26,2267452.4,1,65.79,2.735,213.2672961,7.007,26-Nov-10,Holiday,Thanksgiving,1063197.425
11,2010,20,26,2811634.04,1,46.66,3.039,204.9621,7.484,26-Nov-10,Holiday,Thanksgiving,1371782.412
11,2010,22,26,1564502.26,1,44.61,3.07,136.6895714,8.572,26-Nov-10,Holiday,Thanksgiving,1144565.927
11,2010,3,26,565567.84,1,68.71,2.735,215.0614025,7.564,26-Nov-10,Holiday,Thanksgiving,262979.7041
11,2010,4,26,2789469.45,1,48.08,2.752,126.6692667,7.127,26-Nov-10,Holiday,Thanksgiving,2202167.521
11,2010,29,26,975268.91,1,44.61,3.07,132.8369333,10.524,26-Nov-10,Holiday,Thanksgiving,734185.0536
2,2010,45,12,656988.64,1,27.73,2.773,181.982317,8.992,12-Feb-10,Holiday,Super Bowl,361017.8455
11,2010,41,26,1866681.57,1,25.3,2.742,191.0121805,7.508,26-Nov-10,Holiday,Thanksgiving,977257.8718
11,2010,18,26,1653759.36,1,40.81,3.07,132.8369333,9.331,26-Nov-10,Holiday,Thanksgiving,1244954.486
11,2010,21,26,1245628.61,1,62.96,2.735,211.4062867,8.163,26-Nov-10,Holiday,Thanksgiving,589210.7701
11,2010,36,26,408891.49,1,67.73,2.725,210.5152765,8.476,26-Nov-10,Holiday,Thanksgiving,194233.6427
11,2010,2,26,2658725.29,1,62.98,2.735,211.4062867,8.163,26-Nov-10,Holiday,Thanksgiving,1257637.761
11,2010,32,26,1634635.86,1,29.97,2.742,191.0121805,9.137,26-Nov-10,Holiday,Thanksgiving,855775.7184
11,2010,19,26,1993367.83,1,42.62,3.186,132.8369333,8.067,26-Nov-10,Holiday,Thanksgiving,1500612.654
11,2010,17,26,1005448.76,1,19.03,2.83,126.6692667,6.885,26-Nov-10,Holiday,Thanksgiving,793759.0437
11,2010,13,26,2766400.05,1,28.22,2.83,126.6692667,7.795,26-Nov-10,Holiday,Thanksgiving,2183955.21
11,2010,39,26,2149355.2,1,67.75,2.735,210.5152765,8.476,26-Nov-10,Holiday,Thanksgiving,1020997.258
11,2010,8,26,1261693.16,1,51.07,2.735,215.1077548,6.433,26-Nov-10,Holiday,Thanksgiving,586540.0628
11,2010,40,26,1166142.85,1,32.94,3.07,132.8369333,5.287,26-Nov-10,Holiday,Thanksgiving,877875.4681
11,2010,43,26,633520.34,1,54.76,2.735,203.6952786,10.21,26-Nov-10,Holiday,Thanksgiving,311013.7576
11,2010,31,26,1858856.06,1,62.96,2.735,211.4062867,8.163,26-Nov-10,Holiday,Thanksgiving,879281.3539
11,2010,38,26,360857.98,1,47.66,3.162,126.6692667,14.313,26-Nov-10,Holiday,Thanksgiving,284882.0313
11,2010,28,26,1937033.5,1,47.66,3.162,126.6692667,14.313,26-Nov-10,Holiday,Thanksgiving,1529205.584
11,2010,10,26,2939946.38,1,55.33,3.162,126.6692667,9.003,26-Nov-10,Holiday,Thanksgiving,2320962.659
11,2010,5,26,488362.61,1,66.15,2.735,212.303441,6.768,26-Nov-10,Holiday,Thanksgiving,230030.4732
11,2010,1,26,1955624.11,1,64.52,2.735,211.7484333,7.838,26-Nov-10,Holiday,Thanksgiving,923560.132
11,2010,9,26,768070.53,1,60.18,2.735,215.2909028,6.56,26-Nov-10,Holiday,Thanksgiving,356759.3986
11,2010,15,26,1120018.92,1,40.71,3.186,132.8369333,8.067,26-Nov-10,Holiday,Thanksgiving,843153.2498
11,2010,7,26,835189.26,1,17.95,2.742,191.0121805,9.137,26-Nov-10,Holiday,Thanksgiving,437243.9798
11,2010,42,26,522296.71,1,55.33,3.162,126.6692667,9.003,26-Nov-10,Holiday,Thanksgiving,412331.0441
11,2010,45,26,1182500.16,1,46.15,3.039,182.7832769,8.724,26-Nov-10,Holiday,Thanksgiving,646941.1097
11,2010,44,26,307646.5,1,28.22,2.83,126.6692667,7.61,26-Nov-10,Holiday,Thanksgiving,242873.8304
11,2010,27,26,2627910.75,1,46.67,3.186,136.6895714,8.021,26-Nov-10,Holiday,Thanksgiving,1922539.315
11,2010,30,26,462732.36,1,62.96,2.735,211.4062867,8.163,26-Nov-10,Holiday,Thanksgiving,218882.9704
11,2010,37,26,518220.72,1,67.73,2.735,210.5152765,8.476,26-Nov-10,Holiday,Thanksgiving,246167.7502
11,2010,16,26,651837.77,1,23.46,2.742,191.0121805,6.986,26-Nov-10,Holiday,Thanksgiving,341254.5568
11,2010,12,26,1601377.41,1,47.66,3.162,126.6692667,14.313,26-Nov-10,Holiday,Thanksgiving,1264219.374
11,2010,24,26,1779276.51,1,41.92,3.186,132.8369333,8.275,26-Nov-10,Holiday,Thanksgiving,1339444.133
11,2010,14,26,2921709.71,1,46.15,3.039,182.7832769,8.724,26-Nov-10,Holiday,Thanksgiving,1598455.701
11,2010,35,26,1781866.98,1,46.67,3.039,136.6895714,8.763,26-Nov-10,Holiday,Thanksgiving,1303586.632
11,2010,26,26,1286833.62,1,28.11,3.07,132.8369333,8.149,26-Nov-10,Holiday,Thanksgiving,968731.8037
11,2010,11,26,1757242.51,1,69.9,2.735,215.0614025,7.564,26-Nov-10,Holiday,Thanksgiving,817088.7428
11,2010,23,26,2072685.05,1,34.95,3.07,132.8369333,5.287,26-Nov-10,Holiday,Thanksgiving,1560322.87
11,2010,25,26,1115240.61,1,43.43,3.039,204.9621,7.484,26-Nov-10,Holiday,Thanksgiving,544120.4057
12,2010,39,31,1230012.16,1,52.45,2.943,210.182398,8.476,31-Dec-10,Holiday,New Year's Eve,585211.7835
12,2010,23,31,1169773.85,1,19.05,3.177,132.8150323,5.287,31-Dec-10,Holiday,New Year's Eve,880754.1057
12,2010,44,31,241937.11,1,26.79,2.868,127.0876774,7.61,31-Dec-10,Holiday,New Year's Eve,190370.2349
12,2010,31,31,1198071.6,1,47.19,2.943,211.064774,8.163,31-Dec-10,Holiday,New Year's Eve,567632.1905
12,2010,30,31,397631.02,1,47.19,2.943,211.064774,8.163,31-Dec-10,Holiday,New Year's Eve,188392.8864
12,2010,36,31,359310.65,1,52.88,2.949,210.182398,8.476,31-Dec-10,Holiday,New Year's Eve,170951.8273
12,2010,20,31,1799737.79,1,28.85,3.179,204.6432267,7.484,31-Dec-10,Holiday,New Year's Eve,879451.4331
12,2010,25,31,623092.54,1,25.89,3.179,204.6432267,7.484,31-Dec-10,Holiday,New Year's Eve,304477.4802
12,2010,38,31,303908.81,1,45.64,3.148,127.0876774,14.313,31-Dec-10,Holiday,New Year's Eve,239133.1844
12,2010,7,31,729572.08,1,13.76,2.829,191.2557002,9.137,31-Dec-10,Holiday,New Year's Eve,381464.2279
12,2010,19,31,1275146.94,1,28.65,3.336,132.8150323,8.067,31-Dec-10,Holiday,New Year's Eve,960092.3314
12,2010,1,31,1367320.01,1,48.43,2.943,211.4049321,7.838,31-Dec-10,Holiday,New Year's Eve,646777.7248
12,2010,42,31,428953.6,1,49.67,3.148,127.0876774,9.003,31-Dec-10,Holiday,New Year's Eve,337525.7214
12,2010,28,31,1090558.57,1,45.64,3.148,127.0876774,14.313,31-Dec-10,Holiday,New Year's Eve,858115.1157
12,2010,32,31,955463.84,1,27.7,2.829,191.2557002,9.137,31-Dec-10,Holiday,New Year's Eve,499574.0462
12,2010,16,31,575317.38,1,19.66,2.829,191.2557002,6.986,31-Dec-10,Holiday,New Year's Eve,300810.5794
12,2010,11,31,1172003.1,1,55.03,2.943,214.6986466,7.564,31-Dec-10,Holiday,New Year's Eve,545882.8542
12,2010,5,31,298180.18,1,49.79,2.943,211.9567142,6.768,31-Dec-10,Holiday,New Year's Eve,140679.7521
12,2010,24,31,1208600.05,1,25.9,3.336,132.8150323,8.275,31-Dec-10,Holiday,New Year's Eve,909987.393
12,2010,10,31,1707298.14,1,49.67,3.148,127.0876774,9.003,31-Dec-10,Holiday,New Year's Eve,1343401.795
12,2010,2,31,1750434.55,1,47.3,2.943,211.064774,8.163,31-Dec-10,Holiday,New Year's Eve,829335.24
12,2010,22,31,774262.28,1,28.49,3.177,136.665265,8.572,31-Dec-10,Holiday,New Year's Eve,566539.1861
12,2010,29,31,465992.02,1,28.49,3.177,132.8150323,10.524,31-Dec-10,Holiday,New Year's Eve,350857.8901
12,2010,9,31,459770.85,1,45.92,2.943,214.9268131,6.56,31-Dec-10,Holiday,New Year's Eve,213919.7261
12,2010,33,31,219804.85,1,52.91,3.148,127.0876774,9.265,31-Dec-10,Holiday,New Year's Eve,172955.2813
2,2010,8,12,994801.4,1,33.34,2.548,214.6214189,6.299,12-Feb-10,Holiday,Super Bowl,463514.5015
2,2010,15,12,682447.1,1,22,2.94,131.5866129,8.35,12-Feb-10,Holiday,Super Bowl,518629.5817
2,2010,43,12,682918.99,1,47.99,2.548,203.2010968,9.521,12-Feb-10,Holiday,Super Bowl,336080.3661
2,2010,5,12,311825.7,1,39.81,2.548,211.8004698,6.566,12-Feb-10,Holiday,Super Bowl,147226.1607
2,2010,39,12,1266229.07,1,44.58,2.548,209.9970208,8.554,12-Feb-10,Holiday,Super Bowl,602974.778
2,2010,26,12,1015684.09,1,18.14,2.771,131.5866129,8.488,12-Feb-10,Holiday,Super Bowl,771874.9405
2,2010,34,12,994610.99,1,36.13,2.573,126.4962581,9.521,12-Feb-10,Holiday,Super Bowl,786277.0053
2,2010,33,12,294882.83,1,55.47,2.828,126.4962581,10.115,12-Feb-10,Holiday,Super Bowl,233115.8521
2,2010,7,12,524104.92,1,25.9,2.572,189.4642725,9.014,12-Feb-10,Holiday,Super Bowl,276624.6708
2,2010,13,12,2030933.46,1,33.16,2.671,126.4962581,8.316,12-Feb-10,Holiday,Super Bowl,1605528.488
2,2010,40,12,955338.29,1,20.84,2.771,131.5866129,5.892,12-Feb-10,Holiday,Super Bowl,726014.8042
2,2010,12,12,1117863.33,1,47.87,2.946,126.4962581,13.975,12-Feb-10,Holiday,Super Bowl,883712.5673
2,2010,19,12,1536549.95,1,23.22,2.94,131.5866129,8.35,12-Feb-10,Holiday,Super Bowl,1167709.934
2,2010,38,12,342214.9,1,47.87,2.946,126.4962581,13.975,12-Feb-10,Holiday,Super Bowl,270533.6151
2,2010,1,12,1641957.44,1,38.51,2.548,211.2421698,8.106,12-Feb-10,Holiday,Super Bowl,777286.7707
2,2010,9,12,552677.48,1,37.08,2.548,214.8056534,6.415,12-Feb-10,Holiday,Super Bowl,257291.8688
2,2010,2,12,2137809.5,1,38.49,2.548,210.8979935,8.324,12-Feb-10,Holiday,Super Bowl,1013669.91
4,2011,7,22,466594.89,0,31.84,3.636,192.5234638,8.595,22-Apr-11,Not Holiday,Non-Holiday,242357.4149
4,2011,28,22,1297452,0,72.12,4.134,128.9553,13.736,22-Apr-11,Not Holiday,Non-Holiday,1006125.378
4,2011,39,22,1563140.85,0,74.98,3.807,214.1921572,8.3,22-Apr-11,Not Holiday,Non-Holiday,729784.3537
4,2011,4,22,2220600.76,0,68.8,3.781,128.9553,5.946,22-Apr-11,Not Holiday,Non-Holiday,1721992.628
4,2011,30,22,445358.73,0,70.79,3.807,215.1096657,7.931,22-Apr-11,Not Holiday,Non-Holiday,207037.9909
4,2011,5,22,328415.44,0,74.34,3.807,216.0280407,6.489,22-Apr-11,Not Holiday,Non-Holiday,152024.4497
4,2011,17,22,1060770.11,0,42.24,3.655,128.9553,6.774,22-Apr-11,Not Holiday,Non-Holiday,822587.447
4,2011,27,22,1921655.48,0,50.02,4.061,138.2475036,7.725,22-Apr-11,Not Holiday,Non-Holiday,1390010.98
4,2011,16,22,368600,0,40.74,3.636,192.5234638,6.339,22-Apr-11,Not Holiday,Non-Holiday,191457.1828
4,2011,37,22,526434.37,0,74.57,3.807,214.1921572,8.3,22-Apr-11,Not Holiday,Non-Holiday,245776.6787
4,2011,43,22,638280.67,0,74.49,3.807,207.2581929,10.581,22-Apr-11,Not Holiday,Non-Holiday,307964.0236
4,2011,8,22,937473.13,0,65.11,3.807,218.8986857,6.297,22-Apr-11,Not Holiday,Non-Holiday,428268.0488
4,2011,15,22,655318.26,0,41.37,4.061,134.3571,7.658,22-Apr-11,Not Holiday,Non-Holiday,487743.6771
4,2011,20,22,2313861.81,0,52.56,3.892,208.4779405,7.287,22-Apr-11,Not Holiday,Non-Holiday,1109883.283
4,2011,6,22,1639358.93,0,74.24,3.807,217.0146941,6.855,22-Apr-11,Not Holiday,Non-Holiday,755413.792
4,2011,29,22,589252.69,0,47.76,3.919,134.3571,9.966,22-Apr-11,Not Holiday,Non-Holiday,438572.0516
4,2011,41,22,1304481.75,0,42.86,3.636,192.5234638,6.934,22-Apr-11,Not Holiday,Non-Holiday,677570.2682
4,2011,26,22,921700.61,0,33.81,3.919,134.3571,7.818,22-Apr-11,Not Holiday,Non-Holiday,686008.1157
4,2011,38,22,362952.34,0,72.12,4.134,128.9553,13.736,22-Apr-11,Not Holiday,Non-Holiday,281455.9309
4,2011,18,22,1105860.06,0,45.99,3.919,134.3571,8.975,22-Apr-11,Not Holiday,Non-Holiday,823075.2673
4,2011,42,22,534597.69,0,75.93,3.917,128.9553,8.494,22-Apr-11,Not Holiday,Non-Holiday,414560.464
4,2011,30,29,423687.2,0,70.19,3.81,215.2772683,7.931,29-Apr-11,Not Holiday,Non-Holiday,196810.0038
4,2011,41,29,1178841.05,0,39.81,3.663,192.6243322,6.934,29-Apr-11,Not Holiday,Non-Holiday,611989.6882
4,2011,24,29,1197761.17,0,60.48,4.117,134.4357333,8.212,29-Apr-11,Not Holiday,Non-Holiday,890954.4662
4,2011,20,29,1881788.19,0,62.97,3.962,208.6386,7.287,29-Apr-11,Not Holiday,Non-Holiday,901936.7413
4,2011,5,29,307291.56,0,74.75,3.81,216.1968142,6.489,29-Apr-11,Not Holiday,Non-Holiday,142135.1009
4,2011,22,29,926133.8,0,57.2,3.988,138.3303119,8.252,29-Apr-11,Not Holiday,Non-Holiday,669508.9365
4,2011,34,29,895973.02,0,57.73,3.781,128.9998667,10.581,29-Apr-11,Not Holiday,Non-Holiday,694553.4464
4,2011,15,29,560764.41,0,55.46,4.117,134.4357333,7.658,29-Apr-11,Not Holiday,Non-Holiday,417124.5221
4,2011,25,29,649245,0,58.43,3.962,208.6386,7.287,29-Apr-11,Not Holiday,Non-Holiday,311181.6318
4,2011,21,29,783250.75,0,70.19,3.81,215.2772683,7.931,29-Apr-11,Not Holiday,Non-Holiday,363833.4675
4,2011,19,29,1297237.7,0,54.23,4.117,134.4357333,7.658,29-Apr-11,Not Holiday,Non-Holiday,964950.0681
4,2011,29,29,493078.64,0,57.2,3.988,134.4357333,9.966,29-Apr-11,Not Holiday,Non-Holiday,366776.4722
4,2011,12,29,994966.1,0,68.27,4.151,128.9998667,13.736,29-Apr-11,Not Holiday,Non-Holiday,771292.3474
4,2011,38,29,344225.99,0,68.27,4.151,128.9998667,13.736,29-Apr-11,Not Holiday,Non-Holiday,266842.1285
4,2011,42,29,496010.17,0,73.38,4.151,128.9998667,8.494,29-Apr-11,Not Holiday,Non-Holiday,384504.4051
4,2011,2,29,1745545.28,0,69.21,3.81,215.2772683,7.931,29-Apr-11,Not Holiday,Non-Holiday,810835.8554
4,2011,6,29,1479249.9,0,75.27,3.81,217.1847255,6.855,29-Apr-11,Not Holiday,Non-Holiday,681102.18
4,2011,16,29,378100.31,0,37.77,3.663,192.6243322,6.339,29-Apr-11,Not Holiday,Non-Holiday,196288.966
4,2011,36,29,340708.78,0,76.1,3.837,214.3580974,8.3,29-Apr-11,Not Holiday,Non-Holiday,158943.7414
4,2011,27,29,1642074.64,0,61.71,4.117,138.3303119,7.725,29-Apr-11,Not Holiday,Non-Holiday,1187067.836
4,2011,33,29,248561.86,0,77.44,4.151,128.9998667,8.687,29-Apr-11,Not Holiday,Non-Holiday,192683.8115
4,2011,10,29,1873646.34,0,73.38,4.151,128.9998667,8.494,29-Apr-11,Not Holiday,Non-Holiday,1452440.524
4,2011,13,29,1895583.12,0,43.85,3.683,128.9998667,7.193,29-Apr-11,Not Holiday,Non-Holiday,1469445.797
4,2011,4,29,1878167.44,0,64.22,3.781,128.9998667,5.946,29-Apr-11,Not Holiday,Non-Holiday,1455945.256
4,2011,31,29,1331137.96,0,70.19,3.81,215.2772683,7.931,29-Apr-11,Not Holiday,Non-Holiday,618336.5157
4,2011,8,29,855014.77,0,62.29,3.81,219.071119,6.297,29-Apr-11,Not Holiday,Non-Holiday,390290.9584
4,2011,39,29,1379651.87,0,76.47,3.81,214.3580974,8.3,29-Apr-11,Not Holiday,Non-Holiday,643620.1323
4,2011,44,29,281247.97,0,43.85,3.683,128.9998667,6.906,29-Apr-11,Not Holiday,Non-Holiday,218021.9075
4,2011,28,29,1222367.9,0,68.27,4.151,128.9998667,13.736,29-Apr-11,Not Holiday,Non-Holiday,947572.9947
4,2011,45,29,786561.61,0,66.18,3.962,185.8029526,8.521,29-Apr-11,Not Holiday,Non-Holiday,423331.0607
4,2011,18,29,974114.39,0,58.82,3.988,134.4357333,8.975,29-Apr-11,Not Holiday,Non-Holiday,724594.8425
4,2011,32,29,1107494.55,0,44.86,3.663,192.6243322,8.595,29-Apr-11,Not Holiday,Non-Holiday,574950.4942
4,2011,35,29,811824.06,0,61.71,3.962,138.3303119,8.512,29-Apr-11,Not Holiday,Non-Holiday,586873.5846
4,2011,40,29,847246.5,0,52.68,3.988,134.4357333,4.781,29-Apr-11,Not Holiday,Non-Holiday,630224.1816
4,2011,7,29,410429.73,0,26.79,3.663,192.6243322,8.595,29-Apr-11,Not Holiday,Non-Holiday,213072.6297
4,2011,23,29,1173307.4,0,54.2,3.988,134.4357333,4.781,29-Apr-11,Not Holiday,Non-Holiday,872764.5331
4,2011,17,29,806979.15,0,40.14,3.683,128.9998667,6.774,29-Apr-11,Not Holiday,Non-Holiday,625565.879
4,2011,14,29,1930617.64,0,66.18,3.962,185.8029526,8.521,29-Apr-11,Not Holiday,Non-Holiday,1039067.255
4,2011,3,29,367405.4,0,78.69,3.81,219.0236099,7.574,29-Apr-11,Not Holiday,Non-Holiday,167746.9384
4,2011,43,29,611464.21,0,71.34,3.81,207.4148429,10.581,29-Apr-11,Not Holiday,Non-Holiday,294802.5327
4,2011,11,29,1357589.89,0,79.97,3.81,219.0236099,7.574,29-Apr-11,Not Holiday,Non-Holiday,619837.2361
4,2011,26,29,873450.29,0,47.17,3.988,134.4357333,7.818,29-Apr-11,Not Holiday,Non-Holiday,649715.8669
4,2011,1,29,1455090.69,0,72.03,3.81,215.6279544,7.682,29-Apr-11,Not Holiday,Non-Holiday,674815.4218
4,2011,9,29,532226.2,0,70.85,3.81,219.2588382,6.38,29-Apr-11,Not Holiday,Non-Holiday,242738.7668
4,2011,37,29,502918.18,0,76.1,3.81,214.3580974,8.3,29-Apr-11,Not Holiday,Non-Holiday,234615.9003
7,2011,9,1,537064.03,0,89.14,3.524,218.7796415,6.404,1-Jul-11,Not Holiday,Non-Holiday,245481.7214
7,2011,8,1,883683.35,0,87.26,3.524,218.5937514,6.425,1-Jul-11,Not Holiday,Non-Holiday,404258.2848
7,2011,11,1,1297472.06,0,86.43,3.524,218.5467052,7.567,1-Jul-11,Not Holiday,Non-Holiday,593681.8214
7,2011,23,1,1492507.44,0,65.65,3.815,135.4468,4.584,1-Jul-11,Not Holiday,Non-Holiday,1101914.139
7,2011,33,1,226702.36,0,98.43,3.842,129.0894,8.442,1-Jul-11,Not Holiday,Non-Holiday,175616.5572
7,2011,3,1,368962.72,0,85.1,3.524,218.5467052,7.567,1-Jul-11,Not Holiday,Non-Holiday,168825.5696
7,2011,35,1,874453.88,0,73.76,3.748,139.36375,8.684,1-Jul-11,Not Holiday,Non-Holiday,627461.5027
7,2011,38,1,387334.04,0,89.85,3.842,129.0894,13.503,1-Jul-11,Not Holiday,Non-Holiday,300051.0034
7,2011,13,1,2048035.74,0,74.29,3.613,129.0894,6.877,1-Jul-11,Not Holiday,Non-Holiday,1586525.106
7,2011,36,1,354270.77,0,85.33,3.502,213.9324122,8.177,1-Jul-11,Not Holiday,Non-Holiday,165599.3902
7,2011,26,1,1070119.09,0,59.89,3.815,135.4468,7.767,1-Jul-11,Not Holiday,Non-Holiday,790065.9816
7,2011,16,1,608737.56,0,63.59,3.597,193.0930552,6.338,1-Jul-11,Not Holiday,Non-Holiday,315256.0611
7,2011,39,1,1429829.36,0,84.93,3.524,213.9324122,8.177,1-Jul-11,Not Holiday,Non-Holiday,668355.6481
7,2011,44,1,315273.08,0,74.29,3.613,129.0894,6.56,1-Jul-11,Not Holiday,Non-Holiday,244228.4804
7,2011,30,1,428782.38,0,87.57,3.524,214.8368678,7.852,1-Jul-11,Not Holiday,Non-Holiday,199585.1012
7,2011,5,1,327093.89,0,85.81,3.524,215.7474537,6.529,1-Jul-11,Not Holiday,Non-Holiday,151609.6178
7,2011,7,1,704344.21,0,58.54,3.597,193.0930552,8.622,1-Jul-11,Not Holiday,Non-Holiday,364769.3125
7,2011,40,1,1048866.3,0,65.25,3.815,135.4468,4.584,1-Jul-11,Not Holiday,Non-Holiday,774375.1052
7,2011,10,1,1751369.75,0,95.36,3.842,129.0894,8.257,1-Jul-11,Not Holiday,Non-Holiday,1356710.737
7,2011,19,1,1462731.93,0,67.64,3.916,135.4468,7.806,1-Jul-11,Not Holiday,Non-Holiday,1079930.962
7,2011,21,1,784639.12,0,87.57,3.524,214.8368678,7.852,1-Jul-11,Not Holiday,Non-Holiday,365225.5444
7,2011,37,1,517021.3,0,85.33,3.524,213.9324122,8.177,1-Jul-11,Not Holiday,Non-Holiday,241675.0668
7,2011,6,1,1694551.15,0,87,3.524,216.7257388,6.925,1-Jul-11,Not Holiday,Non-Holiday,781887.3565
7,2011,22,1,1077491.68,0,70.8,3.815,139.36375,8.023,1-Jul-11,Not Holiday,Non-Holiday,773150.6077
7,2011,24,1,1445596.61,0,70.27,3.916,135.4468,8.358,1-Jul-11,Not Holiday,Non-Holiday,1067280.002
7,2011,27,1,1949983.93,0,73.76,3.916,139.36375,7.85,1-Jul-11,Not Holiday,Non-Holiday,1399204.549
7,2011,2,1,1866243,0,85.69,3.524,214.8368678,7.852,1-Jul-11,Not Holiday,Non-Holiday,868679.1141
7,2011,41,1,1333347.78,0,67.01,3.597,193.0930552,6.901,1-Jul-11,Not Holiday,Non-Holiday,690520.8365
7,2011,20,1,2053165.41,0,69.66,3.748,208.3346432,7.274,1-Jul-11,Not Holiday,Non-Holiday,985513.2005
7,2011,17,1,940554.34,0,67.39,3.613,129.0894,6.745,1-Jul-11,Not Holiday,Non-Holiday,728606.9499
7,2011,28,1,1319054.57,0,89.85,3.842,129.0894,13.503,1-Jul-11,Not Holiday,Non-Holiday,1021814.781
7,2011,14,1,2074668.19,0,74.04,3.748,185.9119885,8.625,1-Jul-11,Not Holiday,Non-Holiday,1115941.046
7,2011,42,1,506343.83,0,95.36,3.842,129.0894,8.257,1-Jul-11,Not Holiday,Non-Holiday,392242.7635
7,2011,1,1,1488538.09,0,85.55,3.524,215.1841368,7.962,1-Jul-11,Not Holiday,Non-Holiday,691750.8475
7,2011,43,1,586781.78,0,91.36,3.524,207.0288571,10.641,1-Jul-11,Not Holiday,Non-Holiday,283429.947
7,2011,4,1,2051533.53,0,84.54,3.504,129.0894,5.644,1-Jul-11,Not Holiday,Non-Holiday,1589234.693
7,2011,34,1,911106.22,0,81.96,3.504,129.0894,10.641,1-Jul-11,Not Holiday,Non-Holiday,705794.7593
7,2011,45,1,791495.25,0,74.04,3.748,185.9119885,8.625,1-Jul-11,Not Holiday,Non-Holiday,425736.5307
7,2011,12,1,961993.34,0,89.85,3.842,129.0894,13.503,1-Jul-11,Not Holiday,Non-Holiday,745214.8201
7,2011,15,1,674669.16,0,67.43,3.916,135.4468,7.806,1-Jul-11,Not Holiday,Non-Holiday,498106.3857
7,2011,25,1,706206.86,0,66.61,3.748,208.3346432,7.274,1-Jul-11,Not Holiday,Non-Holiday,338977.1615
7,2011,31,1,1371889.27,0,87.57,3.524,214.8368678,7.852,1-Jul-11,Not Holiday,Non-Holiday,638572.5523
7,2011,29,1,567114.6,0,70.8,3.815,135.4468,9.863,1-Jul-11,Not Holiday,Non-Holiday,418699.1498
7,2011,32,1,1199845.29,0,72.86,3.597,193.0930552,8.622,1-Jul-11,Not Holiday,Non-Holiday,621381.8973
7,2011,18,1,1087051.26,0,69.75,3.815,135.4468,8.89,1-Jul-11,Not Holiday,Non-Holiday,802566.9562
7,2011,9,8,535983.13,0,89.04,3.48,218.8755955,6.404,8-Jul-11,Not Holiday,Non-Holiday,244880.2612
7,2011,19,8,1465489.75,0,73.2,3.886,135.6283333,7.806,8-Jul-11,Not Holiday,Non-Holiday,1080518.882
7,2011,1,8,1534849.64,0,85.83,3.48,215.2771754,7.962,8-Jul-11,Not Holiday,Non-Holiday,712964.4084
7,2011,5,8,310804.93,0,86.64,3.48,215.8409491,6.529,8-Jul-11,Not Holiday,Non-Holiday,143997.2032
7,2011,44,8,295339.01,0,77.3,3.563,129.1125,6.56,8-Jul-11,Not Holiday,Non-Holiday,228745.4817
7,2011,22,8,1017050.65,0,74.22,3.784,139.5442083,8.023,8-Jul-11,Not Holiday,Non-Holiday,728837.5938
7,2011,37,8,489059.93,0,84.71,3.48,214.0245556,8.177,8-Jul-11,Not Holiday,Non-Holiday,228506.4574
7,2011,6,8,1709373.62,0,88.36,3.48,216.8200275,6.925,8-Jul-11,Not Holiday,Non-Holiday,788383.6377
7,2011,15,8,635118.48,0,73.47,3.886,135.6283333,7.806,8-Jul-11,Not Holiday,Non-Holiday,468278.6145
7,2011,31,8,1423144.47,0,89.16,3.48,214.9296249,7.852,8-Jul-11,Not Holiday,Non-Holiday,662144.3976
7,2011,24,8,1567340.07,0,72.56,3.886,135.6283333,8.358,8-Jul-11,Not Holiday,Non-Holiday,1155614.046
7,2011,23,8,1379488.05,0,69.92,3.784,135.6283333,4.584,8-Jul-11,Not Holiday,Non-Holiday,1017109.048
7,2011,32,8,1110244.52,0,72.56,3.54,193.1878448,8.622,8-Jul-11,Not Holiday,Non-Holiday,574696.8818
7,2011,27,8,2000055.27,0,76.87,3.886,139.5442083,7.85,8-Jul-11,Not Holiday,Non-Holiday,1433277.163
7,2011,30,8,419764.37,0,89.16,3.48,214.9296249,7.852,8-Jul-11,Not Holiday,Non-Holiday,195303.1697
7,2011,41,8,1338862.58,0,68.49,3.54,193.1878448,6.901,8-Jul-11,Not Holiday,Non-Holiday,693036.6563
7,2011,2,8,1853161.99,0,87.7,3.48,214.9296249,7.852,8-Jul-11,Not Holiday,Non-Holiday,862218.0357
7,2011,45,8,768718.11,0,77.49,3.711,186.032016,8.625,8-Jul-11,Not Holiday,Non-Holiday,413218.1796
7,2011,20,8,2123787.79,0,74.69,3.711,208.4386847,7.274,8-Jul-11,Not Holiday,Non-Holiday,1018902.894
7,2011,34,8,926934.57,0,80.84,3.469,129.1125,10.641,8-Jul-11,Not Holiday,Non-Holiday,717927.8304
7,2011,42,8,593234.27,0,88.57,3.793,129.1125,8.257,8-Jul-11,Not Holiday,Non-Holiday,459470.8258
7,2011,16,8,634634.66,0,65,3.54,193.1878448,6.338,8-Jul-11,Not Holiday,Non-Holiday,328506.5169
7,2011,21,8,734099.4,0,89.16,3.48,214.9296249,7.852,8-Jul-11,Not Holiday,Non-Holiday,341553.3807
7,2011,17,8,915064.22,0,70.6,3.563,129.1125,6.745,8-Jul-11,Not Holiday,Non-Holiday,708734.0265
7,2011,8,8,861965.12,0,83.57,3.48,218.6895548,6.425,8-Jul-11,Not Holiday,Non-Holiday,394150.1096
7,2011,25,8,698529.64,0,71.64,3.711,208.4386847,7.274,8-Jul-11,Not Holiday,Non-Holiday,335124.7591
7,2011,11,8,1334627.96,0,87.17,3.48,218.6424704,7.567,8-Jul-11,Not Holiday,Non-Holiday,610415.6972
7,2011,18,8,1048802.62,0,73.12,3.784,135.6283333,8.89,8-Jul-11,Not Holiday,Non-Holiday,773291.6821
7,2011,3,8,395146.24,0,85.38,3.48,218.6424704,7.567,8-Jul-11,Not Holiday,Non-Holiday,180727.1201
7,2011,12,8,943717.38,0,89.9,3.705,129.1125,13.503,8-Jul-11,Not Holiday,Non-Holiday,730926.4246
7,2011,35,8,827717.85,0,76.87,3.711,139.5442083,8.684,8-Jul-11,Not Holiday,Non-Holiday,593158.154
7,2011,33,8,262717.71,0,96.44,3.793,129.1125,8.442,8-Jul-11,Not Holiday,Non-Holiday,203479.6863
7,2011,10,8,1699708.38,0,88.57,3.793,129.1125,8.257,8-Jul-11,Not Holiday,Non-Holiday,1316455.324
7,2011,26,8,1133807.03,0,63.34,3.784,135.6283333,7.767,8-Jul-11,Not Holiday,Non-Holiday,835966.2044
7,2011,29,8,547586.07,0,74.22,3.784,135.6283333,9.863,8-Jul-11,Not Holiday,Non-Holiday,403740.1748
7,2011,28,8,1459655.85,0,89.9,3.705,129.1125,13.503,8-Jul-11,Not Holiday,Non-Holiday,1130530.235
7,2011,13,8,2021699.38,0,77.3,3.563,129.1125,6.877,8-Jul-11,Not Holiday,Non-Holiday,1565843.261
7,2011,36,8,377464.62,0,84.71,3.44,214.0245556,8.177,8-Jul-11,Not Holiday,Non-Holiday,176365.0993
7,2011,4,8,2066541.86,0,84.59,3.469,129.1125,5.644,8-Jul-11,Not Holiday,Non-Holiday,1600574.584
7,2011,39,8,1414564.53,0,84.33,3.48,214.0245556,8.177,8-Jul-11,Not Holiday,Non-Holiday,660935.623
7,2011,43,8,651147.83,0,87.02,3.48,207.1152738,10.641,8-Jul-11,Not Holiday,Non-Holiday,314389.0926
7,2011,40,8,1107366.06,0,67.86,3.784,135.6283333,4.584,8-Jul-11,Not Holiday,Non-Holiday,816471.0375
7,2011,7,8,761793.94,0,59.08,3.54,193.1878448,8.622,8-Jul-11,Not Holiday,Non-Holiday,394328.0908
7,2011,38,8,399699.17,0,89.9,3.705,129.1125,13.503,8-Jul-11,Not Holiday,Non-Holiday,309574.3402
7,2011,14,8,2063401.06,0,77.49,3.711,186.032016,8.625,8-Jul-11,Not Holiday,Non-Holiday,1109164.489
7,2011,13,15,1956813.31,0,75.59,3.553,129.1338387,6.877,15-Jul-11,Not Holiday,Non-Holiday,1515337.366
7,2011,16,15,586841.77,0,65.16,3.532,193.3125484,6.338,15-Jul-11,Not Holiday,Non-Holiday,303571.483
7,2011,15,15,624114.56,0,73.34,3.915,135.7837419,7.806,15-Jul-11,Not Holiday,Non-Holiday,459638.6513
7,2011,14,15,1953544.76,0,78.47,3.76,186.1399808,8.625,15-Jul-11,Not Holiday,Non-Holiday,1049503.042
7,2011,37,15,498749.62,0,85.63,3.575,214.1083654,8.177,15-Jul-11,Not Holiday,Non-Holiday,232942.6125
7,2011,43,15,631827.38,0,84.67,3.575,207.1940691,10.641,15-Jul-11,Not Holiday,Non-Holiday,304944.723
7,2011,9,15,512834.04,0,90.45,3.575,218.9607242,6.404,15-Jul-11,Not Holiday,Non-Holiday,234212.7986
7,2011,21,15,728311.15,0,91.05,3.575,215.0134426,7.852,15-Jul-11,Not Holiday,Non-Holiday,338728.1935
7,2011,8,15,849925.37,0,84.26,3.575,218.7746217,6.425,15-Jul-11,Not Holiday,Non-Holiday,388493.5846
7,2011,3,15,373454.33,0,87.14,3.575,218.7275216,7.567,15-Jul-11,Not Holiday,Non-Holiday,170739.5243
7,2011,26,15,1021534.7,0,64.43,3.827,135.7837419,7.767,15-Jul-11,Not Holiday,Non-Holiday,752324.7524
7,2011,36,15,385631.48,0,85.63,3.55,214.1083654,8.177,15-Jul-11,Not Holiday,Non-Holiday,180110.4218
7,2011,25,15,680510.23,0,72.67,3.76,208.5309337,7.274,15-Jul-11,Not Holiday,Non-Holiday,326335.3872
7,2011,4,15,2049046.95,0,83.27,3.563,129.1338387,5.644,15-Jul-11,Not Holiday,Non-Holiday,1586762.208
7,2011,42,15,591703.82,0,86.01,3.779,129.1338387,8.257,15-Jul-11,Not Holiday,Non-Holiday,458209.7349
7,2011,10,15,1775068.4,0,86.01,3.779,129.1338387,8.257,15-Jul-11,Not Holiday,Non-Holiday,1374595.86
7,2011,19,15,1391580.41,0,73.7,3.915,135.7837419,7.806,15-Jul-11,Not Holiday,Non-Holiday,1024850.538
7,2011,32,15,1144254.26,0,70.55,3.532,193.3125484,8.622,15-Jul-11,Not Holiday,Non-Holiday,591919.2879
7,2011,31,15,1415473.91,0,91.05,3.575,215.0134426,7.852,15-Jul-11,Not Holiday,Non-Holiday,658318.7976
7,2011,20,15,2039875.75,0,74.88,3.76,208.5309337,7.274,15-Jul-11,Not Holiday,Non-Holiday,978212.5432
7,2011,27,15,1762155.79,0,77.83,3.915,139.7006325,7.85,15-Jul-11,Not Holiday,Non-Holiday,1261379.965
7,2011,2,15,1785187.29,0,89.83,3.575,215.0134426,7.852,15-Jul-11,Not Holiday,Non-Holiday,830267.7583
7,2011,44,15,289201.21,0,75.59,3.553,129.1338387,6.56,15-Jul-11,Not Holiday,Non-Holiday,223954.6295
7,2011,38,15,367181.71,0,88.1,3.692,129.1338387,13.503,15-Jul-11,Not Holiday,Non-Holiday,284341.977
7,2011,30,15,420515.63,0,91.05,3.575,215.0134426,7.852,15-Jul-11,Not Holiday,Non-Holiday,195576.4369
7,2011,41,15,1245772.7,0,68.18,3.532,193.3125484,6.901,15-Jul-11,Not Holiday,Non-Holiday,644434.4717
7,2011,7,15,642748.21,0,54.37,3.532,193.3125484,8.622,15-Jul-11,Not Holiday,Non-Holiday,332491.7163
7,2011,35,15,813845.5,0,77.83,3.76,139.7006325,8.684,15-Jul-11,Not Holiday,Non-Holiday,582563.9336
7,2011,24,15,1356938.95,0,74.43,3.915,135.7837419,8.358,15-Jul-11,Not Holiday,Non-Holiday,999338.3089
7,2011,29,15,505246.15,0,75.2,3.827,135.7837419,9.863,15-Jul-11,Not Holiday,Non-Holiday,372096.2045
7,2011,18,15,974916.13,0,74.36,3.827,135.7837419,8.89,15-Jul-11,Not Holiday,Non-Holiday,717991.7981
7,2011,28,15,1197373.13,0,88.1,3.692,129.1338387,13.503,15-Jul-11,Not Holiday,Non-Holiday,927234.2107
7,2011,39,15,1380257.12,0,85.96,3.575,214.1083654,8.177,15-Jul-11,Not Holiday,Non-Holiday,644653.5227
7,2011,12,15,936001.98,0,88.1,3.692,129.1338387,13.503,15-Jul-11,Not Holiday,Non-Holiday,724830.9114
7,2011,17,15,902727.76,0,67.93,3.553,129.1338387,6.745,15-Jul-11,Not Holiday,Non-Holiday,699063.6762
7,2011,45,15,748435.2,0,78.47,3.76,186.1399808,8.625,15-Jul-11,Not Holiday,Non-Holiday,402081.9153
7,2011,23,15,1360520.56,0,69.8,3.827,135.7837419,4.584,15-Jul-11,Not Holiday,Non-Holiday,1001976.04
7,2011,1,15,1455119.97,0,88.54,3.575,215.3611087,7.962,15-Jul-11,Not Holiday,Non-Holiday,675665.1555
7,2011,34,15,903882.96,0,78.09,3.563,129.1338387,10.641,15-Jul-11,Not Holiday,Non-Holiday,699958.2519
7,2011,6,15,1526801.24,0,88.93,3.575,216.9044732,6.925,15-Jul-11,Not Holiday,Non-Holiday,703904.9114
7,2011,40,15,953252.14,0,68.9,3.827,135.7837419,4.584,15-Jul-11,Not Holiday,Non-Holiday,702037.0235
7,2011,22,15,961953.57,0,75.2,3.827,139.7006325,8.023,15-Jul-11,Not Holiday,Non-Holiday,688582.115
7,2011,33,15,265003.47,0,92.83,3.779,129.1338387,8.442,15-Jul-11,Not Holiday,Non-Holiday,205216.1329
7,2011,11,15,1266546.73,0,88.3,3.575,218.7275216,7.567,15-Jul-11,Not Holiday,Non-Holiday,579052.2933
7,2011,39,22,1416005.59,0,84.6,3.651,214.1713416,8.177,22-Jul-11,Not Holiday,Non-Holiday,661155.4933
7,2011,43,22,597354.39,0,88.58,3.651,207.2538111,10.641,22-Jul-11,Not Holiday,Non-Holiday,288223.5974
7,2011,10,22,1774342.61,0,88.59,3.697,129.1507742,8.257,22-Jul-11,Not Holiday,Non-Holiday,1373853.638
7,2011,36,22,361311.41,0,83.31,3.637,214.1713416,8.177,22-Jul-11,Not Holiday,Non-Holiday,168702.0342
7,2011,12,22,922231.92,0,91.17,3.794,129.1507742,13.503,22-Jul-11,Not Holiday,Non-Holiday,714073.8611
7,2011,19,22,1377119.45,0,79.37,3.972,135.8738387,7.806,22-Jul-11,Not Holiday,Non-Holiday,1013528.037
7,2011,34,22,913236.62,0,80.75,3.627,129.1507742,10.641,22-Jul-11,Not Holiday,Non-Holiday,707108.9009
7,2011,22,22,964683.8,0,77.79,3.882,139.7969712,8.023,22-Jul-11,Not Holiday,Non-Holiday,690060.5869
7,2011,7,22,688043.96,0,56.22,3.545,193.5120367,8.622,22-Jul-11,Not Holiday,Non-Holiday,355556.1565
7,2011,33,22,238915.05,0,97.17,3.697,129.1507742,8.442,22-Jul-11,Not Holiday,Non-Holiday,184989.2511
7,2011,29,22,507335.75,0,77.79,3.882,135.8738387,9.863,22-Jul-11,Not Holiday,Non-Holiday,373387.3679
7,2011,17,22,899044.34,0,69.82,3.563,129.1507742,6.745,22-Jul-11,Not Holiday,Non-Holiday,696119.9773
7,2011,42,22,511316.29,0,88.59,3.697,129.1507742,8.257,22-Jul-11,Not Holiday,Non-Holiday,395906.4846
7,2011,28,22,1165870.54,0,91.17,3.794,129.1507742,13.503,22-Jul-11,Not Holiday,Non-Holiday,902720.5197
7,2011,4,22,2036231.39,0,82.84,3.627,129.1507742,5.644,22-Jul-11,Not Holiday,Non-Holiday,1576631.191
7,2011,32,22,1185674.48,0,76,3.545,193.5120367,8.622,22-Jul-11,Not Holiday,Non-Holiday,612713.5553
7,2011,45,22,741625.25,0,82.33,3.811,186.2177885,8.625,22-Jul-11,Not Holiday,Non-Holiday,398256.9313
7,2011,25,22,670854.96,0,78.1,3.811,208.5937018,7.274,22-Jul-11,Not Holiday,Non-Holiday,321608.4447
7,2011,31,22,1401944.8,0,90.27,3.651,215.0749122,7.852,22-Jul-11,Not Holiday,Non-Holiday,651840.2289
7,2011,18,22,991262.46,0,78.68,3.882,135.8738387,8.89,22-Jul-11,Not Holiday,Non-Holiday,729546.2243
7,2011,21,22,784490.67,0,90.27,3.651,215.0749122,7.852,22-Jul-11,Not Holiday,Non-Holiday,364752.2912
7,2011,15,22,607475.44,0,79.97,3.972,135.8738387,7.806,22-Jul-11,Not Holiday,Non-Holiday,447087.8617
7,2011,8,22,829902.42,0,85.46,3.651,218.8328475,6.425,22-Jul-11,Not Holiday,Non-Holiday,379240.3332
7,2011,11,22,1290576.44,0,87.8,3.651,218.7857881,7.567,22-Jul-11,Not Holiday,Non-Holiday,589881.2949
7,2011,35,22,820188.42,0,82.28,3.811,139.7969712,8.684,22-Jul-11,Not Holiday,Non-Holiday,586699.7067
7,2011,38,22,365562.67,0,91.17,3.794,129.1507742,13.503,22-Jul-11,Not Holiday,Non-Holiday,283051.0868
7,2011,14,22,1882070.88,0,82.33,3.811,186.2177885,8.625,22-Jul-11,Not Holiday,Non-Holiday,1010682.65
7,2011,24,22,1357672.24,0,79.29,3.972,135.8738387,8.358,22-Jul-11,Not Holiday,Non-Holiday,999215.3405
7,2011,1,22,1396926.82,0,85.77,3.651,215.4222784,7.962,22-Jul-11,Not Holiday,Non-Holiday,648459.7742
7,2011,27,22,1754879.45,0,82.28,3.972,139.7969712,7.85,22-Jul-11,Not Holiday,Non-Holiday,1255305.773
7,2011,20,22,1950904.84,0,78.89,3.811,208.5937018,7.274,22-Jul-11,Not Holiday,Non-Holiday,935265.4578
7,2011,6,22,1526506.08,0,88.06,3.651,216.964312,6.925,22-Jul-11,Not Holiday,Non-Holiday,703574.7335
7,2011,41,22,1292830.93,0,74.11,3.545,193.5120367,6.901,22-Jul-11,Not Holiday,Non-Holiday,668088.1211
7,2011,44,22,303108.81,0,78.5,3.563,129.1507742,6.56,22-Jul-11,Not Holiday,Non-Holiday,234693.7615
7,2011,5,22,292539.73,0,86.97,3.651,215.985753,6.529,22-Jul-11,Not Holiday,Non-Holiday,135443.9938
7,2011,9,22,491449.94,0,89.08,3.651,219.0187895,6.404,22-Jul-11,Not Holiday,Non-Holiday,224387.1136
7,2011,40,22,980642.1,0,73.34,3.882,135.8738387,4.584,22-Jul-11,Not Holiday,Non-Holiday,721729.8852
7,2011,30,22,423441.76,0,90.27,3.651,215.0749122,7.852,22-Jul-11,Not Holiday,Non-Holiday,196881.0568
7,2011,16,22,581758.22,0,65.36,3.545,193.5120367,6.338,22-Jul-11,Not Holiday,Non-Holiday,300631.5421
7,2011,2,22,1743816.41,0,89.34,3.651,215.0749122,7.852,22-Jul-11,Not Holiday,Non-Holiday,810794.8957
7,2011,26,22,1017867.8,0,69.52,3.882,135.8738387,7.767,22-Jul-11,Not Holiday,Non-Holiday,749127.1386
7,2011,37,22,505543.53,0,83.31,3.651,214.1713416,8.177,22-Jul-11,Not Holiday,Non-Holiday,236046.3012
7,2011,3,22,360617.37,0,86.19,3.651,218.7857881,7.567,22-Jul-11,Not Holiday,Non-Holiday,164826.6888
7,2011,13,22,1987089.36,0,78.5,3.563,129.1507742,6.877,22-Jul-11,Not Holiday,Non-Holiday,1538581.067
7,2011,23,22,1362144,0,76.74,3.882,135.8738387,4.584,22-Jul-11,Not Holiday,Non-Holiday,1002506.452
7,2011,23,29,1319767.55,0,69.55,3.898,135.9639355,4.584,29-Jul-11,Not Holiday,Non-Holiday,970674.7198
7,2011,33,29,224806.96,0,95.28,3.694,129.1677097,8.442,29-Jul-11,Not Holiday,Non-Holiday,174042.6927
7,2011,42,29,479256.8,0,86.75,3.694,129.1677097,8.257,29-Jul-11,Not Holiday,Non-Holiday,371034.5264
7,2011,11,29,1212938.67,0,89.46,3.682,218.8440545,7.567,29-Jul-11,Not Holiday,Non-Holiday,554247.9428
7,2011,32,29,1169988.62,0,75.91,3.547,193.711525,8.622,29-Jul-11,Not Holiday,Non-Holiday,603985.0339
7,2011,28,29,1114530.29,0,93.29,3.805,129.1677097,13.503,29-Jul-11,Not Holiday,Non-Holiday,862855.1924
7,2011,8,29,807082.19,0,86.46,3.682,218.8910733,6.425,29-Jul-11,Not Holiday,Non-Holiday,368714.0722
7,2011,29,29,474653.06,0,75.32,3.898,135.9639355,9.863,29-Jul-11,Not Holiday,Non-Holiday,349102.1779
7,2011,41,29,1248330.1,0,71.3,3.547,193.711525,6.901,29-Jul-11,Not Holiday,Non-Holiday,644427.3773
7,2011,15,29,577511.02,0,74.67,4.004,135.9639355,7.806,29-Jul-11,Not Holiday,Non-Holiday,424753.092
7,2011,9,29,471449.98,0,91.1,3.682,219.0768548,6.404,29-Jul-11,Not Holiday,Non-Holiday,215198.4428
7,2011,14,29,1871021.01,0,81.31,3.829,186.2955962,8.625,29-Jul-11,Not Holiday,Non-Holiday,1004329.167
7,2011,13,29,1880785.69,0,77.62,3.574,129.1677097,6.877,29-Jul-11,Not Holiday,Non-Holiday,1456080.389
7,2011,18,29,954148.64,0,73.85,3.898,135.9639355,8.89,29-Jul-11,Not Holiday,Non-Holiday,701765.9768
7,2011,6,29,1483991.05,0,90.22,3.682,217.0241507,6.925,29-Jul-11,Not Holiday,Non-Holiday,683790.7418
7,2011,4,29,1989674.07,0,84.36,3.659,129.1677097,5.644,29-Jul-11,Not Holiday,Non-Holiday,1540380.39
7,2011,37,29,504974.95,0,84.99,3.682,214.2343177,8.177,29-Jul-11,Not Holiday,Non-Holiday,235711.5122
7,2011,25,29,668390.82,0,74.72,3.829,208.6564699,7.274,29-Jul-11,Not Holiday,Non-Holiday,320330.7428
7,2011,16,29,582381.95,0,66.84,3.547,193.711525,6.338,29-Jul-11,Not Holiday,Non-Holiday,300643.9343
7,2011,45,29,704680.97,0,81.31,3.829,186.2955962,8.625,29-Jul-11,Not Holiday,Non-Holiday,378259.5962
7,2011,21,29,751167.12,0,91.56,3.682,215.1363819,7.852,29-Jul-11,Not Holiday,Non-Holiday,349158.5725
7,2011,24,29,1310973.06,0,74.84,4.004,135.9639355,8.358,29-Jul-11,Not Holiday,Non-Holiday,964206.4678
7,2011,30,29,414245.96,0,91.56,3.682,215.1363819,7.852,29-Jul-11,Not Holiday,Non-Holiday,192550.3982
7,2011,35,29,770820.27,0,79.41,3.829,139.8933099,8.684,29-Jul-11,Not Holiday,Non-Holiday,551005.8133
7,2011,27,29,1744879.06,0,79.41,4.004,139.8933099,7.85,29-Jul-11,Not Holiday,Non-Holiday,1247292.713
7,2011,22,29,944958.69,0,75.32,3.898,139.8933099,8.023,29-Jul-11,Not Holiday,Non-Holiday,675485.2614
7,2011,34,29,851461.9,0,78.04,3.659,129.1677097,10.641,29-Jul-11,Not Holiday,Non-Holiday,659190.9866
7,2011,3,29,345381.29,0,88.07,3.682,218.8440545,7.567,29-Jul-11,Not Holiday,Non-Holiday,157820.7326
7,2011,19,29,1298775.8,0,74.86,4.004,135.9639355,7.806,29-Jul-11,Not Holiday,Non-Holiday,955235.5154
7,2011,2,29,1680693.06,0,90.07,3.682,215.1363819,7.852,29-Jul-11,Not Holiday,Non-Holiday,781222.1462
7,2011,12,29,890547.07,0,93.29,3.805,129.1677097,13.503,29-Jul-11,Not Holiday,Non-Holiday,689450.2288
7,2011,1,29,1352219.79,0,86.83,3.682,215.4834482,7.962,29-Jul-11,Not Holiday,Non-Holiday,627528.3792
7,2011,26,29,1005360.5,0,63.32,3.898,135.9639355,7.767,29-Jul-11,Not Holiday,Non-Holiday,739431.7444
7,2011,43,29,533917.52,0,83.43,3.682,207.313553,10.641,29-Jul-11,Not Holiday,Non-Holiday,257541.0591
7,2011,7,29,653382.62,0,56.66,3.547,193.711525,8.622,29-Jul-11,Not Holiday,Non-Holiday,337296.72
7,2011,40,29,929096.9,0,67.45,3.898,135.9639355,4.584,29-Jul-11,Not Holiday,Non-Holiday,683340.6937
7,2011,39,29,1426418.53,0,86.24,3.682,214.2343177,8.177,29-Jul-11,Not Holiday,Non-Holiday,665821.6785
7,2011,10,29,1745841.33,0,86.75,3.694,129.1677097,8.257,29-Jul-11,Not Holiday,Non-Holiday,1351608.18
7,2011,20,29,1858440.92,0,77.47,3.829,208.6564699,7.274,29-Jul-11,Not Holiday,Non-Holiday,890670.1627
7,2011,44,29,279677,0,77.62,3.574,129.1677097,6.56,29-Jul-11,Not Holiday,Non-Holiday,216522.3806
7,2011,5,29,275142.17,0,89.42,3.682,216.0464364,6.529,29-Jul-11,Not Holiday,Non-Holiday,127353.2554
7,2011,38,29,355131.33,0,93.29,3.805,129.1677097,13.503,29-Jul-11,Not Holiday,Non-Holiday,274938.1644
7,2011,36,29,354361.08,0,84.99,3.66,214.2343177,8.177,29-Jul-11,Not Holiday,Non-Holiday,165408.1773
7,2011,31,29,1308122.15,0,91.56,3.682,215.1363819,7.852,29-Jul-11,Not Holiday,Non-Holiday,608043.2042
7,2011,17,29,861894.77,0,68.59,3.574,129.1677097,6.745,29-Jul-11,Not Holiday,Non-Holiday,667267.9821
1,2011,19,7,1224175.99,0,31.34,3.351,132.8823226,7.771,7-Jan-11,Not Holiday,Non-Holiday,921248.1887
1,2011,7,7,661163.94,0,10.09,2.882,191.3683815,8.818,7-Jan-11,Not Holiday,Non-Holiday,345492.7793
1,2011,40,7,894280.19,0,24.05,3.193,132.8823226,5.114,7-Jan-11,Not Holiday,Non-Holiday,672986.5738
1,2011,18,7,933960.3,0,30.1,3.193,132.8823226,9.131,7-Jan-11,Not Holiday,Non-Holiday,702847.6638
1,2011,28,7,1402902.47,0,37.64,3.287,127.1917742,14.021,7-Jan-11,Not Holiday,Non-Holiday,1102982.075
1,2011,6,7,1350441.68,0,47.78,2.976,212.9134266,6.858,7-Jan-11,Not Holiday,Non-Holiday,634267.9753
1,2011,29,7,455952.18,0,32.56,3.193,132.8823226,10.256,7-Jan-11,Not Holiday,Non-Holiday,343124.7822
1,2011,5,7,286347.26,0,48.3,2.976,211.9560305,6.634,7-Jan-11,Not Holiday,Non-Holiday,135097.4819
1,2011,41,7,1153596.53,0,23.76,2.882,191.3683815,7.241,7-Jan-11,Not Holiday,Non-Holiday,602814.593
1,2011,39,7,1224475.12,0,52.74,2.976,210.1842358,8.395,7-Jan-11,Not Holiday,Non-Holiday,582572.292
1,2011,30,7,451077.21,0,44.24,2.976,211.0648881,8.028,7-Jan-11,Not Holiday,Non-Holiday,213714.9452
1,2011,16,7,573545.96,0,12.39,2.882,191.3683815,6.614,7-Jan-11,Not Holiday,Non-Holiday,299707.7968
1,2011,17,7,1083071.14,0,6.23,2.891,127.1917742,6.866,7-Jan-11,Not Holiday,Non-Holiday,851526.0887
1,2011,26,7,938149.21,0,21.13,3.193,132.8823226,7.907,7-Jan-11,Not Holiday,Non-Holiday,706000.0094
1,2011,43,7,611796.61,0,40.47,2.976,203.4267005,10.398,7-Jan-11,Not Holiday,Non-Holiday,300745.4815
1,2011,36,7,384659.85,0,54.11,2.942,210.1842358,8.395,7-Jan-11,Not Holiday,Non-Holiday,183010.7993
1,2011,44,7,288320.38,0,16.94,2.891,127.1917742,7.224,7-Jan-11,Not Holiday,Non-Holiday,226681.6245
1,2011,31,7,1311986.87,0,44.24,2.976,211.0648881,8.028,7-Jan-11,Not Holiday,Non-Holiday,621603.5655
1,2011,38,7,386344.54,0,37.64,3.287,127.1917742,14.021,7-Jan-11,Not Holiday,Non-Holiday,303749.6272
1,2011,25,7,558794.63,0,29,3.193,204.6487803,7.343,7-Jan-11,Not Holiday,Non-Holiday,273050.5548
1,2011,33,7,243948.82,0,46.25,3.287,127.1917742,8.951,7-Jan-11,Not Holiday,Non-Holiday,191796.0666
1,2011,35,7,649289.75,0,34.42,3.193,136.7332569,8.549,7-Jan-11,Not Holiday,Non-Holiday,474858.6882
1,2011,34,7,900646.94,0,24.5,2.98,127.1917742,10.398,7-Jan-11,Not Holiday,Non-Holiday,708101.5621
1,2011,4,7,1862476.27,0,39.34,2.98,127.1917742,6.51,7-Jan-11,Not Holiday,Non-Holiday,1464305.598
1,2011,20,7,1843030.95,0,31.43,3.193,204.6487803,7.343,7-Jan-11,Not Holiday,Non-Holiday,900582.4258
1,2011,2,7,1758050.79,0,44.69,2.976,211.0648881,8.028,7-Jan-11,Not Holiday,Non-Holiday,832943.2744
1,2011,37,7,542464.02,0,54.11,2.976,210.1842358,8.395,7-Jan-11,Not Holiday,Non-Holiday,258089.7744
1,2011,24,7,1178641.71,0,30.72,3.351,132.8823226,8.252,7-Jan-11,Not Holiday,Non-Holiday,886981.5691
1,2011,11,7,1178905.44,0,54.43,2.976,214.6955104,7.551,7-Jan-11,Not Holiday,Non-Holiday,549105.7721
1,2011,32,7,1046416.17,0,23.78,2.882,191.3683815,8.818,7-Jan-11,Not Holiday,Non-Holiday,546807.2426
1,2011,27,7,1568159.48,0,34.42,3.351,136.7332569,7.827,7-Jan-11,Not Holiday,Non-Holiday,1146874.956
1,2011,21,7,629152.06,0,44.24,2.976,211.0648881,8.028,7-Jan-11,Not Holiday,Non-Holiday,298084.6628
1,2011,12,7,910110.24,0,37.64,3.287,127.1917742,14.021,7-Jan-11,Not Holiday,Non-Holiday,715541.7445
1,2011,3,7,378241.34,0,53.35,2.976,214.6955104,7.551,7-Jan-11,Not Holiday,Non-Holiday,176175.7101
1,2011,9,7,490981.78,0,41.82,2.976,214.9234729,6.416,7-Jan-11,Not Holiday,Non-Holiday,228444.9313
1,2011,14,7,1864746.1,0,34.32,3.193,182.5983058,8.549,7-Jan-11,Not Holiday,Non-Holiday,1021228.588
1,2011,42,7,592947.75,0,43.43,3.287,127.1917742,8.744,7-Jan-11,Not Holiday,Non-Holiday,466184.0388
1,2011,15,7,509640.77,0,30.53,3.351,132.8823226,7.771,7-Jan-11,Not Holiday,Non-Holiday,383527.8915
1,2011,10,7,1714309.9,0,43.43,3.287,127.1917742,8.744,7-Jan-11,Not Holiday,Non-Holiday,1347815.07
1,2011,23,7,1122034.48,0,27.81,3.193,132.8823226,5.114,7-Jan-11,Not Holiday,Non-Holiday,844382.0503
1,2011,1,7,1444732.28,0,48.27,2.976,211.4047419,7.742,7-Jan-11,Not Holiday,Non-Holiday,683396.3453
1,2011,22,7,873954.7,0,32.56,3.193,136.7332569,8.458,7-Jan-11,Not Holiday,Non-Holiday,639167.6172
1,2011,8,7,873065.23,0,35.77,2.976,214.7415521,6.262,7-Jan-11,Not Holiday,Non-Holiday,406565.5768
1,2011,13,7,1744544.39,0,16.94,2.891,127.1917742,7.47,7-Jan-11,Not Holiday,Non-Holiday,1371585.86
1,2011,45,7,680254.35,0,34.32,3.193,182.5983058,8.549,7-Jan-11,Not Holiday,Non-Holiday,372541.4357
1,2011,2,14,1744193.58,0,33.02,2.983,211.1176713,8.028,14-Jan-11,Not Holiday,Non-Holiday,826171.286
1,2011,30,14,465408.72,0,34.14,2.983,211.1176713,8.028,14-Jan-11,Not Holiday,Non-Holiday,220449.9117
1,2011,22,14,807535.52,0,24.76,3.215,136.803477,8.458,14-Jan-11,Not Holiday,Non-Holiday,590288.7395
1,2011,33,14,259527.75,0,53.63,3.312,127.3009355,8.951,14-Jan-11,Not Holiday,Non-Holiday,203869.4759
1,2011,8,14,809646.66,0,31.62,2.983,214.7930991,6.262,14-Jan-11,Not Holiday,Non-Holiday,376942.5849
1,2011,44,14,292859.36,0,20.6,2.903,127.3009355,7.224,14-Jan-11,Not Holiday,Non-Holiday,230052.7949
1,2011,21,14,650789.13,0,34.14,2.983,211.1176713,8.028,14-Jan-11,Not Holiday,Non-Holiday,308258.9562
1,2011,14,14,1699095.9,0,24.78,3.205,182.6585782,8.549,14-Jan-11,Not Holiday,Non-Holiday,930203.1784
1,2011,41,14,1052609.16,0,22.44,2.911,191.4784939,7.241,14-Jan-11,Not Holiday,Non-Holiday,549727.0939
1,2011,10,14,1710803.59,0,49.98,3.312,127.3009355,8.744,14-Jan-11,Not Holiday,Non-Holiday,1343904.963
1,2011,28,14,1098286.61,0,43.15,3.312,127.3009355,14.021,14-Jan-11,Not Holiday,Non-Holiday,862748.2632
1,2011,39,14,1193199.39,0,41.74,2.983,210.2379731,8.395,14-Jan-11,Not Holiday,Non-Holiday,567547.0384
1,2011,36,14,410497.73,0,42.87,2.971,210.2379731,8.395,14-Jan-11,Not Holiday,Non-Holiday,195253.8468
1,2011,32,14,1028206.51,0,21.69,2.911,191.4784939,8.818,14-Jan-11,Not Holiday,Non-Holiday,536982.7645
1,2011,18,14,777175.28,0,22.69,3.215,132.9510645,9.131,14-Jan-11,Not Holiday,Non-Holiday,584557.3956
1,2011,7,14,547384.9,0,11.32,2.911,191.4784939,8.818,14-Jan-11,Not Holiday,Non-Holiday,285872.7833
1,2011,25,14,572360.83,0,18.3,3.205,204.7026042,7.343,14-Jan-11,Not Holiday,Non-Holiday,279606.0325
1,2011,43,14,614940.07,0,43.45,2.983,203.4840645,10.398,14-Jan-11,Not Holiday,Non-Holiday,302205.5174
1,2011,5,14,260636.71,0,37.74,2.983,212.008514,6.634,14-Jan-11,Not Holiday,Non-Holiday,122936.9071
1,2011,26,14,812323.29,0,16.7,3.215,132.9510645,7.907,14-Jan-11,Not Holiday,Non-Holiday,610994.1978
1,2011,37,14,525616.9,0,42.87,2.983,210.2379731,8.395,14-Jan-11,Not Holiday,Non-Holiday,250010.4488
1,2011,17,14,758510.36,0,16.57,2.903,127.3009355,6.866,14-Jan-11,Not Holiday,Non-Holiday,595840.366
1,2011,9,14,458086.69,0,36.43,2.983,214.9749587,6.416,14-Jan-11,Not Holiday,Non-Holiday,213088.3954
1,2011,3,14,381061.1,0,44.76,2.983,214.7470729,7.551,14-Jan-11,Not Holiday,Non-Holiday,177446.4699
1,2011,27,14,1532308.62,0,25.7,3.367,136.803477,7.827,14-Jan-11,Not Holiday,Non-Holiday,1120080.172
1,2011,16,14,470365.59,0,17.46,2.911,191.4784939,6.614,14-Jan-11,Not Holiday,Non-Holiday,245649.3053
1,2011,34,14,898610.33,0,30.75,2.992,127.3009355,10.398,14-Jan-11,Not Holiday,Non-Holiday,705894.5219
1,2011,1,14,1391013.96,0,35.4,2.983,211.4574109,7.742,14-Jan-11,Not Holiday,Non-Holiday,657822.2792
1,2011,6,14,1306194.55,0,38.37,2.983,212.9655882,6.858,14-Jan-11,Not Holiday,Non-Holiday,613335.9671
1,2011,35,14,687670.78,0,25.7,3.205,136.803477,8.549,14-Jan-11,Not Holiday,Non-Holiday,502670.5425
1,2011,38,14,356138.79,0,43.15,3.312,127.3009355,14.021,14-Jan-11,Not Holiday,Non-Holiday,279761.3298
1,2011,31,14,1350730.31,0,34.14,2.983,211.1176713,8.028,14-Jan-11,Not Holiday,Non-Holiday,639799.739
1,2011,23,14,1016756.1,0,18.2,3.215,132.9510645,5.114,14-Jan-11,Not Holiday,Non-Holiday,764759.6534
1,2011,42,14,613899.15,0,49.98,3.312,127.3009355,8.744,14-Jan-11,Not Holiday,Non-Holiday,482242.4498
1,2011,12,14,812011.8,0,43.15,3.312,127.3009355,14.021,14-Jan-11,Not Holiday,Non-Holiday,637867.8969
1,2011,29,14,426905.26,0,24.76,3.215,132.9510645,10.256,14-Jan-11,Not Holiday,Non-Holiday,321099.5426
1,2011,24,14,1167740.2,0,22.41,3.367,132.9510645,8.252,14-Jan-11,Not Holiday,Non-Holiday,878323.3172
1,2011,19,14,1181204.53,0,21.68,3.367,132.9510645,7.771,14-Jan-11,Not Holiday,Non-Holiday,888450.5998
1,2011,4,14,1865502.46,0,31.6,2.992,127.3009355,6.51,14-Jan-11,Not Holiday,Non-Holiday,1465427.141
1,2011,40,14,771315.62,0,18.55,3.215,132.9510645,5.114,14-Jan-11,Not Holiday,Non-Holiday,580150.0145
1,2011,20,14,1884345.01,0,20.39,3.205,204.7026042,7.343,14-Jan-11,Not Holiday,Non-Holiday,920528.1083
1,2011,11,14,1194449.78,0,45.34,2.983,214.7470729,7.551,14-Jan-11,Not Holiday,Non-Holiday,556212.3683
1,2011,15,14,479424.2,0,19.53,3.367,132.9510645,7.771,14-Jan-11,Not Holiday,Non-Holiday,360602.0018
1,2011,13,14,1682316.31,0,20.6,2.903,127.3009355,7.47,14-Jan-11,Not Holiday,Non-Holiday,1321527.06
1,2011,45,14,654018.95,0,24.78,3.205,182.6585782,8.549,14-Jan-11,Not Holiday,Non-Holiday,358055.4258
1,2011,23,21,1110706.06,0,15.58,3.232,133.0285161,5.114,21-Jan-11,Not Holiday,Non-Holiday,834938.3219
1,2011,14,21,1743188.87,0,30.55,3.229,182.9193368,8.549,21-Jan-11,Not Holiday,Non-Holiday,952982.282
1,2011,21,21,663941.73,0,42.72,3.016,211.4864691,8.028,21-Jan-11,Not Holiday,Non-Holiday,313940.5243
1,2011,10,21,1677556.18,0,56.75,3.336,127.4404839,8.744,21-Jan-11,Not Holiday,Non-Holiday,1316344.798
1,2011,1,21,1327405.42,0,44.04,3.016,211.8272343,7.742,21-Jan-11,Not Holiday,Non-Holiday,626645.3057
1,2011,40,21,764014.75,0,14.64,3.232,133.0285161,5.114,21-Jan-11,Not Holiday,Non-Holiday,574324.0415
1,2011,12,21,802105.5,0,53.53,3.223,127.4404839,14.021,21-Jan-11,Not Holiday,Non-Holiday,629396.1506
1,2011,25,21,568093.57,0,23.21,3.229,205.0460497,7.343,21-Jan-11,Not Holiday,Non-Holiday,277056.5787
1,2011,29,21,445134.15,0,26.8,3.232,133.0285161,10.256,21-Jan-11,Not Holiday,Non-Holiday,334615.587
1,2011,18,21,891148.55,0,22.55,3.232,133.0285161,9.131,21-Jan-11,Not Holiday,Non-Holiday,669892.8742
1,2011,7,21,521539.46,0,25.4,2.973,191.5731924,8.818,21-Jan-11,Not Holiday,Non-Holiday,272240.3137
1,2011,17,21,755804.37,0,26.62,2.934,127.4404839,6.866,21-Jan-11,Not Holiday,Non-Holiday,593064.5795
1,2011,6,21,1261253.18,0,46.2,3.016,213.3399647,6.858,21-Jan-11,Not Holiday,Non-Holiday,591194.0511
1,2011,35,21,659902.07,0,30.13,3.229,136.8870657,8.549,21-Jan-11,Not Holiday,Non-Holiday,482077.738
1,2011,45,21,644285.33,0,30.55,3.229,182.9193368,8.549,21-Jan-11,Not Holiday,Non-Holiday,352223.7404
1,2011,44,21,276157.8,0,34.8,2.934,127.4404839,7.224,21-Jan-11,Not Holiday,Non-Holiday,216695.5049
1,2011,36,21,399191.05,0,51.18,2.98,210.6031072,8.395,21-Jan-11,Not Holiday,Non-Holiday,189546.6099
1,2011,24,21,1107170.39,0,23.69,3.391,133.0285161,8.252,21-Jan-11,Not Holiday,Non-Holiday,832280.4933
1,2011,11,21,1187776.19,0,51.51,3.016,215.1268275,7.551,21-Jan-11,Not Holiday,Non-Holiday,552128.3439
1,2011,33,21,244856.44,0,59.46,3.336,127.4404839,8.951,21-Jan-11,Not Holiday,Non-Holiday,192133.9534
1,2011,2,21,1751384.9,0,41.4,3.016,211.4864691,8.028,21-Jan-11,Not Holiday,Non-Holiday,828130.9473
1,2011,13,21,1770177.37,0,34.8,2.934,127.4404839,7.47,21-Jan-11,Not Holiday,Non-Holiday,1389022.794
1,2011,34,21,891025.39,0,39.57,3.017,127.4404839,10.398,21-Jan-11,Not Holiday,Non-Holiday,699169.8107
1,2011,22,21,855001.02,0,26.8,3.232,136.8870657,8.458,21-Jan-11,Not Holiday,Non-Holiday,624603.2199
1,2011,28,21,1079669.11,0,53.53,3.223,127.4404839,14.021,21-Jan-11,Not Holiday,Non-Holiday,847194.7665
1,2011,5,21,275313.34,0,45.41,3.016,212.3800012,6.634,21-Jan-11,Not Holiday,Non-Holiday,129632.4223
1,2011,38,21,341098.08,0,53.53,3.223,127.4404839,14.021,21-Jan-11,Not Holiday,Non-Holiday,267652.8443
1,2011,37,21,526486.82,0,51.18,3.016,210.6031072,8.395,21-Jan-11,Not Holiday,Non-Holiday,249990.0533
1,2011,20,21,1781805.66,0,27.43,3.229,205.0460497,7.343,21-Jan-11,Not Holiday,Non-Holiday,868978.2918
1,2011,3,21,350876.7,0,50.74,3.016,215.1268275,7.551,21-Jan-11,Not Holiday,Non-Holiday,163102.2519
1,2011,39,21,1243370.74,0,50.25,3.016,210.6031072,8.395,21-Jan-11,Not Holiday,Non-Holiday,590385.7529
1,2011,42,21,533414.62,0,56.75,3.336,127.4404839,8.744,21-Jan-11,Not Holiday,Non-Holiday,418559.7886
1,2011,30,21,439132.62,0,42.72,3.016,211.4864691,8.028,21-Jan-11,Not Holiday,Non-Holiday,207641.0003
1,2011,31,21,1344167.13,0,42.72,3.016,211.4864691,8.028,21-Jan-11,Not Holiday,Non-Holiday,635580.676
1,2011,16,21,462888.13,0,28.6,2.973,191.5731924,6.614,21-Jan-11,Not Holiday,Non-Holiday,241624.6888
1,2011,27,21,1517029.9,0,30.13,3.391,136.8870657,7.827,21-Jan-11,Not Holiday,Non-Holiday,1108234.655
1,2011,41,21,1088025.8,0,32.7,2.973,191.5731924,7.241,21-Jan-11,Not Holiday,Non-Holiday,567942.6158
1,2011,32,21,1078348.91,0,34.54,2.973,191.5731924,8.818,21-Jan-11,Not Holiday,Non-Holiday,562891.3401
1,2011,15,21,487311.03,0,21.84,3.391,133.0285161,7.771,21-Jan-11,Not Holiday,Non-Holiday,366320.729
1,2011,43,21,601004.79,0,53.05,3.016,203.8315161,10.398,21-Jan-11,Not Holiday,Non-Holiday,294853.7113
1,2011,19,21,1212967.84,0,22.8,3.391,133.0285161,7.771,21-Jan-11,Not Holiday,Non-Holiday,911810.3964
1,2011,4,21,1886393.94,0,38.34,3.017,127.4404839,6.51,21-Jan-11,Not Holiday,Non-Holiday,1480215.613
1,2011,26,21,809833.21,0,12.98,3.232,133.0285161,7.907,21-Jan-11,Not Holiday,Non-Holiday,608766.6267
1,2011,8,21,822668.23,0,42.06,3.016,215.1729926,6.262,21-Jan-11,Not Holiday,Non-Holiday,382328.7579
1,2011,9,21,454021.69,0,44.72,3.016,215.3554013,6.416,21-Jan-11,Not Holiday,Non-Holiday,210824.3802
1,2011,36,28,372174.12,0,48.74,2.995,210.9682412,8.395,28-Jan-11,Not Holiday,Non-Holiday,176412.3917
1,2011,30,28,425989.04,0,44.04,3.01,211.8552668,8.028,28-Jan-11,Not Holiday,Non-Holiday,201075.5014
1,2011,16,28,448391.99,0,20.8,3.008,191.667891,6.614,28-Jan-11,Not Holiday,Non-Holiday,233942.1526
1,2011,33,28,231155.9,0,56.62,3.231,127.5800323,8.951,28-Jan-11,Not Holiday,Non-Holiday,181185.0145
1,2011,38,28,357557.16,0,50.74,3.342,127.5800323,14.021,28-Jan-11,Not Holiday,Non-Holiday,280261.0672
1,2011,6,28,1287034.7,0,44.98,3.01,213.7143412,6.858,28-Jan-11,Not Holiday,Non-Holiday,602221.9626
1,2011,3,28,364866.24,0,48.71,3.01,215.5065821,7.551,28-Jan-11,Not Holiday,Non-Holiday,169306.3091
1,2011,35,28,633289.78,0,23.64,3.237,136.9706544,8.549,28-Jan-11,Not Holiday,Non-Holiday,462354.3508
1,2011,5,28,279088.39,0,44.5,3.01,212.7514884,6.634,28-Jan-11,Not Holiday,Non-Holiday,131180.4642
1,2011,29,28,410426.97,0,20.61,3.243,133.1059677,10.256,28-Jan-11,Not Holiday,Non-Holiday,308346.0322
1,2011,20,28,1761506.68,0,23.21,3.237,205.3894952,7.343,28-Jan-11,Not Holiday,Non-Holiday,857642.0514
1,2011,17,28,736335.69,0,22.16,2.96,127.5800323,6.866,28-Jan-11,Not Holiday,Non-Holiday,577155.905
1,2011,22,28,799369.15,0,20.61,3.243,136.9706544,8.458,28-Jan-11,Not Holiday,Non-Holiday,583606.1407
1,2011,45,28,617207.58,0,24.05,3.237,183.1800955,8.549,28-Jan-11,Not Holiday,Non-Holiday,336940.3091
1,2011,13,28,1633663.12,0,31.64,2.96,127.5800323,7.47,28-Jan-11,Not Holiday,Non-Holiday,1280500.632
1,2011,9,28,463561.48,0,43.9,3.01,215.7358438,6.416,28-Jan-11,Not Holiday,Non-Holiday,214874.5762
1,2011,15,28,481119.6,0,19.61,3.402,133.1059677,7.771,28-Jan-11,Not Holiday,Non-Holiday,361456.0702
1,2011,31,28,1254955.68,0,44.04,3.01,211.8552668,8.028,28-Jan-11,Not Holiday,Non-Holiday,592364.636
1,2011,11,28,1100418.69,0,51.04,3.01,215.5065821,7.551,28-Jan-11,Not Holiday,Non-Holiday,510619.5269
1,2011,2,28,1695371.68,0,42.83,3.01,211.8552668,8.028,28-Jan-11,Not Holiday,Non-Holiday,800249.9563
1,2011,44,28,276011.4,0,31.64,2.96,127.5800323,7.224,28-Jan-11,Not Holiday,Non-Holiday,216343.7295
1,2011,24,28,1126921.34,0,17.91,3.402,133.1059677,8.252,28-Jan-11,Not Holiday,Non-Holiday,846634.7223
1,2011,26,28,817485.14,0,5.54,3.243,133.1059677,7.907,28-Jan-11,Not Holiday,Non-Holiday,614161.1485
1,2011,28,28,1127859.69,0,50.74,3.342,127.5800323,14.021,28-Jan-11,Not Holiday,Non-Holiday,884040.919
1,2011,12,28,873119.06,0,50.74,3.342,127.5800323,14.021,28-Jan-11,Not Holiday,Non-Holiday,684369.6809
1,2011,23,28,1083657.61,0,10.91,3.243,133.1059677,5.114,28-Jan-11,Not Holiday,Non-Holiday,814131.4989
1,2011,41,28,1026439.93,0,32.23,3.008,191.667891,7.241,28-Jan-11,Not Holiday,Non-Holiday,535530.4556
1,2011,4,28,1814240.85,0,40.6,3.022,127.5800323,6.51,28-Jan-11,Not Holiday,Non-Holiday,1422041.378
1,2011,18,28,849540.85,0,14.84,3.243,133.1059677,9.131,28-Jan-11,Not Holiday,Non-Holiday,638243.9981
1,2011,32,28,1006814.85,0,34.86,3.008,191.667891,8.818,28-Jan-11,Not Holiday,Non-Holiday,525291.3489
1,2011,37,28,513672.36,0,48.74,3.01,210.9682412,8.395,28-Jan-11,Not Holiday,Non-Holiday,243483.2642
1,2011,27,28,1421111.55,0,23.64,3.402,136.9706544,7.827,28-Jan-11,Not Holiday,Non-Holiday,1037529.941
1,2011,7,28,513372.17,0,10.11,3.008,191.667891,8.818,28-Jan-11,Not Holiday,Non-Holiday,267844.6386
1,2011,39,28,1158698.44,0,47.94,3.01,210.9682412,8.395,28-Jan-11,Not Holiday,Non-Holiday,549228.8476
1,2011,1,28,1316899.31,0,43.83,3.01,212.1970577,7.742,28-Jan-11,Not Holiday,Non-Holiday,620602.0594
1,2011,19,28,1284185.49,0,20.66,3.402,133.1059677,7.771,28-Jan-11,Not Holiday,Non-Holiday,964784.3085
1,2011,21,28,649878.29,0,44.04,3.01,211.8552668,8.028,28-Jan-11,Not Holiday,Non-Holiday,306755.7865
1,2011,8,28,782256.66,0,39.26,3.01,215.5528862,6.262,28-Jan-11,Not Holiday,Non-Holiday,362907.0683
1,2011,34,28,836717.75,0,34.68,3.022,127.5800323,10.398,28-Jan-11,Not Holiday,Non-Holiday,655837.5436
1,2011,42,28,499081.79,0,53.03,3.231,127.5800323,8.744,28-Jan-11,Not Holiday,Non-Holiday,391191.1457
1,2011,25,28,600448.69,0,18.92,3.237,205.3894952,7.343,28-Jan-11,Not Holiday,Non-Holiday,292346.3488
1,2011,43,28,562558.27,0,44.98,3.01,204.1789677,10.398,28-Jan-11,Not Holiday,Non-Holiday,275522.1443
1,2011,40,28,775910.43,0,9.51,3.243,133.1059677,5.114,28-Jan-11,Not Holiday,Non-Holiday,582926.854
1,2011,14,28,1613718.38,0,24.05,3.237,183.1800955,8.549,28-Jan-11,Not Holiday,Non-Holiday,880946.3581
1,2011,10,28,1715769.05,0,53.03,3.231,127.5800323,8.744,28-Jan-11,Not Holiday,Non-Holiday,1344857.043
3,2011,23,4,1301185.28,0,20.67,3.437,133.6141429,5.114,4-Mar-11,Not Holiday,Non-Holiday,973837.9873
3,2011,31,4,1412721.18,0,59.52,3.288,213.4775305,8.028,4-Mar-11,Not Holiday,Non-Holiday,661765.7496
3,2011,14,4,2041215.61,0,38.65,3.433,184.3879911,8.549,4-Mar-11,Not Holiday,Non-Holiday,1107021.991
3,2011,33,4,245435.8,0,59.51,3.674,128.26475,8.951,4-Mar-11,Not Holiday,Non-Holiday,191350.9362
3,2011,39,4,1316385.43,0,63.56,3.288,212.576205,8.395,4-Mar-11,Not Holiday,Non-Holiday,619253.4249
3,2011,26,4,945643.17,0,14.31,3.437,133.6141429,7.907,4-Mar-11,Not Holiday,Non-Holiday,707741.8224
3,2011,29,4,536031.67,0,33.52,3.437,133.6141429,10.256,4-Mar-11,Not Holiday,Non-Holiday,401178.8411
3,2011,40,4,977070.62,0,18.49,3.437,133.6141429,5.114,4-Mar-11,Not Holiday,Non-Holiday,731262.8729
3,2011,41,4,1229257.7,0,34.99,3.232,192.0116004,7.241,4-Mar-11,Not Holiday,Non-Holiday,640199.7054
3,2011,19,4,1433569.44,0,29.28,3.605,133.6141429,7.771,4-Mar-11,Not Holiday,Non-Holiday,1072917.439
3,2011,5,4,329033.66,0,60.35,3.288,214.3842702,6.634,4-Mar-11,Not Holiday,Non-Holiday,153478.4524
3,2011,8,4,935266.43,0,53.18,3.288,217.2185454,6.262,4-Mar-11,Not Holiday,Non-Holiday,430564.7238
3,2011,22,4,997353.15,0,33.52,3.437,137.5017028,8.458,4-Mar-11,Not Holiday,Non-Holiday,725338.7629
3,2011,43,4,616345.25,0,60.26,3.288,205.7148214,10.398,4-Mar-11,Not Holiday,Non-Holiday,299611.4941
3,2011,32,4,1106847.62,0,39.17,3.232,192.0116004,8.818,4-Mar-11,Not Holiday,Non-Holiday,576448.3071
3,2011,11,4,1399456.99,0,66.5,3.288,217.1716979,7.551,4-Mar-11,Not Holiday,Non-Holiday,644401.1828
3,2011,37,4,527572.25,0,64.55,3.288,212.576205,8.395,4-Mar-11,Not Holiday,Non-Holiday,248180.2937
3,2011,3,4,437084.51,0,65.11,3.288,217.1716979,7.551,4-Mar-11,Not Holiday,Non-Holiday,201262.1876
3,2011,13,4,1894960.68,0,34.23,3.23,128.26475,7.47,4-Mar-11,Not Holiday,Non-Holiday,1477382.274
3,2011,16,4,484829.07,0,31.77,3.232,192.0116004,6.614,4-Mar-11,Not Holiday,Non-Holiday,252499.8849
3,2011,24,4,1346994.53,0,31.36,3.605,133.6141429,8.252,4-Mar-11,Not Holiday,Non-Holiday,1008122.719
3,2011,6,4,1502617.99,0,60.45,3.288,215.3584231,6.858,4-Mar-11,Not Holiday,Non-Holiday,697728.9155
3,2011,12,4,1085248.21,0,51.72,3.674,128.26475,14.021,4-Mar-11,Not Holiday,Non-Holiday,846100.1249
3,2011,30,4,443334.71,0,59.52,3.288,213.4775305,8.028,4-Mar-11,Not Holiday,Non-Holiday,207672.7743
3,2011,28,4,1723736.91,0,51.72,3.674,128.26475,14.021,4-Mar-11,Not Holiday,Non-Holiday,1343889.814
3,2011,15,4,573374.49,0,28.16,3.605,133.6141429,7.771,4-Mar-11,Not Holiday,Non-Holiday,429127.095
3,2011,18,4,1063310.62,0,28.49,3.437,133.6141429,9.131,4-Mar-11,Not Holiday,Non-Holiday,795806.9385
3,2011,42,4,570879.04,0,56.96,3.674,128.26475,8.744,4-Mar-11,Not Holiday,Non-Holiday,445078.6674
3,2011,7,4,551378.39,0,21.84,3.232,192.0116004,8.818,4-Mar-11,Not Holiday,Non-Holiday,287158.895
3,2011,2,4,1981607.78,0,57.77,3.288,213.4775305,8.028,4-Mar-11,Not Holiday,Non-Holiday,928251.2194
3,2011,17,4,816138.33,0,24.21,3.23,128.26475,6.866,4-Mar-11,Not Holiday,Non-Holiday,636291.9898
3,2011,9,4,542016.18,0,60.67,3.288,217.4036503,6.416,4-Mar-11,Not Holiday,Non-Holiday,249313.284
3,2011,38,4,405429.43,0,51.72,3.674,128.26475,14.021,4-Mar-11,Not Holiday,Non-Holiday,316087.9587
3,2011,1,4,1636263.41,0,59.58,3.288,213.8233327,7.742,4-Mar-11,Not Holiday,Non-Holiday,765240.8132
3,2011,34,4,963910.81,0,46.21,3.305,128.26475,10.398,4-Mar-11,Not Holiday,Non-Holiday,751500.9463
3,2011,45,4,761880.36,0,38.65,3.433,184.3879911,8.549,4-Mar-11,Not Holiday,Non-Holiday,413194.1324
3,2011,35,4,850448.54,0,36.99,3.433,137.5017028,8.549,4-Mar-11,Not Holiday,Non-Holiday,618500.3696
3,2011,25,4,640912.18,0,31.59,3.433,206.9153485,7.343,4-Mar-11,Not Holiday,Non-Holiday,309746.0796
3,2011,20,4,2143424.61,0,37.33,3.433,206.9153485,7.343,4-Mar-11,Not Holiday,Non-Holiday,1035894.449
3,2011,44,4,293984.54,0,34.23,3.23,128.26475,7.224,4-Mar-11,Not Holiday,Non-Holiday,229201.3511
3,2011,21,4,796277.72,0,59.52,3.288,213.4775305,8.028,4-Mar-11,Not Holiday,Non-Holiday,373003.0594
3,2011,4,4,2103455.75,0,46.56,3.305,128.26475,6.51,4-Mar-11,Not Holiday,Non-Holiday,1639932.834
3,2011,27,4,1656130.67,0,36.99,3.605,137.5017028,7.827,4-Mar-11,Not Holiday,Non-Holiday,1204443.753
3,2011,10,4,1958003.19,0,56.96,3.674,128.26475,8.744,4-Mar-11,Not Holiday,Non-Holiday,1526532.574
3,2011,36,4,402579.84,0,64.55,3.282,212.576205,8.395,4-Mar-11,Not Holiday,Non-Holiday,189381.4221
3,2011,36,11,407506.78,0,59.15,3.448,212.8611313,8.395,11-Mar-11,Not Holiday,Non-Holiday,191442.5511
3,2011,25,11,599828.39,0,36.73,3.582,207.1882876,7.343,11-Mar-11,Not Holiday,Non-Holiday,289508.8313
3,2011,37,11,505610.4,0,59.15,3.459,212.8611313,8.395,11-Mar-11,Not Holiday,Non-Holiday,237530.6365
3,2011,4,11,2039818.41,0,50.93,3.461,128.3995,6.51,11-Mar-11,Not Holiday,Non-Holiday,1588649.808
3,2011,22,11,944587.23,0,41.42,3.6,137.6269617,8.458,11-Mar-11,Not Holiday,Non-Holiday,686338.7946
3,2011,43,11,629026.75,0,60.24,3.459,205.9880714,10.398,11-Mar-11,Not Holiday,Non-Holiday,305370.474
3,2011,3,11,404753.3,0,61.29,3.459,217.4653683,7.551,11-Mar-11,Not Holiday,Non-Holiday,186123.1069
3,2011,10,11,1933469.15,0,64.22,3.63,128.3995,8.744,11-Mar-11,Not Holiday,Non-Holiday,1505822.959
3,2011,15,11,537035.28,0,34.27,3.752,133.7361429,7.771,11-Mar-11,Not Holiday,Non-Holiday,401563.3084
3,2011,2,11,1879107.31,0,52.7,3.459,213.7646401,8.028,11-Mar-11,Not Holiday,Non-Holiday,879054.3231
3,2011,16,11,457504.35,0,29.36,3.372,192.058484,6.614,11-Mar-11,Not Holiday,Non-Holiday,238210.9556
3,2011,42,11,607294.56,0,64.22,3.63,128.3995,8.744,11-Mar-11,Not Holiday,Non-Holiday,472972.6829
3,2011,32,11,1101458.21,0,36.51,3.372,192.058484,8.818,11-Mar-11,Not Holiday,Non-Holiday,573501.4601
3,2011,9,11,517783.5,0,54.75,3.459,217.6977326,6.416,11-Mar-11,Not Holiday,Non-Holiday,237845.1506
3,2011,8,11,900387.29,0,49.14,3.459,217.512299,6.262,11-Mar-11,Not Holiday,Non-Holiday,413947.7603
3,2011,38,11,357897.18,0,57.75,3.818,128.3995,14.021,11-Mar-11,Not Holiday,Non-Holiday,278737.2069
3,2011,20,11,1990932.77,0,39.53,3.582,207.1882876,7.343,11-Mar-11,Not Holiday,Non-Holiday,960929.2075
3,2011,44,11,284496.14,0,41.28,3.346,128.3995,7.224,11-Mar-11,Not Holiday,Non-Holiday,221571.0653
3,2011,21,11,763479.9,0,54.69,3.459,213.7646401,8.028,11-Mar-11,Not Holiday,Non-Holiday,357159.1165
3,2011,26,11,946614.55,0,28.13,3.6,133.7361429,7.907,11-Mar-11,Not Holiday,Non-Holiday,707822.5299
3,2011,14,11,1931104.67,0,45.01,3.582,184.613419,8.549,11-Mar-11,Not Holiday,Non-Holiday,1046026.167
3,2011,33,11,270921.44,0,66.51,3.63,128.3995,8.951,11-Mar-11,Not Holiday,Non-Holiday,210998.8279
3,2011,27,11,1613259.77,0,43.64,3.752,137.6269617,7.827,11-Mar-11,Not Holiday,Non-Holiday,1172197.475
3,2011,13,11,1852432.58,0,41.28,3.346,128.3995,7.47,11-Mar-11,Not Holiday,Non-Holiday,1442710.12
3,2011,31,11,1405572.93,0,54.69,3.459,213.7646401,8.028,11-Mar-11,Not Holiday,Non-Holiday,657532.9434
3,2011,19,11,1351450.43,0,35.59,3.752,133.7361429,7.771,11-Mar-11,Not Holiday,Non-Holiday,1010534.924
3,2011,6,11,1494497.39,0,57.71,3.459,215.6488731,6.858,11-Mar-11,Not Holiday,Non-Holiday,693023.5102
3,2011,17,11,779602.36,0,32.42,3.346,128.3995,6.866,11-Mar-11,Not Holiday,Non-Holiday,607169.3114
3,2011,18,11,1002714.25,0,38.4,3.6,133.7361429,9.131,11-Mar-11,Not Holiday,Non-Holiday,749770.5768
3,2011,39,11,1283716.81,0,58.35,3.459,212.8611313,8.395,11-Mar-11,Not Holiday,Non-Holiday,603077.134
3,2011,41,11,1159089.6,0,31.6,3.372,192.058484,7.241,11-Mar-11,Not Holiday,Non-Holiday,603508.6687
3,2011,34,11,943951.67,0,45.87,3.461,128.3995,10.398,11-Mar-11,Not Holiday,Non-Holiday,735167.7148
3,2011,45,11,714014.73,0,45.01,3.582,184.613419,8.549,11-Mar-11,Not Holiday,Non-Holiday,386762.0966
3,2011,24,11,1253218.7,0,39.51,3.752,133.7361429,8.252,11-Mar-11,Not Holiday,Non-Holiday,937083.0299
3,2011,11,11,1314557.31,0,63.29,3.459,217.4653683,7.551,11-Mar-11,Not Holiday,Non-Holiday,604490.4162
3,2011,7,11,558963.83,0,20.7,3.372,192.058484,8.818,11-Mar-11,Not Holiday,Non-Holiday,291038.3433
3,2011,30,11,438529.81,0,54.69,3.459,213.7646401,8.028,11-Mar-11,Not Holiday,Non-Holiday,205146.0942
3,2011,1,11,1553191.63,0,53.56,3.459,214.1110564,7.742,11-Mar-11,Not Holiday,Non-Holiday,725414.024
3,2011,5,11,293098.1,0,55.74,3.459,214.6729901,6.634,11-Mar-11,Not Holiday,Non-Holiday,136532.3602
3,2011,28,11,1380836.35,0,57.75,3.818,128.3995,14.021,11-Mar-11,Not Holiday,Non-Holiday,1075421.906
3,2011,12,11,997672.62,0,57.75,3.818,128.3995,14.021,11-Mar-11,Not Holiday,Non-Holiday,777006.6239
3,2011,35,11,830601.39,0,43.64,3.582,137.6269617,8.549,11-Mar-11,Not Holiday,Non-Holiday,603516.4765
3,2011,40,11,860255.58,0,30.53,3.6,133.7361429,5.114,11-Mar-11,Not Holiday,Non-Holiday,643248.3855
3,2011,23,11,1042043.55,0,29.36,3.6,133.7361429,5.114,11-Mar-11,Not Holiday,Non-Holiday,779178.7077
3,2011,29,11,493430.45,0,41.42,3.6,133.7361429,10.256,11-Mar-11,Not Holiday,Non-Holiday,368958.1883
3,2011,1,18,1576818.06,0,62.76,3.488,214.3627114,7.742,18-Mar-11,Not Holiday,Non-Holiday,735584.118
3,2011,31,18,1425559.02,0,63.26,3.488,214.0156238,8.028,18-Mar-11,Not Holiday,Non-Holiday,666100.4438
3,2011,40,18,871024.26,0,35.76,3.634,133.8492258,5.114,18-Mar-11,Not Holiday,Non-Holiday,650750.3161
3,2011,4,18,2116475.38,0,51.86,3.495,128.5121935,6.51,18-Mar-11,Not Holiday,Non-Holiday,1646906.276
3,2011,33,18,247234.47,0,72.72,3.892,128.5121935,8.951,18-Mar-11,Not Holiday,Non-Holiday,192382.1104
3,2011,25,18,603393.64,0,40.94,3.631,207.4283845,7.343,18-Mar-11,Not Holiday,Non-Holiday,290892.5128
3,2011,30,18,425470.84,0,63.26,3.488,214.0156238,8.028,18-Mar-11,Not Holiday,Non-Holiday,198803.6352
3,2011,36,18,431412.22,0,64.9,3.487,213.1096787,8.395,18-Mar-11,Not Holiday,Non-Holiday,202436.7089
3,2011,10,18,1884734.31,0,70.12,3.892,128.5121935,8.744,18-Mar-11,Not Holiday,Non-Holiday,1466580.142
3,2011,32,18,1100765.5,0,45.25,3.406,192.1237981,8.818,18-Mar-11,Not Holiday,Non-Holiday,572945.9395
3,2011,45,18,733564.77,0,46.66,3.631,184.809719,8.549,18-Mar-11,Not Holiday,Non-Holiday,396929.7578
3,2011,27,18,1624539.21,0,46.65,3.796,137.7398929,7.827,18-Mar-11,Not Holiday,Non-Holiday,1179425.347
3,2011,12,18,1009502.01,0,64.21,3.692,128.5121935,14.021,18-Mar-11,Not Holiday,Non-Holiday,785530.1373
3,2011,37,18,478503.06,0,64.9,3.488,213.1096787,8.395,18-Mar-11,Not Holiday,Non-Holiday,224533.7063
3,2011,8,18,898289.14,0,56.68,3.488,217.7705442,6.262,18-Mar-11,Not Holiday,Non-Holiday,412493.4083
3,2011,42,18,558239.32,0,70.12,3.892,128.5121935,8.744,18-Mar-11,Not Holiday,Non-Holiday,434386.267
3,2011,28,18,1286413.71,0,64.21,3.692,128.5121935,14.021,18-Mar-11,Not Holiday,Non-Holiday,1001005.177
3,2011,2,18,1902557.66,0,62.32,3.488,214.0156238,8.028,18-Mar-11,Not Holiday,Non-Holiday,888980.7324
3,2011,38,18,349459.95,0,64.21,3.692,128.5121935,14.021,18-Mar-11,Not Holiday,Non-Holiday,271927.465
3,2011,35,18,800662.82,0,46.65,3.631,137.7398929,8.549,18-Mar-11,Not Holiday,Non-Holiday,581286.0771
3,2011,39,18,1348410.05,0,65.28,3.488,213.1096787,8.395,18-Mar-11,Not Holiday,Non-Holiday,632730.5537
3,2011,23,18,1203682.62,0,37.28,3.634,133.8492258,5.114,18-Mar-11,Not Holiday,Non-Holiday,899282.4671
3,2011,44,18,281699.68,0,44.69,3.407,128.5121935,7.224,18-Mar-11,Not Holiday,Non-Holiday,219200.7407
3,2011,6,18,1685375.47,0,65.07,3.488,215.9035078,6.858,18-Mar-11,Not Holiday,Non-Holiday,780615.1401
3,2011,3,18,392109.51,0,69.47,3.488,217.7235226,7.551,18-Mar-11,Not Holiday,Non-Holiday,180095.1525
3,2011,34,18,1014218.8,0,55.58,3.495,128.5121935,10.398,18-Mar-11,Not Holiday,Non-Holiday,789200.4427
3,2011,13,18,1852443.78,0,44.69,3.407,128.5121935,7.47,18-Mar-11,Not Holiday,Non-Holiday,1441453.709
3,2011,21,18,793569,0,63.26,3.488,214.0156238,8.028,18-Mar-11,Not Holiday,Non-Holiday,370799.564
3,2011,19,18,1257972.37,0,40.32,3.796,133.8492258,7.771,18-Mar-11,Not Holiday,Non-Holiday,939842.8437
3,2011,5,18,312177.67,0,64.31,3.488,214.9257339,6.634,18-Mar-11,Not Holiday,Non-Holiday,145249.0888
3,2011,22,18,926427.12,0,43.38,3.634,137.7398929,8.458,18-Mar-11,Not Holiday,Non-Holiday,672591.7238
3,2011,29,18,493653.43,0,43.38,3.634,133.8492258,10.256,18-Mar-11,Not Holiday,Non-Holiday,368813.0634
3,2011,17,18,778436.81,0,34.48,3.407,128.5121935,6.866,18-Mar-11,Not Holiday,Non-Holiday,605729.9224
3,2011,7,18,635014.69,0,27.69,3.406,192.1237981,8.818,18-Mar-11,Not Holiday,Non-Holiday,330523.7021
3,2011,26,18,887426.12,0,31.76,3.634,133.8492258,7.907,18-Mar-11,Not Holiday,Non-Holiday,663004.2981
3,2011,18,18,945889.59,0,41.12,3.634,133.8492258,9.131,18-Mar-11,Not Holiday,Non-Holiday,706682.8996
3,2011,16,18,497373.49,0,36.5,3.406,192.1237981,6.614,18-Mar-11,Not Holiday,Non-Holiday,258881.7705
3,2011,24,18,1168397.26,0,43.39,3.796,133.8492258,8.252,18-Mar-11,Not Holiday,Non-Holiday,872920.4469
3,2011,11,18,1391813.69,0,70.17,3.488,217.7235226,7.551,18-Mar-11,Not Holiday,Non-Holiday,639257.3817
3,2011,14,18,1932491.42,0,46.66,3.631,184.809719,8.549,18-Mar-11,Not Holiday,Non-Holiday,1045665.472
3,2011,9,18,515226.11,0,63.82,3.488,217.9563371,6.416,18-Mar-11,Not Holiday,Non-Holiday,236389.5984
3,2011,41,18,1115504.26,0,40.19,3.406,192.1237981,7.241,18-Mar-11,Not Holiday,Non-Holiday,580617.4305
3,2011,43,18,635171.05,0,68.98,3.488,206.225924,10.398,18-Mar-11,Not Holiday,Non-Holiday,307997.6744
3,2011,15,18,551553.99,0,40.23,3.796,133.8492258,7.771,18-Mar-11,Not Holiday,Non-Holiday,412071.1096
3,2011,20,18,1931668.64,0,44.8,3.631,207.4283845,7.343,18-Mar-11,Not Holiday,Non-Holiday,931246.0513
3,2011,20,25,1824711.21,0,44.83,3.625,207.6553444,7.343,25-Mar-11,Not Holiday,Non-Holiday,878721.0439
3,2011,26,25,866566.54,0,22.99,3.624,133.9587419,7.907,25-Mar-11,Not Holiday,Non-Holiday,646890.623
3,2011,29,25,478773.05,0,38.77,3.624,133.9587419,10.256,25-Mar-11,Not Holiday,Non-Holiday,357403.3641
3,2011,38,25,351541.62,0,54.4,3.909,128.6160645,14.021,25-Mar-11,Not Holiday,Non-Holiday,273326.3697
3,2011,28,25,1201059.72,0,54.4,3.909,128.6160645,14.021,25-Mar-11,Not Holiday,Non-Holiday,933833.3626
3,2011,14,25,1879451.23,0,41.76,3.625,184.9943679,8.549,25-Mar-11,Not Holiday,Non-Holiday,1015950.513
3,2011,35,25,762184.1,0,40.11,3.625,137.8478929,8.549,25-Mar-11,Not Holiday,Non-Holiday,552916.7577
3,2011,42,25,522673.62,0,62.53,3.716,128.6160645,8.744,25-Mar-11,Not Holiday,Non-Holiday,406382.8434
3,2011,9,25,497488.4,0,68.79,3.473,218.2007506,6.416,25-Mar-11,Not Holiday,Non-Holiday,227995.7327
3,2011,12,25,954107.32,0,54.4,3.909,128.6160645,14.021,25-Mar-11,Not Holiday,Non-Holiday,741825.9326
3,2011,45,25,719737.25,0,41.76,3.625,184.9943679,8.549,25-Mar-11,Not Holiday,Non-Holiday,389059.0066
3,2011,36,25,390732.02,0,71.07,3.488,213.3436744,8.395,25-Mar-11,Not Holiday,Non-Holiday,183146.7566
3,2011,17,25,781267.76,0,36.71,3.435,128.6160645,6.866,25-Mar-11,Not Holiday,Non-Holiday,607441.8177
3,2011,32,25,1068719.22,0,46.7,3.414,192.1964844,8.818,25-Mar-11,Not Holiday,Non-Holiday,556055.5508
3,2011,10,25,1815798.85,0,62.53,3.716,128.6160645,8.744,25-Mar-11,Not Holiday,Non-Holiday,1411797.863
3,2011,4,25,1944164.32,0,59.1,3.48,128.6160645,6.51,25-Mar-11,Not Holiday,Non-Holiday,1511603.024
3,2011,1,25,1541102.38,0,69.97,3.473,214.5999389,7.742,25-Mar-11,Not Holiday,Non-Holiday,718128.0609
3,2011,31,25,1357036.1,0,70.33,3.473,214.2521573,8.028,25-Mar-11,Not Holiday,Non-Holiday,633382.7006
3,2011,15,25,527389.28,0,32.63,3.789,133.9587419,7.771,25-Mar-11,Not Holiday,Non-Holiday,393695.3069
3,2011,6,25,1438465.81,0,70.83,3.473,216.1438163,6.858,25-Mar-11,Not Holiday,Non-Holiday,665513.284
3,2011,21,25,753711.32,0,70.33,3.473,214.2521573,8.028,25-Mar-11,Not Holiday,Non-Holiday,351787.0389
3,2011,18,25,944523.3,0,36.65,3.624,133.9587419,9.131,25-Mar-11,Not Holiday,Non-Holiday,705085.2274
3,2011,34,25,922898.38,0,53.11,3.48,128.6160645,10.398,25-Mar-11,Not Holiday,Non-Holiday,717560.7367
3,2011,25,25,616324.24,0,38.51,3.625,207.6553444,7.343,25-Mar-11,Not Holiday,Non-Holiday,296801.5303
3,2011,7,25,559061.58,0,25.69,3.414,192.1964844,8.818,25-Mar-11,Not Holiday,Non-Holiday,290880.2321
3,2011,5,25,294732.5,0,70.71,3.473,215.1640872,6.634,25-Mar-11,Not Holiday,Non-Holiday,136980.3408
3,2011,40,25,834621.39,0,28.89,3.624,133.9587419,5.114,25-Mar-11,Not Holiday,Non-Holiday,623043.6164
3,2011,44,25,285031.81,0,42.38,3.435,128.6160645,7.224,25-Mar-11,Not Holiday,Non-Holiday,221614.4703
3,2011,37,25,522105.93,0,71.07,3.473,213.3436744,8.395,25-Mar-11,Not Holiday,Non-Holiday,244725.2919
3,2011,2,25,1766162.05,0,69.42,3.473,214.2521573,8.028,25-Mar-11,Not Holiday,Non-Holiday,824338.0474
3,2011,16,25,465279.68,0,32.61,3.414,192.1964844,6.614,25-Mar-11,Not Holiday,Non-Holiday,242085.427
3,2011,22,25,933528.39,0,38.77,3.624,137.8478929,8.458,25-Mar-11,Not Holiday,Non-Holiday,677216.2928
3,2011,13,25,1807545.43,0,42.38,3.435,128.6160645,7.47,25-Mar-11,Not Holiday,Non-Holiday,1405380.764
3,2011,3,25,380683.67,0,72.94,3.473,217.9674705,7.551,25-Mar-11,Not Holiday,Non-Holiday,174651.5978
3,2011,33,25,238084.08,0,63.34,3.716,128.6160645,8.951,25-Mar-11,Not Holiday,Non-Holiday,185112.2416
3,2011,43,25,585989.1,0,65.53,3.473,206.4496175,10.398,25-Mar-11,Not Holiday,Non-Holiday,283841.2137
3,2011,39,25,1284334.79,0,71.17,3.473,213.3436744,8.395,25-Mar-11,Not Holiday,Non-Holiday,602002.7515
3,2011,19,25,1266564.94,0,33.26,3.789,133.9587419,7.771,25-Mar-11,Not Holiday,Non-Holiday,945488.8289
3,2011,41,25,1140578.16,0,41.11,3.414,192.1964844,7.241,25-Mar-11,Not Holiday,Non-Holiday,593443.8206
3,2011,23,25,1148624.83,0,29.11,3.624,133.9587419,5.114,25-Mar-11,Not Holiday,Non-Holiday,857446.7136
3,2011,30,25,431754.01,0,70.33,3.473,214.2521573,8.028,25-Mar-11,Not Holiday,Non-Holiday,201516.762
3,2011,27,25,1554651.08,0,40.11,3.789,137.8478929,7.827,25-Mar-11,Not Holiday,Non-Holiday,1127801.845
3,2011,11,25,1229777.24,0,73.74,3.473,217.9674705,7.551,25-Mar-11,Not Holiday,Non-Holiday,564202.1891
3,2011,24,25,1158693.12,0,36.88,3.789,133.9587419,8.252,25-Mar-11,Not Holiday,Non-Holiday,864962.677
3,2011,8,25,827968.36,0,59.74,3.473,218.0145862,6.262,25-Mar-11,Not Holiday,Non-Holiday,379776.5895
5,2011,37,6,547513.3,0,69.56,3.906,214.5240376,8.3,6-May-11,Not Holiday,Non-Holiday,255222.3546
5,2011,8,6,941457.34,0,58.92,3.906,219.2435524,6.297,6-May-11,Not Holiday,Non-Holiday,429411.6428
5,2011,19,6,1451953.95,0,50.43,4.192,134.5143667,7.658,6-May-11,Not Holiday,Non-Holiday,1079404.368
5,2011,31,6,1388755.61,0,61.87,3.906,215.4448709,7.931,6-May-11,Not Holiday,Non-Holiday,644599.0588
5,2011,43,6,649148.74,0,66.77,3.906,207.5714929,10.581,6-May-11,Not Holiday,Non-Holiday,312735.0153
5,2011,36,6,393401.4,0,69.56,3.917,214.5240376,8.3,6-May-11,Not Holiday,Non-Holiday,183383.3655
5,2011,39,6,1370920.87,0,68.75,3.906,214.5240376,8.3,6-May-11,Not Holiday,Non-Holiday,639052.3343
5,2011,23,6,1359921.13,0,50.07,4.078,134.5143667,4.781,6-May-11,Not Holiday,Non-Holiday,1010985.788
5,2011,28,6,1515890.38,0,68.4,4.193,129.0444333,13.736,6-May-11,Not Holiday,Non-Holiday,1174704.202
5,2011,13,6,1986380.4,0,47.75,3.744,129.0444333,7.193,6-May-11,Not Holiday,Non-Holiday,1539299.565
5,2011,2,6,1837743.6,0,61.48,3.906,215.4448709,7.931,6-May-11,Not Holiday,Non-Holiday,852999.4668
5,2011,10,6,1841369.99,0,73.56,4.193,129.0444333,8.494,6-May-11,Not Holiday,Non-Holiday,1426927.1
5,2011,32,6,1181793.55,0,46.65,3.735,192.7252006,8.595,6-May-11,Not Holiday,Non-Holiday,613201.3594
5,2011,33,6,257031.19,0,77.92,4.193,129.0444333,8.687,6-May-11,Not Holiday,Non-Holiday,199180.378
5,2011,17,6,882132.28,0,45.66,3.744,129.0444333,6.774,6-May-11,Not Holiday,Non-Holiday,683588.015
5,2011,27,6,1757041.96,0,56.48,4.192,138.4131202,7.725,6-May-11,Not Holiday,Non-Holiday,1269418.649
5,2011,6,6,1504651.57,0,65.42,3.906,217.3547569,6.855,6-May-11,Not Holiday,Non-Holiday,692256.1031
5,2011,4,6,2063682.76,0,63.41,3.866,129.0444333,5.946,6-May-11,Not Holiday,Non-Holiday,1599203.241
5,2011,7,6,407012.47,0,26.54,3.735,192.7252006,8.595,6-May-11,Not Holiday,Non-Holiday,211187.9862
5,2011,3,6,413042.12,0,69.45,3.906,219.1959827,7.574,6-May-11,Not Holiday,Non-Holiday,188435.0776
5,2011,16,6,423805.22,0,38.64,3.735,192.7252006,6.339,6-May-11,Not Holiday,Non-Holiday,219901.2992
5,2011,26,6,1024778.23,0,45,4.078,134.5143667,7.818,6-May-11,Not Holiday,Non-Holiday,761835.5237
5,2011,41,6,1244956.91,0,41.2,3.735,192.7252006,6.934,6-May-11,Not Holiday,Non-Holiday,645975.1533
5,2011,44,6,299354.67,0,47.75,3.744,129.0444333,6.906,6-May-11,Not Holiday,Non-Holiday,231977.9803
5,2011,20,6,2090838.44,0,53.41,4.046,208.7992595,7.287,6-May-11,Not Holiday,Non-Holiday,1001362.957
5,2011,9,6,545251.1,0,62.2,3.906,219.4315106,6.38,6-May-11,Not Holiday,Non-Holiday,248483.5011
5,2011,14,6,2095599.93,0,58.21,4.046,185.9374378,8.521,6-May-11,Not Holiday,Non-Holiday,1127045.718
5,2011,11,6,1331453.41,0,71.39,3.906,219.1959827,7.574,6-May-11,Not Holiday,Non-Holiday,607426.0092
5,2011,15,6,630522.67,0,49.87,4.192,134.5143667,7.658,6-May-11,Not Holiday,Non-Holiday,468740.0205
5,2011,24,6,1339630.35,0,55.75,4.192,134.5143667,8.212,6-May-11,Not Holiday,Non-Holiday,995901.3174
7,2011,5,15,283248.62,0,88.64,3.575,215.9250696,6.529,15-Jul-11,Not Holiday,Non-Holiday,131179.1264
4,2011,33,1,232769.09,0,71.41,3.772,128.7199355,8.687,1-Apr-11,Not Holiday,Non-Holiday,180833.7528
4,2011,17,1,795859.23,0,39.38,3.487,128.7199355,6.774,1-Apr-11,Not Holiday,Non-Holiday,618287.468
4,2011,13,1,1864238.64,0,42.49,3.487,128.7199355,7.193,1-Apr-11,Not Holiday,Non-Holiday,1448290.533
4,2011,32,1,1051121.02,0,44.83,3.461,192.2691707,8.595,1-Apr-11,Not Holiday,Non-Holiday,546692.4397
4,2011,4,1,1900246.47,0,56.99,3.521,128.7199355,5.946,1-Apr-11,Not Holiday,Non-Holiday,1476264.312
4,2011,1,1,1495064.75,0,59.17,3.524,214.8371664,7.682,1-Apr-11,Not Holiday,Non-Holiday,695906.0087
4,2011,44,1,281514.26,0,42.49,3.487,128.7199355,6.906,1-Apr-11,Not Holiday,Non-Holiday,218702.9219
4,2011,40,1,841889.08,0,28.6,3.638,134.0682581,4.781,1-Apr-11,Not Holiday,Non-Holiday,627955.5593
4,2011,31,1,1344890.73,0,56.36,3.524,214.4886908,7.931,1-Apr-11,Not Holiday,Non-Holiday,627021.7441
4,2011,6,1,1459276.77,0,62.25,3.524,216.3841249,6.855,1-Apr-11,Not Holiday,Non-Holiday,674391.7885
4,2011,16,1,459756.11,0,35.75,3.461,192.2691707,6.339,1-Apr-11,Not Holiday,Non-Holiday,239121.0761
4,2011,18,1,938083.17,0,35.06,3.638,134.0682581,8.975,1-Apr-11,Not Holiday,Non-Holiday,699705.6449
4,2011,24,1,1163803.3,0,35.73,3.811,134.0682581,8.212,1-Apr-11,Not Holiday,Non-Holiday,868067.7414
4,2011,19,1,1305950.22,0,30.68,3.811,134.0682581,7.658,1-Apr-11,Not Holiday,Non-Holiday,974093.5241
4,2011,25,1,618377.79,0,28.5,3.638,207.8823043,7.287,1-Apr-11,Not Holiday,Non-Holiday,297465.3336
4,2011,9,1,520962.14,0,56.12,3.524,218.445164,6.38,1-Apr-11,Not Holiday,Non-Holiday,238486.4606
4,2011,15,1,542556.05,0,30.34,3.811,134.0682581,7.658,1-Apr-11,Not Holiday,Non-Holiday,404686.4319
4,2011,21,1,732056.37,0,56.36,3.524,214.4886908,7.931,1-Apr-11,Not Holiday,Non-Holiday,341303.0157
4,2011,43,1,611585.54,0,67.79,3.524,206.6733111,10.581,1-Apr-11,Not Holiday,Non-Holiday,295918.9732
4,2011,39,1,1316849.36,0,66.57,3.524,213.5776701,8.3,1-Apr-11,Not Holiday,Non-Holiday,616566.9657
4,2011,20,1,1927993.09,0,32.43,3.638,207.8823043,7.287,1-Apr-11,Not Holiday,Non-Holiday,927444.5444
4,2011,8,1,878762.3,0,49.86,3.524,218.2586281,6.297,1-Apr-11,Not Holiday,Non-Holiday,402624.3121
4,2011,7,1,513409.67,0,24.83,3.461,192.2691707,8.595,1-Apr-11,Not Holiday,Non-Holiday,267026.5171
4,2011,12,1,1005463.49,0,63.63,3.772,128.7199355,13.736,1-Apr-11,Not Holiday,Non-Holiday,781124.9175
4,2011,28,1,1336838.41,0,63.63,3.772,128.7199355,13.736,1-Apr-11,Not Holiday,Non-Holiday,1038563.611
4,2011,37,1,534578.78,0,67.31,3.524,213.5776701,8.3,1-Apr-11,Not Holiday,Non-Holiday,250297.1307
4,2011,3,1,374556.08,0,68.76,3.524,218.2114184,7.574,1-Apr-11,Not Holiday,Non-Holiday,171648.2495
4,2011,42,1,508432.17,0,67.64,3.772,128.7199355,8.494,1-Apr-11,Not Holiday,Non-Holiday,394991.0074
4,2011,22,1,951588.37,0,36.04,3.638,137.9558929,8.252,1-Apr-11,Not Holiday,Non-Holiday,689777.2542
4,2011,29,1,475615.26,0,36.04,3.638,134.0682581,9.966,1-Apr-11,Not Holiday,Non-Holiday,354756.0524
4,2011,23,1,1182694.95,0,29.44,3.638,134.0682581,4.781,1-Apr-11,Not Holiday,Non-Holiday,882158.8098
4,2011,27,1,1628868.28,0,37.27,3.811,137.9558929,7.725,1-Apr-11,Not Holiday,Non-Holiday,1180716.71
4,2011,2,1,1800171.36,0,55.43,3.524,214.4886908,7.931,1-Apr-11,Not Holiday,Non-Holiday,839284.9774
4,2011,45,1,712425.76,0,37.27,3.638,185.1790167,8.521,1-Apr-11,Not Holiday,Non-Holiday,384722.7254
4,2011,34,1,884233.67,0,55.46,3.521,128.7199355,10.581,1-Apr-11,Not Holiday,Non-Holiday,686943.8417
4,2011,36,1,385672.11,0,67.31,3.529,213.5776701,8.3,1-Apr-11,Not Holiday,Non-Holiday,180576.9816
4,2011,5,1,314316.55,0,61.5,3.524,215.4024406,6.489,1-Apr-11,Not Holiday,Non-Holiday,145920.6075
4,2011,30,1,437926.79,0,56.36,3.524,214.4886908,7.931,1-Apr-11,Not Holiday,Non-Holiday,204172.4384
4,2011,35,1,762620.94,0,37.27,3.638,137.9558929,8.512,1-Apr-11,Not Holiday,Non-Holiday,552800.5538
4,2011,14,1,1869110.55,0,37.27,3.638,185.1790167,8.521,1-Apr-11,Not Holiday,Non-Holiday,1009353.318
4,2011,11,1,1258674.12,0,69.1,3.524,218.2114184,7.574,1-Apr-11,Not Holiday,Non-Holiday,576814.05
4,2011,41,1,1179125.48,0,38.16,3.461,192.2691707,6.934,1-Apr-11,Not Holiday,Non-Holiday,613268.0948
4,2011,10,1,1827733.18,0,67.64,3.772,128.7199355,8.494,1-Apr-11,Not Holiday,Non-Holiday,1419930.155
4,2011,38,1,382098.13,0,63.63,3.772,128.7199355,13.736,1-Apr-11,Not Holiday,Non-Holiday,296844.563
4,2011,26,1,849231.61,0,22.99,3.638,134.0682581,7.818,1-Apr-11,Not Holiday,Non-Holiday,633432.2695
4,2011,30,8,443889.5,0,68.62,3.622,214.7252242,7.931,8-Apr-11,Not Holiday,Non-Holiday,206724.432
4,2011,29,8,505304.33,0,44.42,3.72,134.1777742,9.966,8-Apr-11,Not Holiday,Non-Holiday,376593.1675
4,2011,22,8,969046.69,0,44.42,3.72,138.0638929,8.252,8-Apr-11,Not Holiday,Non-Holiday,701882.7802
4,2011,12,8,998362.05,0,64.47,4.003,128.8238065,13.736,8-Apr-11,Not Holiday,Non-Holiday,774982.5728
4,2011,3,8,384075.31,0,72.55,3.622,218.4553663,7.574,8-Apr-11,Not Holiday,Non-Holiday,175814.088
4,2011,16,8,439276.5,0,38.04,3.532,192.3418571,6.339,8-Apr-11,Not Holiday,Non-Holiday,228383.2061
4,2011,34,8,975479.83,0,58.59,3.605,128.8238065,10.581,8-Apr-11,Not Holiday,Non-Holiday,757220.1571
4,2011,17,8,811855.72,0,39.16,3.547,128.8238065,6.774,8-Apr-11,Not Holiday,Non-Holiday,630206.281
4,2011,43,8,650418.75,0,70.35,3.622,206.8970046,10.581,8-Apr-11,Not Holiday,Non-Holiday,314368.3744
4,2011,5,8,307333.62,0,69.64,3.622,215.6407939,6.489,8-Apr-11,Not Holiday,Non-Holiday,142521.0947
4,2011,20,8,2027056.39,0,47.09,3.72,208.1092642,7.287,8-Apr-11,Not Holiday,Non-Holiday,974034.6725
4,2011,24,8,1273670.32,0,44.7,3.895,134.1777742,8.212,8-Apr-11,Not Holiday,Non-Holiday,949240.9064
4,2011,15,8,587370.81,0,40.94,3.895,134.1777742,7.658,8-Apr-11,Not Holiday,Non-Holiday,437755.6667
4,2011,31,8,1416790.17,0,68.62,3.622,214.7252242,7.931,8-Apr-11,Not Holiday,Non-Holiday,659815.434
4,2011,21,8,744782.89,0,68.62,3.622,214.7252242,7.931,8-Apr-11,Not Holiday,Non-Holiday,346853.9352
4,2011,36,8,428727.61,0,69.39,3.645,213.8116658,8.3,8-Apr-11,Not Holiday,Non-Holiday,200516.4725
4,2011,27,8,1689844.18,0,46.87,3.895,138.0638929,7.725,8-Apr-11,Not Holiday,Non-Holiday,1223958.085
4,2011,11,8,1327401.06,0,73.57,3.622,218.4553663,7.574,8-Apr-11,Not Holiday,Non-Holiday,607630.3286
4,2011,23,8,1248901.98,0,36.74,3.72,134.1777742,4.781,8-Apr-11,Not Holiday,Non-Holiday,930781.5601
4,2011,42,8,620087.35,0,73.03,3.818,128.8238065,8.494,8-Apr-11,Not Holiday,Non-Holiday,481345.3094
4,2011,28,8,1414713.5,0,64.47,4.003,128.8238065,13.736,8-Apr-11,Not Holiday,Non-Holiday,1098177.067
4,2011,41,8,1206252.12,0,42.87,3.532,192.3418571,6.934,8-Apr-11,Not Holiday,Non-Holiday,627139.6867
4,2011,8,8,949825.83,0,65.62,3.622,218.50267,6.297,8-Apr-11,Not Holiday,Non-Holiday,434697.5852
4,2011,7,8,500552.16,0,30.64,3.532,192.3418571,8.595,8-Apr-11,Not Holiday,Non-Holiday,260240.8896
4,2011,2,8,1847552.61,0,67,3.622,214.7252242,7.931,8-Apr-11,Not Holiday,Non-Holiday,860426.4436
4,2011,37,8,543703.16,0,69.39,3.622,213.8116658,8.3,8-Apr-11,Not Holiday,Non-Holiday,254290.6899
4,2011,38,8,392152.3,0,64.47,4.003,128.8238065,13.736,8-Apr-11,Not Holiday,Non-Holiday,304409.8064
4,2011,44,8,292498.61,0,42.75,3.547,128.8238065,6.906,8-Apr-11,Not Holiday,Non-Holiday,227053.2272
4,2011,35,8,813352.41,0,46.87,3.72,138.0638929,8.512,8-Apr-11,Not Holiday,Non-Holiday,589113.0497
4,2011,14,8,2037798.88,0,48.71,3.72,185.3636656,8.521,8-Apr-11,Not Holiday,Non-Holiday,1099351.846
4,2011,10,8,1870720.73,0,73.03,3.818,128.8238065,8.494,8-Apr-11,Not Holiday,Non-Holiday,1452154.521
4,2011,6,8,1534594,0,70.35,3.622,216.6244334,6.855,8-Apr-11,Not Holiday,Non-Holiday,708412.2395
4,2011,39,8,1350646.16,0,69.45,3.622,213.8116658,8.3,8-Apr-11,Not Holiday,Non-Holiday,631699.0025
4,2011,9,8,561625.92,0,71.4,3.622,218.6895775,6.38,8-Apr-11,Not Holiday,Non-Holiday,256814.2142
4,2011,25,8,648606.13,0,42.11,3.72,208.1092642,7.287,8-Apr-11,Not Holiday,Non-Holiday,311666.1493
4,2011,19,8,1419911.91,0,41.26,3.895,134.1777742,7.658,8-Apr-11,Not Holiday,Non-Holiday,1058231.826
4,2011,13,8,1887465.04,0,42.75,3.547,128.8238065,7.193,8-Apr-11,Not Holiday,Non-Holiday,1465152.359
4,2011,18,8,1018541.3,0,43.32,3.72,134.1777742,8.975,8-Apr-11,Not Holiday,Non-Holiday,759098.3723
4,2011,40,8,947753.32,0,34.77,3.72,134.1777742,4.781,8-Apr-11,Not Holiday,Non-Holiday,706341.5127
4,2011,1,8,1614259.35,0,67.84,3.622,215.0743939,7.682,8-Apr-11,Not Holiday,Non-Holiday,750558.5954
4,2011,33,8,271924.73,0,75.11,3.818,128.8238065,8.687,8-Apr-11,Not Holiday,Non-Holiday,211082.6697
4,2011,32,8,1102975.59,0,48.81,3.532,192.3418571,8.595,8-Apr-11,Not Holiday,Non-Holiday,573445.4303
4,2011,45,8,750182.71,0,48.71,3.72,185.3636656,8.521,8-Apr-11,Not Holiday,Non-Holiday,404708.6076
4,2011,4,8,2074953.46,0,62.61,3.605,128.8238065,5.946,8-Apr-11,Not Holiday,Non-Holiday,1610691.002
4,2011,26,8,985229.81,0,29.09,3.72,134.1777742,7.818,8-Apr-11,Not Holiday,Non-Holiday,734271.9879
4,2011,32,15,1120508.14,0,45.97,3.611,192.4225954,8.595,15-Apr-11,Not Holiday,Non-Holiday,582316.3011
4,2011,40,15,874446.32,0,43.69,3.823,134.2784667,4.781,15-Apr-11,Not Holiday,Non-Holiday,651218.577
4,2011,9,15,528420.28,0,71.9,3.743,218.9134935,6.38,15-Apr-11,Not Holiday,Non-Holiday,241383.1471
4,2011,23,15,1263680.51,0,45.51,3.823,134.2784667,4.781,15-Apr-11,Not Holiday,Non-Holiday,941089.4696
4,2011,43,15,635758.03,0,65.01,3.743,207.1015429,10.581,15-Apr-11,Not Holiday,Non-Holiday,306978.896
4,2011,37,15,543775.87,0,73.25,3.743,214.026217,8.3,15-Apr-11,Not Holiday,Non-Holiday,254069.7479
4,2011,6,15,1448797.02,0,73.17,3.743,216.8446627,6.855,15-Apr-11,Not Holiday,Non-Holiday,668126.6682
4,2011,14,15,1974960.86,0,53.69,3.821,185.5339821,8.521,15-Apr-11,Not Holiday,Non-Holiday,1064473.924
4,2011,4,15,1960587.76,0,62.34,3.724,128.9107333,5.946,15-Apr-11,Not Holiday,Non-Holiday,1520887.912
4,2011,29,15,518245.97,0,48.88,3.823,134.2784667,9.966,15-Apr-11,Not Holiday,Non-Holiday,385948.6802
4,2011,42,15,597644.02,0,61.05,4.089,128.9107333,8.494,15-Apr-11,Not Holiday,Non-Holiday,463610.752
4,2011,7,15,423380.14,0,27.79,3.611,192.4225954,8.595,15-Apr-11,Not Holiday,Non-Holiday,220026.208
4,2011,26,15,863266.12,0,39.46,3.823,134.2784667,7.818,15-Apr-11,Not Holiday,Non-Holiday,642892.4467
4,2011,35,15,795157.2,0,52.24,3.821,138.1646952,8.512,15-Apr-11,Not Holiday,Non-Holiday,575514.0261
4,2011,44,15,289667.55,0,41.72,3.616,128.9107333,6.906,15-Apr-11,Not Holiday,Non-Holiday,224703.9813
4,2011,2,15,1856467.84,0,69.48,3.743,214.9420631,7.931,15-Apr-11,Not Holiday,Non-Holiday,863706.1603
4,2011,8,15,908278.74,0,63.55,3.743,218.7262524,6.297,15-Apr-11,Not Holiday,Non-Holiday,415258.2189
4,2011,11,15,1312905.8,0,76.64,3.743,218.6788642,7.574,15-Apr-11,Not Holiday,Non-Holiday,600380.7477
4,2011,27,15,1727175.61,0,52.24,3.981,138.1646952,7.725,15-Apr-11,Not Holiday,Non-Holiday,1250084.624
4,2011,28,15,1240126.07,0,57.63,3.868,128.9107333,13.736,15-Apr-11,Not Holiday,Non-Holiday,962003.7357
4,2011,39,15,1348031.55,0,73.19,3.743,214.026217,8.3,15-Apr-11,Not Holiday,Non-Holiday,629844.1233
4,2011,13,15,1950994.04,0,41.72,3.616,128.9107333,7.193,15-Apr-11,Not Holiday,Non-Holiday,1513445.77
4,2011,19,15,1392093.04,0,48.67,3.981,134.2784667,7.658,15-Apr-11,Not Holiday,Non-Holiday,1036720.983
4,2011,3,15,366250.69,0,75.88,3.743,218.6788642,7.574,15-Apr-11,Not Holiday,Non-Holiday,167483.3511
4,2011,41,15,1192982.07,0,39.94,3.611,192.4225954,6.934,15-Apr-11,Not Holiday,Non-Holiday,619980.2406
4,2011,16,15,427855.24,0,34.59,3.611,192.4225954,6.339,15-Apr-11,Not Holiday,Non-Holiday,222351.8704
4,2011,24,15,1245576.65,0,52.36,3.981,134.2784667,8.212,15-Apr-11,Not Holiday,Non-Holiday,927607.144
4,2011,22,15,1008557.04,0,48.88,3.823,138.1646952,8.252,15-Apr-11,Not Holiday,Non-Holiday,729967.2601
4,2011,5,15,307913.58,0,72.02,3.743,215.8592673,6.489,15-Apr-11,Not Holiday,Non-Holiday,142645.5226
4,2011,30,15,426666.92,0,71.01,3.743,214.9420631,7.931,15-Apr-11,Not Holiday,Non-Holiday,198503.2217
4,2011,33,15,275749.56,0,64.64,4.089,128.9107333,8.687,15-Apr-11,Not Holiday,Non-Holiday,213907.3706
4,2011,36,15,414986.54,0,73.25,3.763,214.026217,8.3,15-Apr-11,Not Holiday,Non-Holiday,193895.19
4,2011,38,15,362758.94,0,57.63,3.868,128.9107333,13.736,15-Apr-11,Not Holiday,Non-Holiday,281403.2088
4,2011,25,15,674562.45,0,51.43,3.821,208.3172811,7.287,15-Apr-11,Not Holiday,Non-Holiday,323814.9262
4,2011,21,15,768390.05,0,71.01,3.743,214.9420631,7.931,15-Apr-11,Not Holiday,Non-Holiday,357487.0544
4,2011,15,15,607691.36,0,48.63,3.981,134.2784667,7.658,15-Apr-11,Not Holiday,Non-Holiday,452560.5445
4,2011,18,15,988157.72,0,49.91,3.823,134.2784667,8.975,15-Apr-11,Not Holiday,Non-Holiday,735901.8496
4,2011,31,15,1408464.08,0,71.01,3.743,214.9420631,7.931,15-Apr-11,Not Holiday,Non-Holiday,655276.1519
4,2011,17,15,825283.43,0,39.98,3.616,128.9107333,6.774,15-Apr-11,Not Holiday,Non-Holiday,640197.6072
4,2011,20,15,2057406.33,0,55,3.821,208.3172811,7.287,15-Apr-11,Not Holiday,Non-Holiday,987631.1361
4,2011,1,15,1559889,0,71.27,3.743,215.2918561,7.682,15-Apr-11,Not Holiday,Non-Holiday,724546.2175
4,2011,34,15,941829,0,53.3,3.724,128.9107333,10.581,15-Apr-11,Not Holiday,Non-Holiday,730605.5717
4,2011,12,15,990951.77,0,57.63,3.868,128.9107333,13.736,15-Apr-11,Not Holiday,Non-Holiday,768711.6074
4,2011,45,15,765270.02,0,53.69,3.821,185.5339821,8.521,15-Apr-11,Not Holiday,Non-Holiday,412468.9242
4,2011,10,15,1781767.22,0,61.05,4.089,128.9107333,8.494,15-Apr-11,Not Holiday,Non-Holiday,1382171.348
4,2011,24,22,1372484.9,0,46,4.061,134.3571,8.212,22-Apr-11,Not Holiday,Non-Holiday,1021520.188
4,2011,22,22,1152781.9,0,47.76,3.919,138.2475036,8.252,22-Apr-11,Not Holiday,Non-Holiday,833853.6827
4,2011,34,22,1051518.45,0,63.83,3.781,128.9553,10.581,22-Apr-11,Not Holiday,Non-Holiday,815413.1315
4,2011,12,22,1016019.47,0,72.12,4.134,128.9553,13.736,22-Apr-11,Not Holiday,Non-Holiday,787885.0036
4,2011,21,22,801302.01,0,70.79,3.807,215.1096657,7.931,22-Apr-11,Not Holiday,Non-Holiday,372508.6027
4,2011,13,22,2124316.34,0,47.55,3.655,128.9553,7.193,22-Apr-11,Not Holiday,Non-Holiday,1647327.671
4,2011,10,22,2004831.14,0,75.93,3.917,128.9553,8.494,22-Apr-11,Not Holiday,Non-Holiday,1554671.378
4,2011,25,22,756588.42,0,45.87,3.892,208.4779405,7.287,22-Apr-11,Not Holiday,Non-Holiday,362910.5402
4,2011,36,22,374574.72,0,74.57,3.805,214.1921572,8.3,22-Apr-11,Not Holiday,Non-Holiday,174877.8876
4,2011,23,22,1447301.24,0,39.62,3.919,134.3571,4.781,22-Apr-11,Not Holiday,Non-Holiday,1077204.882
4,2011,11,22,1388118.53,0,78.31,3.807,218.851237,7.574,22-Apr-11,Not Holiday,Non-Holiday,634274.9299
4,2011,35,22,841778.34,0,50.02,3.892,138.2475036,8.512,22-Apr-11,Not Holiday,Non-Holiday,608892.2534
4,2011,14,22,2256461.39,0,53.04,3.892,185.6684673,8.521,22-Apr-11,Not Holiday,Non-Holiday,1215317.508
4,2011,2,22,1886339.6,0,69.39,3.807,215.1096657,7.931,22-Apr-11,Not Holiday,Non-Holiday,876919.9626
4,2011,44,22,280357.3,0,47.55,3.655,128.9553,6.906,22-Apr-11,Not Holiday,Non-Holiday,217406.5742
4,2011,32,22,1210602.91,0,48.69,3.636,192.5234638,8.595,22-Apr-11,Not Holiday,Non-Holiday,628807.9832
4,2011,1,22,1564819.81,0,72.99,3.807,215.4599053,7.682,22-Apr-11,Not Holiday,Non-Holiday,726269.6082
4,2011,45,22,813630.44,0,53.04,3.892,185.6684673,8.521,22-Apr-11,Not Holiday,Non-Holiday,438216.8129
4,2011,33,22,248603.3,0,79.46,3.917,128.9553,8.687,22-Apr-11,Not Holiday,Non-Holiday,192782.5378
4,2011,3,22,391860.04,0,76.91,3.807,218.851237,7.574,22-Apr-11,Not Holiday,Non-Holiday,179053.1529
4,2011,9,22,549502.11,0,72.35,3.807,219.0861659,6.38,22-Apr-11,Not Holiday,Non-Holiday,250815.5217
4,2011,31,22,1461393.91,0,70.79,3.807,215.1096657,7.931,22-Apr-11,Not Holiday,Non-Holiday,679371.5686
4,2011,19,22,1514288.82,0,41.66,4.061,134.3571,7.658,22-Apr-11,Not Holiday,Non-Holiday,1127062.745
4,2011,40,22,965056.4,0,39.32,3.919,134.3571,4.781,22-Apr-11,Not Holiday,Non-Holiday,718277.1882
8,2011,6,26,1420405.41,0,90.07,3.523,217.2706543,6.925,26-Aug-11,Not Holiday,Non-Holiday,653749.3131
5,2011,42,6,612337.35,0,73.56,4.193,129.0444333,8.494,6-May-11,Not Holiday,Non-Holiday,474516.6718
5,2011,1,6,1629391.28,0,64.61,3.906,215.7960035,7.682,6-May-11,Not Holiday,Non-Holiday,755060.9157
5,2011,21,6,718898.33,0,61.87,3.906,215.4448709,7.931,6-May-11,Not Holiday,Non-Holiday,333680.8748
5,2011,12,6,1021154.48,0,68.4,4.193,129.0444333,13.736,6-May-11,Not Holiday,Non-Holiday,791320.0546
5,2011,38,6,422186.65,0,68.4,4.193,129.0444333,13.736,6-May-11,Not Holiday,Non-Holiday,327163.7832
5,2011,22,6,1032076.06,0,53.63,4.078,138.4131202,8.252,6-May-11,Not Holiday,Non-Holiday,745649.0097
5,2011,5,6,322904.68,0,66.27,3.906,216.3655877,6.489,6-May-11,Not Holiday,Non-Holiday,149240.3129
5,2011,35,6,835181.18,0,56.48,4.046,138.4131202,8.512,6-May-11,Not Holiday,Non-Holiday,603397.4083
5,2011,40,6,1016752.55,0,50.81,4.078,134.5143667,4.781,6-May-11,Not Holiday,Non-Holiday,755869.1127
5,2011,25,6,659446.55,0,49.5,4.046,208.7992595,7.287,6-May-11,Not Holiday,Non-Holiday,315828.0118
5,2011,18,6,1065427.37,0,54.17,4.078,134.5143667,8.975,6-May-11,Not Holiday,Non-Holiday,792054.7047
5,2011,30,6,438789.52,0,61.87,3.906,215.4448709,7.931,6-May-11,Not Holiday,Non-Holiday,203666.7284
5,2011,34,6,965853.58,0,54.4,3.866,129.0444333,10.581,6-May-11,Not Holiday,Non-Holiday,748465.9007
5,2011,45,6,810150.64,0,58.21,4.046,185.9374378,8.521,6-May-11,Not Holiday,Non-Holiday,435711.4143
5,2011,12,13,977033.5,0,70.93,4.202,129.089,13.736,13-May-11,Not Holiday,Non-Holiday,756868.1297
5,2011,44,13,307095.31,0,52.4,3.77,129.089,6.906,13-May-11,Not Holiday,Non-Holiday,237894.2513
5,2011,8,13,895763.41,0,72.96,3.899,219.4159857,6.297,13-May-11,Not Holiday,Non-Holiday,408248.9282
5,2011,45,13,793889.1,0,60.38,4.066,186.0719231,8.521,13-May-11,Not Holiday,Non-Holiday,426657.1156
5,2011,1,13,1604775.58,0,75.64,3.899,215.9640526,7.682,13-May-11,Not Holiday,Non-Holiday,743075.3223
5,2011,39,13,1325022.77,0,77.39,3.899,214.6899778,8.3,13-May-11,Not Holiday,Non-Holiday,617179.6111
5,2011,19,13,1429143.06,0,54.2,4.211,134.593,7.658,13-May-11,Not Holiday,Non-Holiday,1061825.697
5,2011,41,13,1270025.74,0,50.29,3.767,192.826069,6.934,13-May-11,Not Holiday,Non-Holiday,658637.9874
5,2011,5,13,290930.01,0,77.38,3.899,216.5343611,6.489,13-May-11,Not Holiday,Non-Holiday,134357.4334
5,2011,24,13,1311950.16,0,58.49,4.211,134.593,8.212,13-May-11,Not Holiday,Non-Holiday,974753.635
5,2011,11,13,1277959.42,0,80.93,3.899,219.3683556,7.574,13-May-11,Not Holiday,Non-Holiday,582563.2492
5,2011,34,13,966232.69,0,63.05,3.872,129.089,10.581,13-May-11,Not Holiday,Non-Holiday,748501.1814
5,2011,22,13,1001558.74,0,57.71,4.095,138.4959286,8.252,13-May-11,Not Holiday,Non-Holiday,723168.3632
5,2011,27,13,1763545.32,0,60.07,4.211,138.4959286,7.725,13-May-11,Not Holiday,Non-Holiday,1273355.353
5,2011,35,13,826155.95,0,60.07,4.066,138.4959286,8.512,13-May-11,Not Holiday,Non-Holiday,596520.0265
5,2011,30,13,424614.59,0,75.04,3.899,215.6124735,7.931,13-May-11,Not Holiday,Non-Holiday,196934.1491
5,2011,16,13,410406.95,0,43.29,3.767,192.826069,6.339,13-May-11,Not Holiday,Non-Holiday,212837.8969
5,2011,7,13,414094.05,0,36.61,3.767,192.826069,8.595,13-May-11,Not Holiday,Non-Holiday,214750.0347
5,2011,13,13,1958823.56,0,52.4,3.77,129.089,7.193,13-May-11,Not Holiday,Non-Holiday,1517420.973
5,2011,28,13,1253316.3,0,70.93,4.202,129.089,13.736,13-May-11,Not Holiday,Non-Holiday,970893.1822
5,2011,33,13,279466.87,0,78.24,4.202,129.089,8.687,13-May-11,Not Holiday,Non-Holiday,216491.6221
5,2011,17,13,870625.49,0,49.26,3.77,129.089,6.774,13-May-11,Not Holiday,Non-Holiday,674438.1706
5,2011,2,13,1838513.07,0,74.61,3.899,215.6124735,7.931,13-May-11,Not Holiday,Non-Holiday,852693.2789
5,2011,18,13,993172.98,0,58.48,4.095,134.593,8.975,13-May-11,Not Holiday,Non-Holiday,737908.3459
5,2011,29,13,549551.02,0,57.71,4.095,134.593,9.966,13-May-11,Not Holiday,Non-Holiday,408305.796
5,2011,10,13,1712995.44,0,74.04,4.202,129.089,8.494,13-May-11,Not Holiday,Non-Holiday,1326987.923
5,2011,4,13,2002362.37,0,70.65,3.872,129.089,5.946,13-May-11,Not Holiday,Non-Holiday,1551148.719
5,2011,31,13,1408118.22,0,75.04,3.899,215.6124735,7.931,13-May-11,Not Holiday,Non-Holiday,653078.2738
5,2011,25,13,684783.15,0,60.1,4.066,208.9599189,7.287,13-May-11,Not Holiday,Non-Holiday,327710.287
5,2011,15,13,630482.91,0,57.07,4.211,134.593,7.658,13-May-11,Not Holiday,Non-Holiday,468436.6275
5,2011,20,13,2036748.53,0,62.26,4.066,208.9599189,7.287,13-May-11,Not Holiday,Non-Holiday,974707.7529
5,2011,40,13,903864.02,0,54.09,4.095,134.593,4.781,13-May-11,Not Holiday,Non-Holiday,671553.5132
5,2011,26,13,941008.85,0,48.2,4.095,134.593,7.818,13-May-11,Not Holiday,Non-Holiday,699151.4046
5,2011,14,13,2004330.3,0,60.38,4.066,186.0719231,8.521,13-May-11,Not Holiday,Non-Holiday,1077180.408
5,2011,32,13,1138162.76,0,56.09,3.767,192.826069,8.595,13-May-11,Not Holiday,Non-Holiday,590253.572
5,2011,9,13,539126,0,77.66,3.899,219.6041829,6.38,13-May-11,Not Holiday,Non-Holiday,245498.9668
5,2011,23,13,1254914.87,0,55.12,4.095,134.593,4.781,13-May-11,Not Holiday,Non-Holiday,932377.5159
5,2011,37,13,511871.63,0,76.73,3.899,214.6899778,8.3,13-May-11,Not Holiday,Non-Holiday,238423.6261
5,2011,43,13,684655.91,0,76.03,3.899,207.7281429,10.581,13-May-11,Not Holiday,Non-Holiday,329592.274
5,2011,3,13,386312.68,0,79.87,3.899,219.3683556,7.574,13-May-11,Not Holiday,Non-Holiday,176102.2819
5,2011,6,13,1453185.65,0,76.95,3.899,217.5247882,6.855,13-May-11,Not Holiday,Non-Holiday,668055.1959
5,2011,36,13,395316.65,0,76.73,3.92,214.6899778,8.3,13-May-11,Not Holiday,Non-Holiday,184133.7235
5,2011,21,13,754236.7,0,75.04,3.899,215.6124735,7.931,13-May-11,Not Holiday,Non-Holiday,349811.2552
5,2011,38,13,366977.79,0,70.93,4.202,129.089,13.736,13-May-11,Not Holiday,Non-Holiday,284282.7739
5,2011,42,13,603024.75,0,74.04,4.202,129.089,8.494,13-May-11,Not Holiday,Non-Holiday,467138.757
5,2011,42,20,524559.95,0,72.62,3.99,129.0756774,8.494,20-May-11,Not Holiday,Non-Holiday,406397.2087
5,2011,13,20,1860923.55,0,52.12,3.802,129.0756774,7.193,20-May-11,Not Holiday,Non-Holiday,1441730.609
5,2011,7,20,424670.98,0,36.16,3.828,192.831317,8.595,20-May-11,Not Holiday,Non-Holiday,220229.2587
5,2011,4,20,2015563.48,0,70.49,3.881,129.0756774,5.946,20-May-11,Not Holiday,Non-Holiday,1561536.24
5,2011,32,20,1145084.76,0,45.71,3.828,192.831317,8.595,20-May-11,Not Holiday,Non-Holiday,593827.1738
5,2011,21,20,744836.56,0,68.36,3.907,215.3834778,7.931,20-May-11,Not Holiday,Non-Holiday,345818.8008
5,2011,31,20,1387365.19,0,68.36,3.907,215.3834778,7.931,20-May-11,Not Holiday,Non-Holiday,644137.2403
5,2011,40,20,907110.83,0,56.38,4.101,134.6803871,4.781,20-May-11,Not Holiday,Non-Holiday,673528.5289
5,2011,37,20,533564.42,0,73.02,3.907,214.465412,8.3,20-May-11,Not Holiday,Non-Holiday,248788.0983
5,2011,38,20,365730.76,0,66.59,4.169,129.0756774,13.736,20-May-11,Not Holiday,Non-Holiday,283345.9931
5,2011,44,20,303559.23,0,52.12,3.802,129.0756774,6.906,20-May-11,Not Holiday,Non-Holiday,235179.2655
5,2011,16,20,435397.19,0,43.95,3.828,192.831317,6.339,20-May-11,Not Holiday,Non-Holiday,225791.7421
5,2011,20,20,1953416.06,0,59.01,4.062,208.7583165,7.287,20-May-11,Not Holiday,Non-Holiday,935730.8934
5,2011,45,20,727163.67,0,62.28,4.062,185.9661154,8.521,20-May-11,Not Holiday,Non-Holiday,391019.4437
5,2011,9,20,518266.9,0,70.49,3.907,219.3622809,6.38,20-May-11,Not Holiday,Non-Holiday,236260.7181
5,2011,25,20,677971.33,0,56.56,4.062,208.7583165,7.287,20-May-11,Not Holiday,Non-Holiday,324763.7466
5,2011,34,20,945018.83,0,61.47,3.881,129.0756774,10.581,20-May-11,Not Holiday,Non-Holiday,732143.2272
5,2011,43,20,648330.18,0,74.21,3.907,207.5200622,10.581,20-May-11,Not Holiday,Non-Holiday,312418.0733
5,2011,29,20,492932.51,0,58.56,4.101,134.6803871,9.966,20-May-11,Not Holiday,Non-Holiday,366001.7027
5,2011,30,20,435102.2,0,68.36,3.907,215.3834778,7.931,20-May-11,Not Holiday,Non-Holiday,202012.8027
5,2011,41,20,1244542.33,0,41.11,3.828,192.831317,6.934,20-May-11,Not Holiday,Non-Holiday,645404.6725
5,2011,3,20,364603.13,0,75.79,3.907,219.127216,7.574,20-May-11,Not Holiday,Non-Holiday,166388.7931
5,2011,26,20,938334.62,0,48.86,4.101,134.6803871,7.818,20-May-11,Not Holiday,Non-Holiday,696712.1496
5,2011,39,20,1373907.21,0,73.31,3.907,214.465412,8.3,20-May-11,Not Holiday,Non-Holiday,640619.4813
5,2011,36,20,376183.44,0,73.02,3.925,214.465412,8.3,20-May-11,Not Holiday,Non-Holiday,175405.1791
5,2011,35,20,776838.56,0,60.22,4.062,138.587106,8.512,20-May-11,Not Holiday,Non-Holiday,560541.7289
5,2011,8,20,836049.89,0,65.54,3.907,219.1746922,6.297,20-May-11,Not Holiday,Non-Holiday,381453.6622
5,2011,6,20,1382783.83,0,72.01,3.907,217.2896095,6.855,20-May-11,Not Holiday,Non-Holiday,636378.2572
5,2011,27,20,1725268.56,0,60.22,4.202,138.587106,7.725,20-May-11,Not Holiday,Non-Holiday,1244898.324
5,2011,28,20,1151282.31,0,66.59,4.169,129.0756774,13.736,20-May-11,Not Holiday,Non-Holiday,891943.6513
5,2011,24,20,1234281.7,0,59.84,4.202,134.6803871,8.212,20-May-11,Not Holiday,Non-Holiday,916452.4446
5,2011,12,20,924134.99,0,66.59,4.169,129.0756774,13.736,20-May-11,Not Holiday,Non-Holiday,715963.6956
5,2011,17,20,844443.35,0,51.93,3.802,129.0756774,6.774,20-May-11,Not Holiday,Non-Holiday,654223.4502
5,2011,18,20,994610.43,0,57.55,4.101,134.6803871,8.975,20-May-11,Not Holiday,Non-Holiday,738496.8602
5,2011,22,20,970307.83,0,58.56,4.101,138.587106,8.252,20-May-11,Not Holiday,Non-Holiday,700142.9339
5,2011,15,20,593941.9,0,57.19,4.202,134.6803871,7.658,20-May-11,Not Holiday,Non-Holiday,441001.0342
5,2011,19,20,1355234.3,0,52.8,4.202,134.6803871,7.658,20-May-11,Not Holiday,Non-Holiday,1006259.582
5,2011,2,20,1688281.86,0,67.14,3.907,215.3834778,7.931,20-May-11,Not Holiday,Non-Holiday,783849.2893
5,2011,11,20,1239466.97,0,76.97,3.907,219.127216,7.574,20-May-11,Not Holiday,Non-Holiday,565638.0767
5,2011,10,20,1720908.01,0,72.62,3.99,129.0756774,8.494,20-May-11,Not Holiday,Non-Holiday,1333255.068
5,2011,14,20,1959967.8,0,62.28,4.062,185.9661154,8.521,20-May-11,Not Holiday,Non-Holiday,1053938.13
5,2011,33,20,239206.26,0,76.07,3.99,129.0756774,8.687,20-May-11,Not Holiday,Non-Holiday,185322.4905
5,2011,1,20,1428218.27,0,67.63,3.907,215.7339202,7.682,20-May-11,Not Holiday,Non-Holiday,662027.6814
5,2011,23,20,1337617.55,0,56.67,4.101,134.6803871,4.781,20-May-11,Not Holiday,Non-Holiday,993179.1694
5,2011,5,20,299614.33,0,71.37,3.907,216.3023847,6.489,20-May-11,Not Holiday,Non-Holiday,138516.4248
5,2011,24,27,1311153.72,0,65.74,4.134,134.7677742,8.212,27-May-11,Not Holiday,Non-Holiday,972898.5492
5,2011,2,27,1797732.56,0,76.42,3.786,215.1544822,7.931,27-May-11,Not Holiday,Non-Holiday,835554.315
5,2011,5,27,297149.69,0,80.14,3.786,216.0704083,6.489,27-May-11,Not Holiday,Non-Holiday,137524.4729
5,2011,29,27,550735.64,0,62.59,4.034,134.7677742,9.966,27-May-11,Not Holiday,Non-Holiday,408655.2911
5,2011,41,27,1278304.33,0,50.56,3.795,192.8365651,6.934,27-May-11,Not Holiday,Non-Holiday,662895.198
5,2011,20,27,1944433.17,0,69.12,3.985,208.556714,7.287,27-May-11,Not Holiday,Non-Holiday,932328.2539
5,2011,40,27,972373.81,0,63.11,4.034,134.7677742,4.781,27-May-11,Not Holiday,Non-Holiday,721518.0452
5,2011,26,27,996723.58,0,56.74,4.034,134.7677742,7.818,27-May-11,Not Holiday,Non-Holiday,739585.9922
5,2011,11,27,1216876.52,0,85.61,3.786,218.8860765,7.574,27-May-11,Not Holiday,Non-Holiday,555940.5785
5,2011,7,27,457216.87,0,37.51,3.795,192.8365651,8.595,27-May-11,Not Holiday,Non-Holiday,237100.7126
5,2011,32,27,1175447.49,0,55.13,3.795,192.8365651,8.595,27-May-11,Not Holiday,Non-Holiday,609556.3305
5,2011,17,27,892056.64,0,51.04,3.778,129.0623548,6.774,27-May-11,Not Holiday,Non-Holiday,691182.6778
5,2011,35,27,850708.6,0,66.43,3.985,138.6782834,8.512,27-May-11,Not Holiday,Non-Holiday,613440.3882
5,2011,14,27,2080694.24,0,69.7,3.985,185.8603077,8.521,27-May-11,Not Holiday,Non-Holiday,1119493.595
5,2011,9,27,553834.04,0,80.42,3.786,219.1203788,6.38,27-May-11,Not Holiday,Non-Holiday,252753.3236
5,2011,44,27,308442.49,0,54.62,3.778,129.0623548,6.906,27-May-11,Not Holiday,Non-Holiday,238987.1861
5,2011,25,27,718373.94,0,67.18,3.985,208.556714,7.287,27-May-11,Not Holiday,Non-Holiday,344450.1624
5,2011,21,27,744389.81,0,76.86,3.786,215.1544822,7.931,27-May-11,Not Holiday,Non-Holiday,345979.225
5,2011,36,27,348655.2,0,81.28,3.786,214.2408462,8.3,27-May-11,Not Holiday,Non-Holiday,162739.8352
5,2011,18,27,1065214.14,0,64.6,4.034,134.7677742,8.975,27-May-11,Not Holiday,Non-Holiday,790407.1625
5,2011,27,27,1820723.17,0,66.43,4.134,138.6782834,7.725,27-May-11,Not Holiday,Non-Holiday,1312911.528
5,2011,12,27,964332.51,0,76.67,4.087,129.0623548,13.736,27-May-11,Not Holiday,Non-Holiday,747183.4149
5,2011,23,27,1361945.18,0,63.27,4.034,134.7677742,4.781,27-May-11,Not Holiday,Non-Holiday,1010586.684
5,2011,19,27,1388553.11,0,63.2,4.134,134.7677742,7.658,27-May-11,Not Holiday,Non-Holiday,1030330.224
5,2011,10,27,1743000.38,0,78.62,3.933,129.0623548,8.494,27-May-11,Not Holiday,Non-Holiday,1350510.288
5,2011,8,27,857939.41,0,73.14,3.786,218.9333986,6.297,27-May-11,Not Holiday,Non-Holiday,391872.3299
5,2011,33,27,239431.85,0,82.32,3.933,129.0623548,8.687,27-May-11,Not Holiday,Non-Holiday,185516.4121
5,2011,1,27,1466046.67,0,77.72,3.786,215.5037878,7.682,27-May-11,Not Holiday,Non-Holiday,680288.1216
5,2011,3,27,369350.6,0,84.41,3.786,218.8860765,7.574,27-May-11,Not Holiday,Non-Holiday,168741.0209
5,2011,13,27,1866369.93,0,54.62,3.778,129.0623548,7.193,27-May-11,Not Holiday,Non-Holiday,1446099.394
5,2011,4,27,1986597.95,0,73.65,3.771,129.0623548,5.946,27-May-11,Not Holiday,Non-Holiday,1539254.381
5,2011,31,27,1342273.64,0,76.86,3.786,215.1544822,7.931,27-May-11,Not Holiday,Non-Holiday,623865.0602
5,2011,6,27,1523979.11,0,80.83,3.786,217.0544307,6.855,27-May-11,Not Holiday,Non-Holiday,702118.4065
5,2011,42,27,503295.29,0,78.62,3.933,129.0623548,8.494,27-May-11,Not Holiday,Non-Holiday,389962.891
5,2011,39,27,1406124.14,0,82.1,3.786,214.2408462,8.3,27-May-11,Not Holiday,Non-Holiday,656328.6903
5,2011,45,27,817653.25,0,69.7,3.985,185.8603077,8.521,27-May-11,Not Holiday,Non-Holiday,439928.923
5,2011,22,27,1021568.34,0,62.59,4.034,138.6782834,8.252,27-May-11,Not Holiday,Non-Holiday,736646.2253
5,2011,16,27,444718.68,0,45.17,3.795,192.8365651,6.339,27-May-11,Not Holiday,Non-Holiday,230619.4781
5,2011,28,27,1160043.98,0,76.67,4.087,129.0623548,13.736,27-May-11,Not Holiday,Non-Holiday,898824.434
5,2011,43,27,578209.63,0,80.89,3.786,207.3119816,10.581,27-May-11,Not Holiday,Non-Holiday,278907.9654
5,2011,34,27,941311.83,0,65.99,3.771,129.0623548,10.581,27-May-11,Not Holiday,Non-Holiday,729346.5484
5,2011,30,27,429305.82,0,76.86,3.786,215.1544822,7.931,27-May-11,Not Holiday,Non-Holiday,199533.7562
5,2011,38,27,356886.1,0,76.67,4.087,129.0623548,13.736,27-May-11,Not Holiday,Non-Holiday,276522.2288
5,2011,37,27,507086.75,0,81.28,3.786,214.2408462,8.3,27-May-11,Not Holiday,Non-Holiday,236690.0425
5,2011,15,27,636193.24,0,65.87,4.134,134.7677742,7.658,27-May-11,Not Holiday,Non-Holiday,472066.2961
6,2011,28,3,1403779.25,0,71.81,4.031,129.0490323,13.736,3-Jun-11,Not Holiday,Non-Holiday,1087787.506
6,2011,18,3,1178039,0,70.9,3.973,134.8551613,8.975,3-Jun-11,Not Holiday,Non-Holiday,873558.7045
6,2011,39,3,1541745.59,0,83.59,3.699,214.0162805,8.3,3-Jun-11,Not Holiday,Non-Holiday,720387.0595
6,2011,9,3,587004.29,0,85.8,3.699,218.8784768,6.38,3-Jun-11,Not Holiday,Non-Holiday,268187.3058
6,2011,3,3,394507.84,0,84.29,3.699,218.6449369,7.574,3-Jun-11,Not Holiday,Non-Holiday,180433.1011
6,2011,45,3,877423.45,0,76.38,3.922,185.7545,8.521,3-Jun-11,Not Holiday,Non-Holiday,472356.4974
6,2011,1,3,1635078.41,0,83,3.699,215.2736553,7.682,3-Jun-11,Not Holiday,Non-Holiday,759534.8384
6,2011,44,3,308950.04,0,52.76,3.752,129.0490323,6.906,3-Jun-11,Not Holiday,Non-Holiday,239405.1583
6,2011,37,3,500381.23,0,82.96,3.699,214.0162805,8.3,3-Jun-11,Not Holiday,Non-Holiday,233805.2174
6,2011,7,3,542295.37,0,45.77,3.763,192.8418131,8.595,3-Jun-11,Not Holiday,Non-Holiday,281212.5448
6,2011,38,3,396826.06,0,71.81,4.031,129.0490323,13.736,3-Jun-11,Not Holiday,Non-Holiday,307500.2214
6,2011,42,3,545109.3,0,81.87,3.893,129.0490323,8.494,3-Jun-11,Not Holiday,Non-Holiday,422404.7947
6,2011,14,3,2079899.47,0,76.38,3.922,185.7545,8.521,3-Jun-11,Not Holiday,Non-Holiday,1119703.41
6,2011,43,3,630972.15,0,83.49,3.699,207.1039009,10.581,3-Jun-11,Not Holiday,Non-Holiday,304664.5414
6,2011,19,3,1457345.75,0,66.01,4.069,134.8551613,7.658,3-Jun-11,Not Holiday,Non-Holiday,1080674.804
6,2011,13,3,1935593.87,0,52.76,3.752,129.0490323,7.193,3-Jun-11,Not Holiday,Non-Holiday,1499890.263
6,2011,31,3,1430348.1,0,83.82,3.699,214.9254865,7.931,3-Jun-11,Not Holiday,Non-Holiday,665508.8344
6,2011,6,3,1705506.29,0,84.01,3.699,216.819252,6.855,3-Jun-11,Not Holiday,Non-Holiday,786602.7921
6,2011,23,3,1562161.97,0,67.21,3.973,134.8551613,4.781,3-Jun-11,Not Holiday,Non-Holiday,1158399.838
6,2011,16,3,531080.31,0,54.08,3.763,192.8418131,6.339,3-Jun-11,Not Holiday,Non-Holiday,275396.8662
6,2011,34,3,947229.24,0,74.64,3.683,129.0490323,10.581,3-Jun-11,Not Holiday,Non-Holiday,734007.2398
6,2011,30,3,432808.48,0,83.82,3.699,214.9254865,7.931,3-Jun-11,Not Holiday,Non-Holiday,201376.0616
6,2011,15,3,695396.19,0,69.8,4.069,134.8551613,7.658,3-Jun-11,Not Holiday,Non-Holiday,515661.5315
6,2011,25,3,737551.74,0,70.69,3.922,208.3551116,7.287,3-Jun-11,Not Holiday,Non-Holiday,353987.8308
6,2011,32,3,1167757,0,61.25,3.763,192.8418131,8.595,3-Jun-11,Not Holiday,Non-Holiday,605551.7635
6,2011,12,3,970328.68,0,71.81,4.031,129.0490323,13.736,3-Jun-11,Not Holiday,Non-Holiday,751906.9788
6,2011,40,3,1075687.74,0,66.16,3.973,134.8551613,4.781,3-Jun-11,Not Holiday,Non-Holiday,797661.5278
6,2011,10,3,1792210.89,0,81.87,3.893,129.0490323,8.494,3-Jun-11,Not Holiday,Non-Holiday,1388782.898
6,2011,21,3,773878.58,0,83.82,3.699,214.9254865,7.931,3-Jun-11,Not Holiday,Non-Holiday,360068.316
6,2011,8,3,929222.16,0,82.05,3.699,218.6921051,6.297,3-Jun-11,Not Holiday,Non-Holiday,424899.7281
6,2011,24,3,1554837.62,0,73.12,4.069,134.8551613,8.212,3-Jun-11,Not Holiday,Non-Holiday,1152968.566
6,2011,4,3,2065377.15,0,78.26,3.683,129.0490323,5.946,3-Jun-11,Not Holiday,Non-Holiday,1600459.231
6,2011,5,3,329183.92,0,83.81,3.699,215.8384319,6.489,3-Jun-11,Not Holiday,Non-Holiday,152514.0435
6,2011,29,3,598251.57,0,70.09,3.973,134.8551613,9.966,3-Jun-11,Not Holiday,Non-Holiday,443625.2675
6,2011,41,3,1297584.95,0,54.81,3.763,192.8418131,6.934,3-Jun-11,Not Holiday,Non-Holiday,672875.3112
6,2011,20,3,2182246.69,0,73.51,3.922,208.3551116,7.287,3-Jun-11,Not Holiday,Non-Holiday,1047368.924
6,2011,2,3,1933756.21,0,83.07,3.699,214.9254865,7.931,3-Jun-11,Not Holiday,Non-Holiday,899733.3176
6,2011,26,3,1054454.4,0,60.49,3.973,134.8551613,7.818,3-Jun-11,Not Holiday,Non-Holiday,781916.235
6,2011,11,3,1343637,0,86.14,3.699,218.6449369,7.574,3-Jun-11,Not Holiday,Non-Holiday,614529.2084
6,2011,27,3,2053708.01,0,74.17,4.069,138.7694608,7.725,3-Jun-11,Not Holiday,Non-Holiday,1479942.343
6,2011,36,3,373703.95,0,82.96,3.69,214.0162805,8.3,3-Jun-11,Not Holiday,Non-Holiday,174614.7298
6,2011,17,3,895020.48,0,49.61,3.752,129.0490323,6.774,3-Jun-11,Not Holiday,Non-Holiday,693550.7102
6,2011,35,3,955466.84,0,74.17,3.922,138.7694608,8.512,3-Jun-11,Not Holiday,Non-Holiday,688528.178
6,2011,22,3,1125169.92,0,70.09,3.973,138.7694608,8.252,3-Jun-11,Not Holiday,Non-Holiday,810819.5517
6,2011,33,3,243477.03,0,82.93,3.893,129.0490323,8.687,3-Jun-11,Not Holiday,Non-Holiday,188670.1711
6,2011,6,10,1598643.65,0,84.49,3.648,216.5840732,6.855,10-Jun-11,Not Holiday,Non-Holiday,738116.9014
6,2011,34,10,943912.77,0,74.57,3.64,129.0357097,10.581,10-Jun-11,Not Holiday,Non-Holiday,731512.8287
6,2011,40,10,984336.04,0,64.19,3.924,134.9425484,4.781,10-Jun-11,Not Holiday,Non-Holiday,729448.2368
6,2011,29,10,558431.44,0,69.53,3.924,134.9425484,9.966,10-Jun-11,Not Holiday,Non-Holiday,413829.0307
6,2011,17,10,881190.46,0,54.57,3.732,129.0357097,6.774,10-Jun-11,Not Holiday,Non-Holiday,682904.3387
6,2011,12,10,996937.95,0,78.72,3.981,129.0357097,13.736,10-Jun-11,Not Holiday,Non-Holiday,772606.2439
6,2011,43,10,643041.71,0,85.81,3.648,206.8958203,10.581,10-Jun-11,Not Holiday,Non-Holiday,310804.5919
6,2011,23,10,1447028.06,0,65.23,3.924,134.9425484,4.781,10-Jun-11,Not Holiday,Non-Holiday,1072328.985
6,2011,44,10,308770.42,0,61.39,3.732,129.0357097,6.906,10-Jun-11,Not Holiday,Non-Holiday,239290.6744
6,2011,14,10,2132446,0,73.88,3.881,185.6486923,8.521,10-Jun-11,Not Holiday,Non-Holiday,1148645.85
6,2011,33,10,258427.39,0,87.02,3.981,129.0357097,8.687,10-Jun-11,Not Holiday,Non-Holiday,200275.8698
6,2011,19,10,1467473.63,0,68.26,4.025,134.9425484,7.658,10-Jun-11,Not Holiday,Non-Holiday,1087480.3
6,2011,26,10,1094058.68,0,59.85,3.924,134.9425484,7.818,10-Jun-11,Not Holiday,Non-Holiday,810758.8696
6,2011,27,10,1817914.71,0,73.26,4.025,138.8606382,7.725,10-Jun-11,Not Holiday,Non-Holiday,1309164.882
6,2011,2,10,1929153.16,0,83.4,3.648,214.6964908,7.931,10-Jun-11,Not Holiday,Non-Holiday,898548.9948
6,2011,1,10,1588948.32,0,83.13,3.648,215.0435229,7.682,10-Jun-11,Not Holiday,Non-Holiday,738896.1539
6,2011,15,10,642679.81,0,69.86,4.025,134.9425484,7.658,10-Jun-11,Not Holiday,Non-Holiday,476261.8
6,2011,8,10,897309.41,0,82.21,3.648,218.4508115,6.297,10-Jun-11,Not Holiday,Non-Holiday,410760.3922
6,2011,38,10,381763.02,0,78.72,3.981,129.0357097,13.736,10-Jun-11,Not Holiday,Non-Holiday,295858.4262
6,2011,42,10,616701.99,0,84.57,3.981,129.0357097,8.494,10-Jun-11,Not Holiday,Non-Holiday,477931.2575
6,2011,21,10,794397.89,0,84.71,3.648,214.6964908,7.931,10-Jun-11,Not Holiday,Non-Holiday,370009.7226
6,2011,4,10,2073951.38,0,80.05,3.64,129.0357097,5.946,10-Jun-11,Not Holiday,Non-Holiday,1607269.325
6,2011,36,10,374182.04,0,82.41,3.633,213.7917147,8.3,10-Jun-11,Not Holiday,Non-Holiday,175021.7685
6,2011,10,10,1740063.1,0,84.57,3.981,129.0357097,8.494,10-Jun-11,Not Holiday,Non-Holiday,1348512.83
6,2011,31,10,1425299.37,0,84.71,3.648,214.6964908,7.931,10-Jun-11,Not Holiday,Non-Holiday,663867.1013
6,2011,20,10,2135062.04,0,73.64,3.881,208.1535092,7.287,10-Jun-11,Not Holiday,Non-Holiday,1025715.131
6,2011,16,10,600952.06,0,55.78,3.735,192.8470612,6.339,10-Jun-11,Not Holiday,Non-Holiday,311621.0619
6,2011,13,10,1997816.98,0,61.39,3.732,129.0357097,7.193,10-Jun-11,Not Holiday,Non-Holiday,1548266.743
6,2011,30,10,424697.05,0,84.71,3.648,214.6964908,7.931,10-Jun-11,Not Holiday,Non-Holiday,197812.7581
6,2011,45,10,814395.17,0,73.88,3.881,185.6486923,8.521,10-Jun-11,Not Holiday,Non-Holiday,438675.4143
6,2011,18,10,1044079.2,0,69.49,3.924,134.9425484,8.975,10-Jun-11,Not Holiday,Non-Holiday,773721.2706
6,2011,28,10,1339972.83,0,78.72,3.981,129.0357097,13.736,10-Jun-11,Not Holiday,Non-Holiday,1038451.164
6,2011,7,10,621099.95,0,53.3,3.735,192.8470612,8.595,10-Jun-11,Not Holiday,Non-Holiday,322068.6621
6,2011,3,10,391638.75,0,84.84,3.648,218.4037974,7.574,10-Jun-11,Not Holiday,Non-Holiday,179318.6541
6,2011,39,10,1442092.08,0,82.75,3.648,213.7917147,8.3,10-Jun-11,Not Holiday,Non-Holiday,674531.3222
6,2011,37,10,509647.25,0,82.41,3.648,213.7917147,8.3,10-Jun-11,Not Holiday,Non-Holiday,238384.9396
6,2011,35,10,855130.21,0,73.26,3.881,138.8606382,8.512,10-Jun-11,Not Holiday,Non-Holiday,615819.0118
6,2011,11,10,1314626.75,0,85.79,3.648,218.4037974,7.574,10-Jun-11,Not Holiday,Non-Holiday,601924.8592
6,2011,41,10,1311690.11,0,61.1,3.735,192.8470612,6.934,10-Jun-11,Not Holiday,Non-Holiday,680171.1687
6,2011,9,10,550076.32,0,85.81,3.648,218.6365747,6.38,10-Jun-11,Not Holiday,Non-Holiday,251593.916
6,2011,5,10,304984.14,0,83.61,3.648,215.6064555,6.489,10-Jun-11,Not Holiday,Non-Holiday,141454.0855
6,2011,24,10,1373841.91,0,70.02,4.025,134.9425484,8.212,10-Jun-11,Not Holiday,Non-Holiday,1018093.942
6,2011,32,10,1239741.34,0,65.49,3.735,192.8470612,8.595,10-Jun-11,Not Holiday,Non-Holiday,642862.4488
6,2011,22,10,1060868.49,0,69.53,3.924,138.8606382,8.252,10-Jun-11,Not Holiday,Non-Holiday,763980.7103
6,2011,25,10,740259.63,0,71.45,3.881,208.1535092,7.287,10-Jun-11,Not Holiday,Non-Holiday,355631.5879
6,2011,37,17,525132.36,0,84.43,3.637,213.7481256,8.3,17-Jun-11,Not Holiday,Non-Holiday,245678.1123
6,2011,32,17,1192031.38,0,67.38,3.697,192.9034759,8.595,17-Jun-11,Not Holiday,Non-Holiday,617941.8875
6,2011,43,17,665781.74,0,88.49,3.637,206.8560238,10.581,17-Jun-11,Not Holiday,Non-Holiday,321857.5547
6,2011,25,17,717373.43,0,63.58,3.842,208.1265604,7.287,17-Jun-11,Not Holiday,Non-Holiday,344681.3461
6,2011,40,17,971422.67,0,59.16,3.873,135.0837333,4.781,17-Jun-11,Not Holiday,Non-Holiday,719126.3124
6,2011,26,17,981646.46,0,54.5,3.873,135.0837333,7.818,17-Jun-11,Not Holiday,Non-Holiday,726694.7959
6,2011,45,17,811153.67,0,69.32,3.842,185.6719333,8.521,17-Jun-11,Not Holiday,Non-Holiday,436874.683
6,2011,36,17,394645.25,0,84.43,3.599,213.7481256,8.3,17-Jun-11,Not Holiday,Non-Holiday,184630.9758
6,2011,42,17,546675.65,0,87.96,3.935,129.0432,8.494,17-Jun-11,Not Holiday,Non-Holiday,423637.7043
6,2011,38,17,356797,0,86.84,3.935,129.0432,13.736,17-Jun-11,Not Holiday,Non-Holiday,276494.2283
6,2011,44,17,300255.87,0,63.35,3.704,129.0432,6.906,17-Jun-11,Not Holiday,Non-Holiday,232678.5681
6,2011,27,17,1814740.09,0,67.03,3.989,139.0028333,7.725,17-Jun-11,Not Holiday,Non-Holiday,1305541.799
6,2011,34,17,968258.09,0,76.58,3.618,129.0432,10.581,17-Jun-11,Not Holiday,Non-Holiday,750336.3912
6,2011,30,17,435481.03,0,87.54,3.637,214.6513538,7.931,17-Jun-11,Not Holiday,Non-Holiday,202878.3058
6,2011,24,17,1320359.23,0,64.34,3.989,135.0837333,8.212,17-Jun-11,Not Holiday,Non-Holiday,977437.6216
6,2011,41,17,1289151.84,0,62.3,3.697,192.9034759,6.934,17-Jun-11,Not Holiday,Non-Holiday,668288.549
6,2011,29,17,536914.17,0,63.97,3.873,135.0837333,9.966,17-Jun-11,Not Holiday,Non-Holiday,397467.672
6,2011,35,17,828594.86,0,67.03,3.842,139.0028333,8.512,17-Jun-11,Not Holiday,Non-Holiday,596099.2595
6,2011,39,17,1451392.67,0,85.21,3.637,213.7481256,8.3,17-Jun-11,Not Holiday,Non-Holiday,679020.069
6,2011,28,17,1268503.49,0,86.84,3.935,129.0432,13.736,17-Jun-11,Not Holiday,Non-Holiday,983006.8458
6,2011,31,17,1491039.14,0,87.54,3.637,214.6513538,7.931,17-Jun-11,Not Holiday,Non-Holiday,694633.0007
6,2011,33,17,238172.66,0,91.11,3.935,129.0432,8.687,17-Jun-11,Not Holiday,Non-Holiday,184568.1601
6,2011,23,17,1470520.83,0,61.06,3.873,135.0837333,4.781,17-Jun-11,Not Holiday,Non-Holiday,1088599.489
6,2011,17,17,894686.67,0,56.61,3.704,129.0432,6.774,17-Jun-11,Not Holiday,Non-Holiday,693323.3754
6,2011,21,17,823220.43,0,87.54,3.637,214.6513538,7.931,17-Jun-11,Not Holiday,Non-Holiday,383515.1353
6,2011,8,17,922048.41,0,84.73,3.637,218.4021448,6.297,17-Jun-11,Not Holiday,Non-Holiday,422179.1919
6,2011,12,17,986504.93,0,86.84,3.935,129.0432,13.736,17-Jun-11,Not Holiday,Non-Holiday,764476.4931
6,2011,10,17,1817934.76,0,87.96,3.935,129.0432,8.494,17-Jun-11,Not Holiday,Non-Holiday,1408779.974
6,2011,20,17,2065191.27,0,66.41,3.842,208.1265604,7.287,17-Jun-11,Not Holiday,Non-Holiday,992276.6542
6,2011,13,17,2086433.49,0,63.35,3.704,129.0432,7.193,17-Jun-11,Not Holiday,Non-Holiday,1616848.846
6,2011,7,17,610991.35,0,48.79,3.697,192.9034759,8.595,17-Jun-11,Not Holiday,Non-Holiday,316734.2357
6,2011,18,17,1045859.39,0,63.23,3.873,135.0837333,8.975,17-Jun-11,Not Holiday,Non-Holiday,774230.4454
6,2011,3,17,403423.34,0,86.96,3.637,218.3551748,7.574,17-Jun-11,Not Holiday,Non-Holiday,184755.5664
6,2011,6,17,1622150.33,0,87.08,3.637,216.5371616,6.855,17-Jun-11,Not Holiday,Non-Holiday,749132.536
6,2011,19,17,1418973.62,0,64.02,3.989,135.0837333,7.658,17-Jun-11,Not Holiday,Non-Holiday,1050440.038
6,2011,4,17,2141210.62,0,83.51,3.618,129.0432,5.946,17-Jun-11,Not Holiday,Non-Holiday,1659297.522
6,2011,11,17,1337506.74,0,87.9,3.637,218.3551748,7.574,17-Jun-11,Not Holiday,Non-Holiday,612537.2303
6,2011,5,17,304811.82,0,86.84,3.637,215.560463,6.489,17-Jun-11,Not Holiday,Non-Holiday,141404.3261
6,2011,15,17,639928.85,0,63.9,3.989,135.0837333,7.658,17-Jun-11,Not Holiday,Non-Holiday,473727.5424
6,2011,2,17,1953771.99,0,86.53,3.637,214.6513538,7.931,17-Jun-11,Not Holiday,Non-Holiday,910207.1594
6,2011,1,17,1532114.86,0,86.41,3.637,214.9980596,7.682,17-Jun-11,Not Holiday,Non-Holiday,712617.9943
6,2011,16,17,581546.23,0,58.34,3.697,192.9034759,6.339,17-Jun-11,Not Holiday,Non-Holiday,301470.0628
6,2011,9,17,558671.14,0,89.15,3.637,218.5877333,6.38,17-Jun-11,Not Holiday,Non-Holiday,255582.1096
6,2011,22,17,1042454.61,0,63.97,3.873,139.0028333,8.252,17-Jun-11,Not Holiday,Non-Holiday,749952.0587
6,2011,14,17,2082083.34,0,69.32,3.842,185.6719333,8.521,17-Jun-11,Not Holiday,Non-Holiday,1121377.53
6,2011,14,24,2069523.52,0,74.85,3.804,185.7919609,8.521,24-Jun-11,Not Holiday,Non-Holiday,1113892.932
6,2011,25,24,699270.1,0,70.71,3.804,208.2306018,7.287,24-Jun-11,Not Holiday,Non-Holiday,335815.2423
6,2011,42,24,501780.66,0,90.69,3.807,129.0663,8.494,24-Jun-11,Not Holiday,Non-Holiday,388777.4423
6,2011,45,24,762861.78,0,74.85,3.804,185.7919609,8.521,24-Jun-11,Not Holiday,Non-Holiday,410599.9938
6,2011,28,24,1208809.34,0,88.95,3.898,129.0663,13.736,24-Jun-11,Not Holiday,Non-Holiday,936580.1452
6,2011,1,24,1438830.15,0,83.58,3.594,215.0910982,7.682,24-Jun-11,Not Holiday,Non-Holiday,668939.8874
6,2011,21,24,771298.98,0,85.72,3.594,214.7441108,7.931,24-Jun-11,Not Holiday,Non-Holiday,359171.1908
6,2011,32,24,1163869.52,0,65.06,3.661,192.9982655,8.595,24-Jun-11,Not Holiday,Non-Holiday,603046.6217
6,2011,4,24,2008344.92,0,81.85,3.57,129.0663,5.946,24-Jun-11,Not Holiday,Non-Holiday,1556056.786
6,2011,36,24,360009.94,0,83.95,3.569,213.8402689,8.3,24-Jun-11,Not Holiday,Non-Holiday,168354.605
6,2011,35,24,849397.57,0,72.02,3.804,139.1832917,8.512,24-Jun-11,Not Holiday,Non-Holiday,610272.6553
6,2011,33,24,238433.53,0,94.11,3.807,129.0663,8.687,24-Jun-11,Not Holiday,Non-Holiday,184737.2474
6,2011,16,24,569105.03,0,54.36,3.661,192.9982655,6.339,24-Jun-11,Not Holiday,Non-Holiday,294875.7226
6,2011,30,24,422715.74,0,85.72,3.594,214.7441108,7.931,24-Jun-11,Not Holiday,Non-Holiday,196846.255
6,2011,41,24,1244381.98,0,59.54,3.661,192.9982655,6.934,24-Jun-11,Not Holiday,Non-Holiday,644763.2971
6,2011,5,24,302881.64,0,84.76,3.594,215.6539583,6.489,24-Jun-11,Not Holiday,Non-Holiday,140447.9855
6,2011,44,24,296765.59,0,66.38,3.668,129.0663,6.906,24-Jun-11,Not Holiday,Non-Holiday,229932.6703
6,2011,2,24,1790925.8,0,85.17,3.594,214.7441108,7.931,24-Jun-11,Not Holiday,Non-Holiday,833981.334
6,2011,24,24,1304850.67,0,68.88,3.964,135.2652667,8.212,24-Jun-11,Not Holiday,Non-Holiday,964660.5532
6,2011,22,24,1012584.2,0,68.53,3.851,139.1832917,8.252,24-Jun-11,Not Holiday,Non-Holiday,727518.5029
6,2011,27,24,1811455.15,0,72.02,3.964,139.1832917,7.725,24-Jun-11,Not Holiday,Non-Holiday,1301488.942
6,2011,19,24,1440785.7,0,68.4,3.964,135.2652667,7.658,24-Jun-11,Not Holiday,Non-Holiday,1065155.701
6,2011,10,24,1711813.13,0,90.69,3.807,129.0663,8.494,24-Jun-11,Not Holiday,Non-Holiday,1326305.263
6,2011,7,24,640043.97,0,46.85,3.661,192.9982655,8.595,24-Jun-11,Not Holiday,Non-Holiday,331631.9804
6,2011,39,24,1363167.95,0,84.06,3.594,213.8402689,8.3,24-Jun-11,Not Holiday,Non-Holiday,637470.1814
6,2011,29,24,545368.17,0,68.53,3.851,135.2652667,9.966,24-Jun-11,Not Holiday,Non-Holiday,403184.1901
6,2011,38,24,354078.95,0,88.95,3.898,129.0663,13.736,24-Jun-11,Not Holiday,Non-Holiday,274338.8088
6,2011,8,24,864881.24,0,83.94,3.594,218.4979481,6.297,24-Jun-11,Not Holiday,Non-Holiday,395830.3716
6,2011,11,24,1254587.84,0,86.13,3.594,218.45094,7.574,24-Jun-11,Not Holiday,Non-Holiday,574311.0284
6,2011,23,24,1434036.18,0,63.8,3.851,135.2652667,4.781,24-Jun-11,Not Holiday,Non-Holiday,1060165.861
6,2011,18,24,1056478.65,0,67.41,3.851,135.2652667,8.975,24-Jun-11,Not Holiday,Non-Holiday,781042.0781
6,2011,13,24,2009163.08,0,66.38,3.668,129.0663,7.193,24-Jun-11,Not Holiday,Non-Holiday,1556690.693
6,2011,3,24,385520.71,0,84.94,3.594,218.45094,7.574,24-Jun-11,Not Holiday,Non-Holiday,176479.3093
6,2011,12,24,997282.75,0,88.95,3.898,129.0663,13.736,24-Jun-11,Not Holiday,Non-Holiday,772690.2762
6,2011,17,24,920719.98,0,60.99,3.668,129.0663,6.774,24-Jun-11,Not Holiday,Non-Holiday,713369.7797
6,2011,26,24,997474.93,0,56.94,3.851,135.2652667,7.818,24-Jun-11,Not Holiday,Non-Holiday,737421.3309
6,2011,43,24,604925.08,0,88.3,3.594,206.9424405,10.581,24-Jun-11,Not Holiday,Non-Holiday,292315.621
6,2011,20,24,1950826.32,0,72.4,3.804,208.2306018,7.287,24-Jun-11,Not Holiday,Non-Holiday,936858.6092
6,2011,6,24,1543365.9,0,85.51,3.594,216.6314502,6.855,24-Jun-11,Not Holiday,Non-Holiday,712438.5211
6,2011,31,24,1375962.46,0,85.72,3.594,214.7441108,7.931,24-Jun-11,Not Holiday,Non-Holiday,640745.1431
6,2011,15,24,656594.95,0,69.96,3.964,135.2652667,7.658,24-Jun-11,Not Holiday,Non-Holiday,485412.8233
6,2011,40,24,977103.64,0,62.59,3.851,135.2652667,4.781,24-Jun-11,Not Holiday,Non-Holiday,722361.079
6,2011,37,24,509276.22,0,83.95,3.594,213.8402689,8.3,24-Jun-11,Not Holiday,Non-Holiday,238157.3043
6,2011,9,24,538745.93,0,86.74,3.594,218.6836874,6.38,24-Jun-11,Not Holiday,Non-Holiday,246358.5357
6,2011,34,24,923795.04,0,77.16,3.57,129.0663,10.581,24-Jun-11,Not Holiday,Non-Holiday,715752.3226
8,2011,29,5,503486.37,0,75.33,3.903,136.0540323,9.863,5-Aug-11,Not Holiday,Non-Holiday,370063.5413
8,2011,34,5,942236.45,0,76.71,3.662,129.1846452,10.641,5-Aug-11,Not Holiday,Non-Holiday,729371.8604
8,2011,42,5,572603.33,0,89.8,3.803,129.1846452,8.257,5-Aug-11,Not Holiday,Non-Holiday,443244.1093
8,2011,32,5,1201694.14,0,74.83,3.554,193.9110133,8.622,5-Aug-11,Not Holiday,Non-Holiday,619714.2285
8,2011,9,5,554879.67,0,91.52,3.684,219.1349201,6.404,5-Aug-11,Not Holiday,Non-Holiday,253213.7141
8,2011,3,5,409981.25,0,88.45,3.684,218.9023209,7.567,5-Aug-11,Not Holiday,Non-Holiday,187289.5857
8,2011,17,5,866184.92,0,65.71,3.595,129.1846452,6.745,5-Aug-11,Not Holiday,Non-Holiday,670501.4506
8,2011,43,5,605956.59,0,87.47,3.684,207.3732949,10.641,5-Aug-11,Not Holiday,Non-Holiday,292205.701
8,2011,12,5,988712.52,0,90.61,3.803,129.1846452,13.503,5-Aug-11,Not Holiday,Non-Holiday,765348.3264
8,2011,45,5,765996.92,0,78.22,3.842,186.3734038,8.625,5-Aug-11,Not Holiday,Non-Holiday,411001.1967
8,2011,31,5,1428993.33,0,94.22,3.684,215.1978515,7.852,5-Aug-11,Not Holiday,Non-Holiday,664036.9874
8,2011,15,5,607961.21,0,73.63,4.02,136.0540323,7.806,5-Aug-11,Not Holiday,Non-Holiday,446852.7685
8,2011,20,5,2189353.63,0,77.8,3.842,208.719238,7.274,5-Aug-11,Not Holiday,Non-Holiday,1048946.734
8,2011,6,5,1601584.57,0,91.46,3.684,217.0839894,6.925,5-Aug-11,Not Holiday,Non-Holiday,737771.8525
8,2011,40,5,1063818.2,0,68.1,3.903,136.0540323,4.584,5-Aug-11,Not Holiday,Non-Holiday,781908.6153
8,2011,14,5,2066020.69,0,78.22,3.842,186.3734038,8.625,5-Aug-11,Not Holiday,Non-Holiday,1108538.369
8,2011,26,5,1107552.43,0,63.16,3.903,136.0540323,7.767,5-Aug-11,Not Holiday,Non-Holiday,814053.3664
8,2011,23,5,1416344.68,0,69.53,3.903,136.0540323,4.584,5-Aug-11,Not Holiday,Non-Holiday,1041016.32
8,2011,25,5,679706.01,0,74,3.842,208.719238,7.274,5-Aug-11,Not Holiday,Non-Holiday,325655.659
8,2011,11,5,1403198.94,0,90.04,3.684,218.9023209,7.567,5-Aug-11,Not Holiday,Non-Holiday,641016.0177
8,2011,5,5,317738.56,0,91.07,3.684,216.1071198,6.529,5-Aug-11,Not Holiday,Non-Holiday,147028.2702
8,2011,19,5,1408968.55,0,73.84,4.02,136.0540323,7.806,5-Aug-11,Not Holiday,Non-Holiday,1035594.849
8,2011,21,5,783614.89,0,94.22,3.684,215.1978515,7.852,5-Aug-11,Not Holiday,Non-Holiday,364136.9486
8,2011,8,5,892393.77,0,85.15,3.684,218.9492991,6.425,5-Aug-11,Not Holiday,Non-Holiday,407580.099
8,2011,35,5,826820.71,0,78.14,3.842,139.9896486,8.684,5-Aug-11,Not Holiday,Non-Holiday,590629.8918
8,2011,38,5,437631.44,0,90.61,3.803,129.1846452,13.503,5-Aug-11,Not Holiday,Non-Holiday,338764.2853
8,2011,44,5,298080.45,0,75.56,3.595,129.1846452,6.56,5-Aug-11,Not Holiday,Non-Holiday,230739.8449
8,2011,24,5,1417616.81,0,74.64,4.02,136.0540323,8.358,5-Aug-11,Not Holiday,Non-Holiday,1041951.338
8,2011,36,5,381017.75,0,86.71,3.652,214.2972939,8.177,5-Aug-11,Not Holiday,Non-Holiday,177798.6754
8,2011,27,5,1747289.53,0,78.14,4.02,139.9896486,7.85,5-Aug-11,Not Holiday,Non-Holiday,1248156.237
8,2011,22,5,983232.96,0,75.33,3.903,139.9896486,8.023,5-Aug-11,Not Holiday,Non-Holiday,702361.1887
8,2011,39,5,1518790.89,0,87.73,3.684,214.2972939,8.177,5-Aug-11,Not Holiday,Non-Holiday,708730.7835
8,2011,7,5,695392.84,0,55.91,3.554,193.9110133,8.622,5-Aug-11,Not Holiday,Non-Holiday,358614.4119
8,2011,10,5,1886299.98,0,89.8,3.803,129.1846452,8.257,5-Aug-11,Not Holiday,Non-Holiday,1460158.037
8,2011,2,5,1876704.26,0,93.34,3.684,215.1978515,7.852,5-Aug-11,Not Holiday,Non-Holiday,872083.1769
8,2011,30,5,431798.64,0,94.22,3.684,215.1978515,7.852,5-Aug-11,Not Holiday,Non-Holiday,200651.9289
8,2011,1,5,1624383.75,0,91.65,3.684,215.544618,7.962,5-Aug-11,Not Holiday,Non-Holiday,753618.3297
8,2011,4,5,2160057.39,0,86.09,3.662,129.1846452,5.644,5-Aug-11,Not Holiday,Non-Holiday,1672069.762
8,2011,13,5,2076231.8,0,75.56,3.595,129.1846452,6.877,5-Aug-11,Not Holiday,Non-Holiday,1607181.563
8,2011,37,5,510787.46,0,86.71,3.684,214.2972939,8.177,5-Aug-11,Not Holiday,Non-Holiday,238354.6011
8,2011,41,5,1402233.69,0,72.19,3.554,193.9110133,6.901,5-Aug-11,Not Holiday,Non-Holiday,723132.5679
8,2011,16,5,592981.33,0,63.96,3.554,193.9110133,6.338,5-Aug-11,Not Holiday,Non-Holiday,305800.7485
8,2011,33,5,242456.39,0,96.93,3.803,129.1846452,8.442,5-Aug-11,Not Holiday,Non-Holiday,187682.0497
8,2011,28,5,1523870.89,0,90.61,3.803,129.1846452,13.503,5-Aug-11,Not Holiday,Non-Holiday,1179606.824
8,2011,18,5,1002806.39,0,74.58,3.903,136.0540323,8.89,5-Aug-11,Not Holiday,Non-Holiday,737064.8066
8,2011,7,12,670670.46,0,54.56,3.542,194.1105017,8.622,12-Aug-11,Not Holiday,Non-Holiday,345509.6216
8,2011,13,12,1970341.38,0,75.95,3.606,129.2015806,6.877,12-Aug-11,Not Holiday,Non-Holiday,1525013.371
8,2011,16,12,563884.47,0,67.09,3.542,194.1105017,6.338,12-Aug-11,Not Holiday,Non-Holiday,290496.6321
8,2011,22,12,991779.2,0,74.69,3.88,140.0859873,8.023,12-Aug-11,Not Holiday,Non-Holiday,707978.8772
8,2011,27,12,1758437.96,0,76.67,3.995,140.0859873,7.85,12-Aug-11,Not Holiday,Non-Holiday,1255256.142
8,2011,2,12,1812768.26,0,91.58,3.638,215.2593211,7.852,12-Aug-11,Not Holiday,Non-Holiday,842132.2945
8,2011,3,12,380376.85,0,88.88,3.638,218.9605873,7.567,12-Aug-11,Not Holiday,Non-Holiday,173719.323
8,2011,30,12,412224.67,0,92.32,3.638,215.2593211,7.852,12-Aug-11,Not Holiday,Non-Holiday,191501.4262
8,2011,23,12,1380952.05,0,69.86,3.88,136.144129,4.584,12-Aug-11,Not Holiday,Non-Holiday,1014330.96
8,2011,6,12,1484995.38,0,90.49,3.638,217.1438281,6.925,12-Aug-11,Not Holiday,Non-Holiday,683876.3934
8,2011,24,12,1402818.01,0,72.52,3.995,136.144129,8.358,12-Aug-11,Not Holiday,Non-Holiday,1030391.85
8,2011,34,12,956251.18,0,80.23,3.617,129.2015806,10.641,12-Aug-11,Not Holiday,Non-Holiday,740123.4378
8,2011,33,12,274721.85,0,96,3.794,129.2015806,8.442,12-Aug-11,Not Holiday,Non-Holiday,212630.4096
8,2011,41,12,1356689.88,0,67.65,3.542,194.1105017,6.901,12-Aug-11,Not Holiday,Non-Holiday,698926.5744
8,2011,40,12,955506.95,0,68.3,3.88,136.144129,4.584,12-Aug-11,Not Holiday,Non-Holiday,701834.8547
8,2011,5,12,289886.16,0,90.16,3.638,216.1678032,6.529,12-Aug-11,Not Holiday,Non-Holiday,134102.3759
8,2011,9,12,520284.79,0,91.63,3.638,219.1929854,6.404,12-Aug-11,Not Holiday,Non-Holiday,237363.7957
8,2011,20,12,2052246.4,0,73.52,3.812,208.7820061,7.274,12-Aug-11,Not Holiday,Non-Holiday,982961.3377
8,2011,44,12,290399.66,0,75.95,3.606,129.2015806,6.56,12-Aug-11,Not Holiday,Non-Holiday,224764.789
8,2011,26,12,1087644.5,0,62.99,3.88,136.144129,7.767,12-Aug-11,Not Holiday,Non-Holiday,798891.9596
8,2011,1,12,1525147.09,0,90.76,3.638,215.6057878,7.962,12-Aug-11,Not Holiday,Non-Holiday,707377.6199
8,2011,37,12,502504.39,0,87.64,3.638,214.3602701,8.177,12-Aug-11,Not Holiday,Non-Holiday,234420.4874
8,2011,10,12,1917397.63,0,85.61,3.794,129.2015806,8.257,12-Aug-11,Not Holiday,Non-Holiday,1484035.738
8,2011,42,12,603147.26,0,85.61,3.794,129.2015806,8.257,12-Aug-11,Not Holiday,Non-Holiday,466826.5335
8,2011,32,12,1206795.74,0,74.2,3.542,194.1105017,8.622,12-Aug-11,Not Holiday,Non-Holiday,621705.5386
8,2011,28,12,1218764.94,0,91.04,3.701,129.2015806,13.503,12-Aug-11,Not Holiday,Non-Holiday,943304.9769
8,2011,4,12,2105668.74,0,82.98,3.617,129.2015806,5.644,12-Aug-11,Not Holiday,Non-Holiday,1629754.629
8,2011,8,12,856796.1,0,86.05,3.638,219.0075249,6.425,12-Aug-11,Not Holiday,Non-Holiday,391217.6535
8,2011,25,12,667130.48,0,70.93,3.812,208.7820061,7.274,12-Aug-11,Not Holiday,Non-Holiday,319534.4716
8,2011,45,12,724180.89,0,77,3.812,186.4512115,8.625,12-Aug-11,Not Holiday,Non-Holiday,388402.3516
8,2011,29,12,471311.5,0,74.69,3.88,136.144129,9.863,12-Aug-11,Not Holiday,Non-Holiday,346185.6956
8,2011,18,12,928470.83,0,73.57,3.88,136.144129,8.89,12-Aug-11,Not Holiday,Non-Holiday,681976.4002
8,2011,19,12,1360969.45,0,70.92,3.995,136.144129,7.806,12-Aug-11,Not Holiday,Non-Holiday,999653.4261
8,2011,14,12,1928773.82,0,77,3.812,186.4512115,8.625,12-Aug-11,Not Holiday,Non-Holiday,1034465.695
8,2011,15,12,590836.37,0,70.63,3.995,136.144129,7.806,12-Aug-11,Not Holiday,Non-Holiday,433978.589
8,2011,21,12,776933.37,0,92.32,3.638,215.2593211,7.852,12-Aug-11,Not Holiday,Non-Holiday,360929.0255
8,2011,11,12,1354188.43,0,90.3,3.638,218.9605873,7.567,12-Aug-11,Not Holiday,Non-Holiday,618462.1839
8,2011,36,12,380188.69,0,87.64,3.608,214.3602701,8.177,12-Aug-11,Not Holiday,Non-Holiday,177359.6804
8,2011,12,12,955913.68,0,91.04,3.701,129.2015806,13.503,12-Aug-11,Not Holiday,Non-Holiday,739862.2181
8,2011,38,12,387844.05,0,91.04,3.701,129.2015806,13.503,12-Aug-11,Not Holiday,Non-Holiday,300185.2208
8,2011,43,12,595626.56,0,86.64,3.638,207.4330369,10.641,12-Aug-11,Not Holiday,Non-Holiday,287141.6091
8,2011,17,12,800819.79,0,64.79,3.606,129.2015806,6.745,12-Aug-11,Not Holiday,Non-Holiday,619821.9761
8,2011,31,12,1443311.49,0,92.32,3.638,215.2593211,7.852,12-Aug-11,Not Holiday,Non-Holiday,670498.951
8,2011,35,12,819911.89,0,76.67,3.812,140.0859873,8.684,12-Aug-11,Not Holiday,Non-Holiday,585291.8667
8,2011,39,12,1514055.97,0,88.27,3.638,214.3602701,8.177,12-Aug-11,Not Holiday,Non-Holiday,706313.707
8,2011,28,19,1200019.74,0,91.74,3.743,129.2405806,13.503,19-Aug-11,Not Holiday,Non-Holiday,928516.2094
8,2011,16,19,554630.42,0,68.83,3.499,194.2500634,6.338,19-Aug-11,Not Holiday,Non-Holiday,285523.9325
8,2011,42,19,526641.23,0,87.4,3.743,129.2405806,8.257,19-Aug-11,Not Holiday,Non-Holiday,407489.0623
8,2011,31,19,1487542.53,0,90.11,3.554,215.3229307,7.852,19-Aug-11,Not Holiday,Non-Holiday,690842.5987
8,2011,6,19,1493544.04,0,89.26,3.554,217.2069662,6.925,19-Aug-11,Not Holiday,Non-Holiday,687613.3239
8,2011,4,19,2232892.1,0,82.77,3.55,129.2405806,5.644,19-Aug-11,Not Holiday,Non-Holiday,1727702.003
8,2011,8,19,895066.5,0,82.92,3.554,219.0701968,6.425,19-Aug-11,Not Holiday,Non-Holiday,408575.2024
8,2011,41,19,1412959.97,0,70.55,3.499,194.2500634,6.901,19-Aug-11,Not Holiday,Non-Holiday,727392.2825
8,2011,40,19,943237.12,0,64.05,3.82,136.183129,4.584,19-Aug-11,Not Holiday,Non-Holiday,692624.0621
8,2011,29,19,498056,0,71.3,3.82,136.183129,9.863,19-Aug-11,Not Holiday,Non-Holiday,365725.1847
8,2011,20,19,1990017.93,0,71.25,3.747,208.8424359,7.274,19-Aug-11,Not Holiday,Non-Holiday,952880.0607
8,2011,17,19,797523.04,0,67.59,3.578,129.2405806,6.745,19-Aug-11,Not Holiday,Non-Holiday,617084.074
8,2011,26,19,1021766.75,0,60.58,3.82,136.183129,7.767,19-Aug-11,Not Holiday,Non-Holiday,750288.7894
8,2011,18,19,932679.79,0,69.24,3.82,136.183129,8.89,19-Aug-11,Not Holiday,Non-Holiday,684871.7582
8,2011,30,19,414450.61,0,90.11,3.554,215.3229307,7.852,19-Aug-11,Not Holiday,Non-Holiday,192478.6221
8,2011,38,19,362224.7,0,91.74,3.743,129.2405806,13.503,19-Aug-11,Not Holiday,Non-Holiday,280271.644
8,2011,15,19,599488.98,0,70.41,3.942,136.183129,7.806,19-Aug-11,Not Holiday,Non-Holiday,440207.9644
8,2011,5,19,303643.84,0,89.35,3.554,216.2311855,6.529,19-Aug-11,Not Holiday,Non-Holiday,140425.5539
8,2011,7,19,645156.21,0,56.06,3.499,194.2500634,8.622,19-Aug-11,Not Holiday,Non-Holiday,332126.6406
8,2011,39,19,1629066.9,0,87.93,3.554,214.4239935,8.177,19-Aug-11,Not Holiday,Non-Holiday,759740.9569
8,2011,27,19,1781905.24,0,72.97,3.942,140.1289205,7.85,19-Aug-11,Not Holiday,Non-Holiday,1271618.474
8,2011,19,19,1391792.69,0,71.14,3.942,136.183129,7.806,19-Aug-11,Not Holiday,Non-Holiday,1022000.816
8,2011,37,19,506897.98,0,87.24,3.554,214.4239935,8.177,19-Aug-11,Not Holiday,Non-Holiday,236399.8411
8,2011,32,19,1221318.17,0,73.72,3.499,194.2500634,8.622,19-Aug-11,Not Holiday,Non-Holiday,628735.0174
8,2011,1,19,1530761.43,0,89.94,3.554,215.6693107,7.962,19-Aug-11,Not Holiday,Non-Holiday,709772.4869
8,2011,45,19,712362.72,0,72.98,3.747,186.5093071,8.625,19-Aug-11,Not Holiday,Non-Holiday,381944.8643
8,2011,14,19,1896873.99,0,72.98,3.747,186.5093071,8.625,19-Aug-11,Not Holiday,Non-Holiday,1017039.857
8,2011,11,19,1484169.74,0,89.51,3.554,219.023271,7.567,19-Aug-11,Not Holiday,Non-Holiday,677631.0724
8,2011,12,19,966817.24,0,91.74,3.743,129.2405806,13.503,19-Aug-11,Not Holiday,Non-Holiday,748075.5932
8,2011,35,19,820288.35,0,72.97,3.747,140.1289205,8.684,19-Aug-11,Not Holiday,Non-Holiday,585381.1955
8,2011,22,19,973004.91,0,71.3,3.82,140.1289205,8.023,19-Aug-11,Not Holiday,Non-Holiday,694364.0945
8,2011,3,19,379716.91,0,88.44,3.554,219.023271,7.567,19-Aug-11,Not Holiday,Non-Holiday,173368.2947
8,2011,24,19,1352039.88,0,69.93,3.942,136.183129,8.358,19-Aug-11,Not Holiday,Non-Holiday,992810.1153
8,2011,25,19,688958.75,0,68.09,3.747,208.8424359,7.274,19-Aug-11,Not Holiday,Non-Holiday,329894.0405
8,2011,34,19,960418.54,0,77.08,3.55,129.2405806,10.641,19-Aug-11,Not Holiday,Non-Holiday,743124.5941
8,2011,21,19,855546.5,0,90.11,3.554,215.3229307,7.852,19-Aug-11,Not Holiday,Non-Holiday,397331.811
8,2011,33,19,242771.37,0,95.89,3.743,129.2405806,8.442,19-Aug-11,Not Holiday,Non-Holiday,187844.5368
8,2011,36,19,373267.58,0,87.24,3.534,214.4239935,8.177,19-Aug-11,Not Holiday,Non-Holiday,174079.2035
8,2011,43,19,663396.32,0,82.08,3.554,207.4953088,10.641,19-Aug-11,Not Holiday,Non-Holiday,319716.2981
8,2011,9,19,540819.44,0,85.8,3.554,219.2556109,6.404,19-Aug-11,Not Holiday,Non-Holiday,246661.6192
8,2011,2,19,1844094.59,0,89.86,3.554,215.3229307,7.852,19-Aug-11,Not Holiday,Non-Holiday,856432.0502
8,2011,44,19,290909.69,0,76.68,3.578,129.2405806,6.56,19-Aug-11,Not Holiday,Non-Holiday,225091.5994
8,2011,13,19,2090340.98,0,76.68,3.578,129.2405806,6.877,19-Aug-11,Not Holiday,Non-Holiday,1617402.963
8,2011,10,19,1954849.68,0,87.4,3.743,129.2405806,8.257,19-Aug-11,Not Holiday,Non-Holiday,1512566.464
8,2011,23,19,1453416.53,0,67.09,3.82,136.183129,4.584,19-Aug-11,Not Holiday,Non-Holiday,1067251.532
8,2011,39,26,1573898.63,0,86.49,3.523,214.4878416,8.177,26-Aug-11,Not Holiday,Non-Holiday,733793.8683
8,2011,32,26,1183740.91,0,75.64,3.485,194.3796374,8.622,26-Aug-11,Not Holiday,Non-Holiday,608984.0098
8,2011,42,26,503720.98,0,91.59,3.663,129.2832581,8.257,26-Aug-11,Not Holiday,Non-Holiday,389625.8397
8,2011,18,26,1147906.46,0,70.32,3.796,136.2136129,8.89,26-Aug-11,Not Holiday,Non-Holiday,842725.2134
8,2011,30,26,387944.83,0,92.07,3.523,215.386897,7.852,26-Aug-11,Not Holiday,Non-Holiday,180115.3345
8,2011,15,26,605413.17,0,69.19,3.906,136.2136129,7.806,26-Aug-11,Not Holiday,Non-Holiday,444458.639
8,2011,2,26,1821139.91,0,90.45,3.523,215.386897,7.852,26-Aug-11,Not Holiday,Non-Holiday,845520.2872
8,2011,14,26,2273470.62,0,72.55,3.704,186.5641172,8.625,26-Aug-11,Not Holiday,Non-Holiday,1218600.154
8,2011,1,26,1464693.46,0,87.96,3.523,215.7332258,7.962,26-Aug-11,Not Holiday,Non-Holiday,678937.3563
8,2011,27,26,2034400.78,0,72.88,3.906,140.1629528,7.85,26-Aug-11,Not Holiday,Non-Holiday,1451453.996
8,2011,28,26,1166479.51,0,94.61,3.74,129.2832581,13.503,26-Aug-11,Not Holiday,Non-Holiday,902266.4861
8,2011,11,26,1304706.75,0,89.09,3.523,219.0866908,7.567,26-Aug-11,Not Holiday,Non-Holiday,595520.7709
8,2011,44,26,324174.79,0,81.53,3.57,129.2832581,6.56,26-Aug-11,Not Holiday,Non-Holiday,250747.6952
8,2011,22,26,1181815.31,0,72.22,3.796,140.1629528,8.023,26-Aug-11,Not Holiday,Non-Holiday,843172.3836
8,2011,38,26,365672.55,0,94.61,3.74,129.2832581,13.503,26-Aug-11,Not Holiday,Non-Holiday,282846.02
8,2011,36,26,344964.2,0,86.02,3.501,214.4878416,8.177,26-Aug-11,Not Holiday,Non-Holiday,160831.5872
8,2011,41,26,1328740.71,0,71.61,3.485,194.3796374,6.901,26-Aug-11,Not Holiday,Non-Holiday,683580.1979
8,2011,16,26,557312.01,0,67.51,3.485,194.3796374,6.338,26-Aug-11,Not Holiday,Non-Holiday,286713.1647
8,2011,33,26,237095.82,0,99.66,3.663,129.2832581,8.442,26-Aug-11,Not Holiday,Non-Holiday,183392.5162
8,2011,21,26,821127.53,0,92.07,3.523,215.386897,7.852,26-Aug-11,Not Holiday,Non-Holiday,381233.7433
8,2011,19,26,1547729.24,0,69.34,3.906,136.2136129,7.806,26-Aug-11,Not Holiday,Non-Holiday,1136251.515
8,2011,35,26,897037.25,0,72.88,3.704,140.1629528,8.684,26-Aug-11,Not Holiday,Non-Holiday,639995.9705
8,2011,25,26,726422.55,0,66.8,3.704,208.902476,7.274,26-Aug-11,Not Holiday,Non-Holiday,347732.8579
8,2011,24,26,1402372.09,0,69.94,3.906,136.2136129,8.358,26-Aug-11,Not Holiday,Non-Holiday,1029538.869
8,2011,5,26,310338.17,0,89.18,3.523,216.2950176,6.529,26-Aug-11,Not Holiday,Non-Holiday,143479.1117
8,2011,7,26,629994.47,0,57.6,3.485,194.3796374,8.622,26-Aug-11,Not Holiday,Non-Holiday,324105.1781
8,2011,10,26,1728399.07,0,91.59,3.663,129.2832581,8.257,26-Aug-11,Not Holiday,Non-Holiday,1336908.657
8,2011,4,26,1988490.21,0,81.47,3.523,129.2832581,5.644,26-Aug-11,Not Holiday,Non-Holiday,1538087.947
8,2011,13,26,2035244.54,0,81.53,3.57,129.2832581,6.877,26-Aug-11,Not Holiday,Non-Holiday,1574252.204
8,2011,43,26,561573.08,0,87.43,3.523,207.5580023,10.641,26-Aug-11,Not Holiday,Non-Holiday,270561.9989
8,2011,8,26,912542.82,0,84.69,3.523,219.1336097,6.425,26-Aug-11,Not Holiday,Non-Holiday,416432.1581
8,2011,37,26,527947.21,0,86.02,3.523,214.4878416,8.177,26-Aug-11,Not Holiday,Non-Holiday,246143.1874
8,2011,40,26,969611.3,0,65.01,3.796,136.2136129,4.584,26-Aug-11,Not Holiday,Non-Holiday,711831.4237
8,2011,31,26,1417267.07,0,92.07,3.523,215.386897,7.852,26-Aug-11,Not Holiday,Non-Holiday,658009.8835
8,2011,34,26,871404.6,0,77.27,3.523,129.2832581,10.641,26-Aug-11,Not Holiday,Non-Holiday,674027.413
5,2011,29,6,534372.53,0,53.63,4.078,134.5143667,9.966,6-May-11,Not Holiday,Non-Holiday,397260.5627
8,2011,23,26,1637266.29,0,67.04,3.796,136.2136129,4.584,26-Aug-11,Not Holiday,Non-Holiday,1201984.336
8,2011,3,26,366367.55,0,87.67,3.523,219.0866908,7.567,26-Aug-11,Not Holiday,Non-Holiday,167224.923
8,2011,45,26,833979.01,0,72.55,3.704,186.5641172,8.625,26-Aug-11,Not Holiday,Non-Holiday,447020.05
8,2011,26,26,1064617.62,0,61.1,3.796,136.2136129,7.767,26-Aug-11,Not Holiday,Non-Holiday,781579.4599
8,2011,29,26,608294.98,0,72.22,3.796,136.2136129,9.863,26-Aug-11,Not Holiday,Non-Holiday,446574.2939
8,2011,12,26,1017593.47,0,94.61,3.74,129.2832581,13.503,26-Aug-11,Not Holiday,Non-Holiday,787103.8253
8,2011,20,26,1933577.2,0,70.15,3.704,208.902476,7.274,26-Aug-11,Not Holiday,Non-Holiday,925588.455
8,2011,17,26,837390.79,0,72.04,3.57,129.2832581,6.745,26-Aug-11,Not Holiday,Non-Holiday,647717.8888
8,2011,9,26,542663.53,0,88.95,3.523,219.3189965,6.404,26-Aug-11,Not Holiday,Non-Holiday,247431.1567
9,2011,25,2,699779,0,67.2,3.703,208.9625161,7.274,2-Sep-11,Not Holiday,Non-Holiday,334882.5488
9,2011,5,2,315645.53,0,90.38,3.533,216.3588498,6.529,2-Sep-11,Not Holiday,Non-Holiday,145889.817
9,2011,26,2,1040143.14,0,59.67,3.784,136.2440968,7.767,2-Sep-11,Not Holiday,Non-Holiday,763440.8862
9,2011,22,2,912762.76,0,69.16,3.784,140.196985,8.023,2-Sep-11,Not Holiday,Non-Holiday,651057.3391
9,2011,4,2,2078420.31,0,77.99,3.533,129.3259355,5.644,2-Sep-11,Not Holiday,Non-Holiday,1607117.94
9,2011,3,2,375988.69,0,89.12,3.533,219.1501106,7.567,2-Sep-11,Not Holiday,Non-Holiday,171566.7352
9,2011,7,2,592355.24,0,53.4,3.511,194.5092113,8.622,2-Sep-11,Not Holiday,Non-Holiday,304538.4
9,2011,6,2,1481618.74,0,91.22,3.533,217.3343423,6.925,2-Sep-11,Not Holiday,Non-Holiday,681723.2492
9,2011,44,2,309543.52,0,77,3.58,129.3259355,6.56,2-Sep-11,Not Holiday,Non-Holiday,239351.464
9,2011,31,2,1385769.03,0,91.94,3.533,215.4508632,7.852,2-Sep-11,Not Holiday,Non-Holiday,643194.9306
9,2011,8,2,891387.14,0,84.77,3.533,219.1970226,6.425,2-Sep-11,Not Holiday,Non-Holiday,406660.2408
9,2011,19,2,1609951.02,0,69.27,3.879,136.2440968,7.806,2-Sep-11,Not Holiday,Non-Holiday,1181666.625
9,2011,20,2,2141765.98,0,70.82,3.703,208.9625161,7.274,2-Sep-11,Not Holiday,Non-Holiday,1024952.235
9,2011,16,2,580805.33,0,63.44,3.511,194.5092113,6.338,2-Sep-11,Not Holiday,Non-Holiday,298600.4242
9,2011,10,2,1758587.35,0,91.61,3.798,129.3259355,8.257,2-Sep-11,Not Holiday,Non-Holiday,1359810.268
9,2011,38,2,416953.51,0,93.66,3.798,129.3259355,13.503,2-Sep-11,Not Holiday,Non-Holiday,322405.176
9,2011,9,2,544643.33,0,89.33,3.533,219.382382,6.404,2-Sep-11,Not Holiday,Non-Holiday,248262.1098
9,2011,24,2,1196105.44,0,68.14,3.879,136.2440968,8.358,2-Sep-11,Not Holiday,Non-Holiday,877913.589
9,2011,36,2,350276.29,0,87.5,3.481,214.5516896,8.177,2-Sep-11,Not Holiday,Non-Holiday,163259.6279
9,2011,13,2,1953628.82,0,77,3.58,129.3259355,6.877,2-Sep-11,Not Holiday,Non-Holiday,1510624.155
9,2011,33,2,239198.36,0,99.2,3.798,129.3259355,8.442,2-Sep-11,Not Holiday,Non-Holiday,184957.7651
9,2011,21,2,705557.8,0,91.94,3.533,215.4508632,7.852,2-Sep-11,Not Holiday,Non-Holiday,327479.6812
9,2011,34,2,926455.64,0,78.24,3.533,129.3259355,10.641,2-Sep-11,Not Holiday,Non-Holiday,716372.6567
9,2011,35,2,813486.55,0,71.44,3.703,140.196985,8.684,2-Sep-11,Not Holiday,Non-Holiday,580245.3954
9,2011,40,2,957298.26,0,63.79,3.784,136.2440968,4.584,2-Sep-11,Not Holiday,Non-Holiday,702634.67
9,2011,41,2,1283849.38,0,70.37,3.511,194.5092113,6.901,2-Sep-11,Not Holiday,Non-Holiday,660045.543
9,2011,17,2,847380.07,0,69.31,3.58,129.3259355,6.745,2-Sep-11,Not Holiday,Non-Holiday,655228.2547
9,2011,23,2,1464295.69,0,65.33,3.784,136.2440968,4.584,2-Sep-11,Not Holiday,Non-Holiday,1074758.998
9,2011,15,2,649159.68,0,67.63,3.879,136.2440968,7.806,2-Sep-11,Not Holiday,Non-Holiday,476468.1151
9,2011,39,2,1465089.85,0,88.65,3.533,214.5516896,8.177,2-Sep-11,Not Holiday,Non-Holiday,682861.0172
9,2011,14,2,1750891.47,0,70.63,3.703,186.6189274,8.625,2-Sep-11,Not Holiday,Non-Holiday,938217.5187
9,2011,2,2,1809119.7,0,89.64,3.533,215.4508632,7.852,2-Sep-11,Not Holiday,Non-Holiday,839690.161
9,2011,1,2,1550229.22,0,87.83,3.533,215.7971409,7.962,2-Sep-11,Not Holiday,Non-Holiday,718373.3823
9,2011,11,2,1297792.41,0,91.44,3.533,219.1501106,7.567,2-Sep-11,Not Holiday,Non-Holiday,592193.363
9,2011,28,2,1468871.49,0,93.66,3.798,129.3259355,13.503,2-Sep-11,Not Holiday,Non-Holiday,1135790.346
9,2011,12,2,1052051.45,0,93.66,3.798,129.3259355,13.503,2-Sep-11,Not Holiday,Non-Holiday,813488.3741
9,2011,18,2,540922.94,0,68.23,3.784,136.2440968,8.89,2-Sep-11,Not Holiday,Non-Holiday,397024.864
9,2011,37,2,530367.83,0,87.5,3.533,214.5516896,8.177,2-Sep-11,Not Holiday,Non-Holiday,247198.1605
9,2011,30,2,369722.32,0,91.94,3.533,215.4508632,7.852,2-Sep-11,Not Holiday,Non-Holiday,171604.0096
9,2011,45,2,726482.39,0,70.63,3.703,186.6189274,8.625,2-Sep-11,Not Holiday,Non-Holiday,389286.5531
9,2011,27,2,1511717.53,0,71.44,3.879,140.196985,7.85,2-Sep-11,Not Holiday,Non-Holiday,1078281.056
9,2011,43,2,594224.9,0,87.84,3.533,207.6206959,10.641,2-Sep-11,Not Holiday,Non-Holiday,286206.9686
9,2011,32,2,1152117.5,0,74.6,3.511,194.5092113,8.622,2-Sep-11,Not Holiday,Non-Holiday,592320.2774
9,2011,29,2,497085.91,0,69.16,3.784,136.2440968,9.863,2-Sep-11,Not Holiday,Non-Holiday,364849.503
9,2011,42,2,537124.76,0,91.61,3.798,129.3259355,8.257,2-Sep-11,Not Holiday,Non-Holiday,415326.406
9,2011,6,16,1351407.79,0,84.94,3.526,217.5797506,6.925,16-Sep-11,Not Holiday,Non-Holiday,621109.1732
9,2011,13,16,1923223.82,0,67.54,3.641,129.4306,6.877,16-Sep-11,Not Holiday,Non-Holiday,1485911.23
9,2011,5,16,278529.71,0,83.55,3.526,216.6033083,6.529,16-Sep-11,Not Holiday,Non-Holiday,128589.7765
9,2011,41,16,1197019.39,0,54.82,3.596,194.7419707,6.901,16-Sep-11,Not Holiday,Non-Holiday,614669.4448
9,2011,29,16,474129.35,0,68.08,3.809,136.3145,9.863,16-Sep-11,Not Holiday,Non-Holiday,347820.1879
9,2011,28,16,1159212.1,0,76.36,3.918,129.4306,13.503,16-Sep-11,Not Holiday,Non-Holiday,895624.4505
9,2011,45,16,711367.56,0,69.17,3.742,186.8024,8.625,16-Sep-11,Not Holiday,Non-Holiday,380812.8589
9,2011,1,16,1514259.78,0,79.94,3.526,216.0410526,7.962,16-Sep-11,Not Holiday,Non-Holiday,700912.9801
9,2011,11,16,1270816.01,0,85.11,3.526,219.3972867,7.567,16-Sep-11,Not Holiday,Non-Holiday,579230.5042
9,2011,12,16,889290.23,0,76.36,3.918,129.4306,13.503,16-Sep-11,Not Holiday,Non-Holiday,687078.8129
9,2011,18,16,845715.37,0,66.23,3.809,136.3145,8.89,16-Sep-11,Not Holiday,Non-Holiday,620414.8275
9,2011,39,16,1372500.63,0,83.11,3.526,214.7934111,8.177,16-Sep-11,Not Holiday,Non-Holiday,638986.3744
9,2011,35,16,738792.11,0,69.65,3.742,140.2735,8.684,16-Sep-11,Not Holiday,Non-Holiday,526679.7435
9,2011,22,16,937420.65,0,68.08,3.809,140.2735,8.023,16-Sep-11,Not Holiday,Non-Holiday,668280.6446
9,2011,7,16,558981.45,0,43.67,3.596,194.7419707,8.622,16-Sep-11,Not Holiday,Non-Holiday,287036.969
9,2011,17,16,1051116.95,0,61.48,3.641,129.4306,6.745,16-Sep-11,Not Holiday,Non-Holiday,812108.5354
9,2011,40,16,890661.79,0,58.28,3.809,136.3145,4.584,16-Sep-11,Not Holiday,Non-Holiday,653387.4166
9,2011,24,16,1227535.97,0,65.56,3.937,136.3145,8.358,16-Sep-11,Not Holiday,Non-Holiday,900517.5312
9,2011,33,16,262407.57,0,85.79,3.784,129.4306,8.442,16-Sep-11,Not Holiday,Non-Holiday,202739.978
9,2011,34,16,927249.61,0,64.94,3.532,129.4306,10.641,16-Sep-11,Not Holiday,Non-Holiday,716406.7925
9,2011,23,16,1253329.17,0,60.52,3.809,136.3145,4.584,16-Sep-11,Not Holiday,Non-Holiday,919439.3627
9,2011,16,16,539081.09,0,53.68,3.596,194.7419707,6.338,16-Sep-11,Not Holiday,Non-Holiday,276818.1343
9,2011,30,16,382914.66,0,80.62,3.526,215.6944378,7.852,16-Sep-11,Not Holiday,Non-Holiday,177526.4415
9,2011,44,16,303974.28,0,67.54,3.641,129.4306,6.56,16-Sep-11,Not Holiday,Non-Holiday,234855.0343
9,2011,19,16,1365633.53,0,62.76,3.937,136.3145,7.806,16-Sep-11,Not Holiday,Non-Holiday,1001825.58
9,2011,32,16,1142499.25,0,60.88,3.596,194.7419707,8.622,16-Sep-11,Not Holiday,Non-Holiday,586673.3534
9,2011,42,16,576837.09,0,77.49,3.784,129.4306,8.257,16-Sep-11,Not Holiday,Non-Holiday,445672.8857
9,2011,36,16,343108.12,0,82.06,3.473,214.7934111,8.177,16-Sep-11,Not Holiday,Non-Holiday,159738.6616
9,2011,38,16,408188.88,0,76.36,3.918,129.4306,13.503,16-Sep-11,Not Holiday,Non-Holiday,315372.7789
9,2011,3,16,375629.51,0,83.63,3.526,219.3972867,7.567,16-Sep-11,Not Holiday,Non-Holiday,171209.7336
9,2011,26,16,951569.84,0,55.19,3.809,136.3145,7.767,16-Sep-11,Not Holiday,Non-Holiday,698069.4203
9,2011,21,16,653525.84,0,80.62,3.526,215.6944378,7.852,16-Sep-11,Not Holiday,Non-Holiday,302986.8766
9,2011,10,16,1650894.3,0,77.49,3.784,129.4306,8.257,16-Sep-11,Not Holiday,Non-Holiday,1275505.406
9,2011,15,16,545052.34,0,62.1,3.937,136.3145,7.806,16-Sep-11,Not Holiday,Non-Holiday,399849.1283
9,2011,14,16,1864637.89,0,69.17,3.742,186.8024,8.625,16-Sep-11,Not Holiday,Non-Holiday,998187.3306
9,2011,9,16,500274.03,0,77.95,3.526,219.6297841,6.404,16-Sep-11,Not Holiday,Non-Holiday,227780.5954
9,2011,20,16,1979009.46,0,64.02,3.742,209.1893892,7.274,16-Sep-11,Not Holiday,Non-Holiday,946037.2094
9,2011,25,16,628720.46,0,62.05,3.742,209.1893892,7.274,16-Sep-11,Not Holiday,Non-Holiday,300550.8369
9,2011,8,16,870971.82,0,69.09,3.526,219.4442443,6.425,16-Sep-11,Not Holiday,Non-Holiday,396898.9129
9,2011,2,16,1691439.52,0,78.85,3.526,215.6944378,7.852,16-Sep-11,Not Holiday,Non-Holiday,784183.1886
9,2011,43,16,618877.13,0,77.17,3.526,207.8527143,10.641,16-Sep-11,Not Holiday,Non-Holiday,297747.9183
9,2011,31,16,1363460.86,0,80.62,3.526,215.6944378,7.852,16-Sep-11,Not Holiday,Non-Holiday,632126.1104
9,2011,4,16,2075577.33,0,72.76,3.532,129.4306,5.644,16-Sep-11,Not Holiday,Non-Holiday,1603621.81
9,2011,27,16,1613773.9,0,69.65,3.937,140.2735,7.85,16-Sep-11,Not Holiday,Non-Holiday,1150448.16
9,2011,37,16,513341.94,0,82.06,3.526,214.7934111,8.177,16-Sep-11,Not Holiday,Non-Holiday,238993.3366
9,2011,34,23,902852.73,0,66.23,3.473,129.5183333,10.641,23-Sep-11,Not Holiday,Non-Holiday,697084.8891
9,2011,15,23,545570.86,0,59,3.899,136.367,7.806,23-Sep-11,Not Holiday,Non-Holiday,400075.4288
9,2011,40,23,876583.98,0,54.09,3.758,136.367,4.584,23-Sep-11,Not Holiday,Non-Holiday,642812.396
9,2011,6,23,1336044.75,0,78.49,3.467,217.9188471,6.925,23-Sep-11,Not Holiday,Non-Holiday,613092.7948
9,2011,41,23,1173059.79,0,55.06,3.581,194.8099713,6.901,23-Sep-11,Not Holiday,Non-Holiday,602155.9277
9,2011,38,23,394665.28,0,82.95,3.789,129.5183333,13.503,23-Sep-11,Not Holiday,Non-Holiday,304717.6951
9,2011,21,23,681913.29,0,75.68,3.467,216.0282356,7.852,23-Sep-11,Not Holiday,Non-Holiday,315659.3341
9,2011,24,23,1232376.49,0,60.61,3.899,136.367,8.358,23-Sep-11,Not Holiday,Non-Holiday,903720.4676
9,2011,36,23,322405.13,0,78.35,3.441,215.1233185,8.177,23-Sep-11,Not Holiday,Non-Holiday,149869.9129
9,2011,9,23,506743.78,0,74.42,3.467,219.9746423,6.404,23-Sep-11,Not Holiday,Non-Holiday,230364.6342
9,2011,17,23,895535.31,0,56.96,3.648,129.5183333,6.745,23-Sep-11,Not Holiday,Non-Holiday,691435.1715
9,2011,42,23,528486.45,0,82.51,3.789,129.5183333,8.257,23-Sep-11,Not Holiday,Non-Holiday,408039.8786
9,2011,11,23,1235775.15,0,82.14,3.467,219.7414914,7.567,23-Sep-11,Not Holiday,Non-Holiday,562376.792
9,2011,33,23,234793.12,0,88.93,3.789,129.5183333,8.442,23-Sep-11,Not Holiday,Non-Holiday,181281.7645
9,2011,35,23,705802.45,0,63.61,3.711,140.32725,8.684,23-Sep-11,Not Holiday,Non-Holiday,502968.9173
9,2011,32,23,1116140.29,0,58.66,3.581,194.8099713,8.622,23-Sep-11,Not Holiday,Non-Holiday,572937.9675
9,2011,27,23,1606208.68,0,63.61,3.899,140.32725,7.85,23-Sep-11,Not Holiday,Non-Holiday,1144616.374
9,2011,31,23,1347607.74,0,75.68,3.467,216.0282356,7.852,23-Sep-11,Not Holiday,Non-Holiday,623810.9274
9,2011,45,23,714106.42,0,63.75,3.711,187.0295321,8.625,23-Sep-11,Not Holiday,Non-Holiday,381814.7926
9,2011,8,23,806444.29,0,68.72,3.467,219.788581,6.425,23-Sep-11,Not Holiday,Non-Holiday,366918.1931
9,2011,18,23,853073.17,0,60.44,3.758,136.367,8.89,23-Sep-11,Not Holiday,Non-Holiday,625571.5606
9,2011,4,23,2031406.41,0,69.23,3.473,129.5183333,5.644,23-Sep-11,Not Holiday,Non-Holiday,1568431.556
9,2011,26,23,923644.6,0,50.72,3.758,136.367,7.767,23-Sep-11,Not Holiday,Non-Holiday,677322.666
9,2011,25,23,620885.93,0,60.28,3.711,209.4986126,7.274,23-Sep-11,Not Holiday,Non-Holiday,296367.5617
9,2011,12,23,871692.74,0,82.95,3.789,129.5183333,13.503,23-Sep-11,Not Holiday,Non-Holiday,673026.5267
9,2011,39,23,1338657.95,0,78.75,3.467,215.1233185,8.177,23-Sep-11,Not Holiday,Non-Holiday,622274.6838
9,2011,3,23,365248.94,0,80.19,3.467,219.7414914,7.567,23-Sep-11,Not Holiday,Non-Holiday,166217.5576
9,2011,44,23,307409.13,0,63.6,3.648,129.5183333,6.56,23-Sep-11,Not Holiday,Non-Holiday,237347.9662
9,2011,28,23,1109105.92,0,82.95,3.789,129.5183333,13.503,23-Sep-11,Not Holiday,Non-Holiday,856331.2172
9,2011,22,23,899834.75,0,62.36,3.758,140.32725,8.023,23-Sep-11,Not Holiday,Non-Holiday,641240.2082
9,2011,20,23,1888119.7,0,62.15,3.711,209.4986126,7.274,23-Sep-11,Not Holiday,Non-Holiday,901256.422
9,2011,30,23,391837.56,0,75.68,3.467,216.0282356,7.852,23-Sep-11,Not Holiday,Non-Holiday,181382.5674
9,2011,14,23,1871555.64,0,63.75,3.711,187.0295321,8.625,23-Sep-11,Not Holiday,Non-Holiday,1000673.861
9,2011,2,23,1669299.78,0,75.58,3.467,216.0282356,7.852,23-Sep-11,Not Holiday,Non-Holiday,772722.9616
9,2011,29,23,475696.37,0,62.36,3.758,136.367,9.863,23-Sep-11,Not Holiday,Non-Holiday,348835.4001
9,2011,1,23,1380020.27,0,75.8,3.467,216.3758246,7.962,23-Sep-11,Not Holiday,Non-Holiday,637788.5665
9,2011,10,23,1685910.53,0,82.51,3.789,129.5183333,8.257,23-Sep-11,Not Holiday,Non-Holiday,1301677.135
9,2011,43,23,586108.13,0,78.98,3.467,208.1642143,10.641,23-Sep-11,Not Holiday,Non-Holiday,281560.4651
9,2011,37,23,516556.94,0,78.35,3.467,215.1233185,8.177,23-Sep-11,Not Holiday,Non-Holiday,240121.3144
9,2011,19,23,1300375.76,0,61.32,3.899,136.367,7.806,23-Sep-11,Not Holiday,Non-Holiday,953585.3689
9,2011,5,23,291024.98,0,78.01,3.467,216.9396605,6.529,23-Sep-11,Not Holiday,Non-Holiday,134150.1961
9,2011,23,23,1289082.81,0,57.14,3.758,136.367,4.584,23-Sep-11,Not Holiday,Non-Holiday,945304.0765
9,2011,16,23,504856.97,0,50.39,3.581,194.8099713,6.338,23-Sep-11,Not Holiday,Non-Holiday,259153.557
9,2011,13,23,1847430.96,0,63.6,3.648,129.5183333,6.877,23-Sep-11,Not Holiday,Non-Holiday,1426385.681
9,2011,7,23,536144.81,0,43.67,3.581,194.8099713,8.622,23-Sep-11,Not Holiday,Non-Holiday,275214.2544
9,2011,35,30,749676.95,0,70.92,3.645,140.381,8.684,30-Sep-11,Not Holiday,Non-Holiday,534030.2106
9,2011,40,30,912857.1,0,63.45,3.684,136.4195,4.584,30-Sep-11,Not Holiday,Non-Holiday,669154.4097
9,2011,22,30,953314.16,0,69.78,3.684,140.381,8.023,30-Sep-11,Not Holiday,Non-Holiday,679090.5892
9,2011,25,30,639160.24,0,60.7,3.645,209.807836,7.274,30-Sep-11,Not Holiday,Non-Holiday,304640.7857
9,2011,11,30,1190515.83,0,84.4,3.355,220.085696,7.567,30-Sep-11,Not Holiday,Non-Holiday,540932.851
9,2011,18,30,847348.08,0,69.01,3.684,136.4195,8.89,30-Sep-11,Not Holiday,Non-Holiday,621134.134
9,2011,42,30,510243.79,0,82.27,3.877,129.6060667,8.257,30-Sep-11,Not Holiday,Non-Holiday,393688.1992
9,2011,17,30,868191.05,0,61.4,3.623,129.6060667,6.745,30-Sep-11,Not Holiday,Non-Holiday,669869.1443
9,2011,15,30,521297.31,0,64.87,3.858,136.4195,7.806,30-Sep-11,Not Holiday,Non-Holiday,382128.1488
9,2011,26,30,959339.51,0,59.42,3.684,136.4195,7.767,30-Sep-11,Not Holiday,Non-Holiday,703227.5518
9,2011,1,30,1394561.83,0,79.69,3.355,216.7105965,7.962,30-Sep-11,Not Holiday,Non-Holiday,643513.4472
9,2011,14,30,1809989.29,0,70.66,3.645,187.2566641,8.625,30-Sep-11,Not Holiday,Non-Holiday,966582.0433
9,2011,28,30,1120731.76,0,83.26,3.877,129.6060667,13.503,30-Sep-11,Not Holiday,Non-Holiday,864721.682
9,2011,39,30,1311775.83,0,81.51,3.355,215.4532259,8.177,30-Sep-11,Not Holiday,Non-Holiday,608844.8314
9,2011,12,30,866401.45,0,83.26,3.877,129.6060667,13.503,30-Sep-11,Not Holiday,Non-Holiday,668488.3448
9,2011,29,30,446516.26,0,69.78,3.684,136.4195,9.863,30-Sep-11,Not Holiday,Non-Holiday,327311.1689
9,2011,43,30,555183.72,0,78.97,3.355,208.4757143,10.641,30-Sep-11,Not Holiday,Non-Holiday,266306.1843
9,2011,31,30,1285534.74,0,78.91,3.355,216.3620333,7.852,30-Sep-11,Not Holiday,Non-Holiday,594159.114
9,2011,32,30,1088943.98,0,65.04,3.538,194.8779718,8.622,30-Sep-11,Not Holiday,Non-Holiday,558782.4883
9,2011,4,30,1929486.63,0,72.15,3.371,129.6060667,5.644,30-Sep-11,Not Holiday,Non-Holiday,1488731.723
9,2011,27,30,1599626.26,0,70.92,3.858,140.381,7.85,30-Sep-11,Not Holiday,Non-Holiday,1139489.147
9,2011,3,30,368477.93,0,82.58,3.355,220.085696,7.567,30-Sep-11,Not Holiday,Non-Holiday,167424.7517
9,2011,33,30,229731.98,0,89.1,3.877,129.6060667,8.442,30-Sep-11,Not Holiday,Non-Holiday,177254.0328
9,2011,21,30,651970.48,0,78.91,3.355,216.3620333,7.852,30-Sep-11,Not Holiday,Non-Holiday,301333.1267
9,2011,36,30,314910.37,0,81.52,3.328,215.4532259,8.177,30-Sep-11,Not Holiday,Non-Holiday,146161.8264
9,2011,41,30,1160619.61,0,61.77,3.538,194.8779718,6.901,30-Sep-11,Not Holiday,Non-Holiday,595562.2379
9,2011,23,30,1275597.85,0,64.76,3.684,136.4195,4.584,30-Sep-11,Not Holiday,Non-Holiday,935055.3623
9,2011,16,30,450075.31,0,57.61,3.538,194.8779718,6.338,30-Sep-11,Not Holiday,Non-Holiday,230952.378
9,2011,19,30,1330757.22,0,64.99,3.858,136.4195,7.806,30-Sep-11,Not Holiday,Non-Holiday,975489.0027
9,2011,34,30,871847.85,0,69.44,3.371,129.6060667,10.641,30-Sep-11,Not Holiday,Non-Holiday,672690.6172
9,2011,10,30,1627707.31,0,82.27,3.877,129.6060667,8.257,30-Sep-11,Not Holiday,Non-Holiday,1255888.209
9,2011,44,30,299757.75,0,68.28,3.623,129.6060667,6.56,30-Sep-11,Not Holiday,Non-Holiday,231283.7336
9,2011,20,30,1945808.26,0,63.44,3.645,209.807836,7.274,30-Sep-11,Not Holiday,Non-Holiday,927424.0167
9,2011,2,30,1650394.44,0,78.14,3.355,216.3620333,7.852,30-Sep-11,Not Holiday,Non-Holiday,762792.9978
9,2011,30,30,387001.13,0,78.91,3.355,216.3620333,7.852,30-Sep-11,Not Holiday,Non-Holiday,178867.3937
9,2011,37,30,516402.1,0,81.52,3.355,215.4532259,8.177,30-Sep-11,Not Holiday,Non-Holiday,239681.7675
9,2011,38,30,366819.84,0,83.26,3.877,129.6060667,13.503,30-Sep-11,Not Holiday,Non-Holiday,283026.7512
9,2011,6,30,1307551.92,0,82.51,3.355,218.2579435,6.925,30-Sep-11,Not Holiday,Non-Holiday,599085.6044
9,2011,13,30,1835662.69,0,68.28,3.623,129.6060667,6.877,30-Sep-11,Not Holiday,Non-Holiday,1416340.096
9,2011,24,30,1246242.61,0,68,3.858,136.4195,8.358,30-Sep-11,Not Holiday,Non-Holiday,913537.0017
9,2011,45,30,698986.34,0,70.66,3.645,187.2566641,8.625,30-Sep-11,Not Holiday,Non-Holiday,373277.1506
9,2011,5,30,292315.38,0,81.16,3.355,217.2760127,6.529,30-Sep-11,Not Holiday,Non-Holiday,134536.4251
9,2011,7,30,488880.26,0,47.34,3.538,194.8779718,8.622,30-Sep-11,Not Holiday,Non-Holiday,250864.8132
9,2011,9,30,508567.04,0,78.45,3.355,220.3195004,6.404,30-Sep-11,Not Holiday,Non-Holiday,230831.6055
9,2011,8,30,809049.37,0,72.2,3.355,220.1329176,6.425,30-Sep-11,Not Holiday,Non-Holiday,367527.6641
10,2011,32,7,1149448.02,0,62.62,3.498,194.9459724,8.513,7-Oct-11,Not Holiday,Non-Holiday,589623.887
10,2011,14,7,2078796.76,0,55.82,3.583,187.4837962,8.523,7-Oct-11,Not Holiday,Non-Holiday,1108787.427
10,2011,26,7,1130022.99,0,46.84,3.633,136.472,7.598,7-Oct-11,Not Holiday,Non-Holiday,828025.5217
10,2011,37,7,522816.85,0,71.2,3.285,215.7831333,7.716,7-Oct-11,Not Holiday,Non-Holiday,242288.0982
10,2011,43,7,642828.62,0,74.17,3.285,208.7872143,10.148,7-Oct-11,Not Holiday,Non-Holiday,307886.9662
10,2011,5,7,309111.47,0,71.64,3.285,217.6123648,6.3,7-Oct-11,Not Holiday,Non-Holiday,142046.8319
10,2011,6,7,1481739.2,0,74.1,3.285,218.59704,6.551,7-Oct-11,Not Holiday,Non-Holiday,677840.4685
10,2011,28,7,1557314.58,0,70.44,3.827,129.6938,12.89,7-Oct-11,Not Holiday,Non-Holiday,1200762.55
10,2011,20,7,2135982.79,0,52.42,3.583,210.1170595,7.082,7-Oct-11,Not Holiday,Non-Holiday,1016568
10,2011,39,7,1443884.39,0,71.68,3.285,215.7831333,7.716,7-Oct-11,Not Holiday,Non-Holiday,669136.8171
10,2011,2,7,1837553.43,0,69.92,3.285,216.6958311,7.441,7-Oct-11,Not Holiday,Non-Holiday,847987.4397
10,2011,12,7,951244.66,0,70.44,3.827,129.6938,12.89,7-Oct-11,Not Holiday,Non-Holiday,733454.2283
10,2011,29,7,514993,0,56.44,3.633,136.472,9.357,7-Oct-11,Not Holiday,Non-Holiday,377361.6566
10,2011,25,7,671522.87,0,50.82,3.583,210.1170595,7.082,7-Oct-11,Not Holiday,Non-Holiday,319594.6448
10,2011,30,7,417528.26,0,71.64,3.285,216.6958311,7.441,7-Oct-11,Not Holiday,Non-Holiday,192679.4151
10,2011,3,7,403342.4,0,75.54,3.285,220.4299007,7.197,7-Oct-11,Not Holiday,Non-Holiday,182979.8946
10,2011,38,7,449516.29,0,70.44,3.827,129.6938,12.89,7-Oct-11,Not Holiday,Non-Holiday,346598.1334
10,2011,7,7,525866.36,0,40.65,3.498,194.9459724,8.513,7-Oct-11,Not Holiday,Non-Holiday,269749.7945
10,2011,27,7,1672339.27,0,56.91,3.775,140.43475,7.906,7-Oct-11,Not Holiday,Non-Holiday,1190830.097
10,2011,31,7,1427383.24,0,71.64,3.285,216.6958311,7.441,7-Oct-11,Not Holiday,Non-Holiday,658703.5998
10,2011,45,7,753447.05,0,55.82,3.583,187.4837962,8.523,7-Oct-11,Not Holiday,Non-Holiday,401873.1567
10,2011,13,7,2067232.56,0,60.62,3.592,129.6938,6.392,7-Oct-11,Not Holiday,Non-Holiday,1593933.218
10,2011,17,7,918006.9,0,54.4,3.592,129.6938,6.617,7-Oct-11,Not Holiday,Non-Holiday,707826.3572
10,2011,44,7,312577.36,0,60.62,3.592,129.6938,6.078,7-Oct-11,Not Holiday,Non-Holiday,241011.7986
10,2011,22,7,993436.67,0,56.44,3.633,140.43475,7.706,7-Oct-11,Not Holiday,Non-Holiday,707400.889
10,2011,24,7,1405914.39,0,53.87,3.775,136.472,8.454,7-Oct-11,Not Holiday,Non-Holiday,1030185.232
10,2011,34,7,954069.45,0,60.42,3.299,129.6938,10.148,7-Oct-11,Not Holiday,Non-Holiday,735632.2739
10,2011,33,7,262159.13,0,81.16,3.827,129.6938,8.01,7-Oct-11,Not Holiday,Non-Holiday,202136.9796
10,2011,18,7,1019741.1,0,54.65,3.633,136.472,8.471,7-Oct-11,Not Holiday,Non-Holiday,747216.3521
10,2011,40,7,1070389.98,0,50.21,3.633,136.472,4.42,7-Oct-11,Not Holiday,Non-Holiday,784329.3716
10,2011,21,7,663452.46,0,71.64,3.285,216.6958311,7.441,7-Oct-11,Not Holiday,Non-Holiday,306167.616
10,2011,42,7,649111.23,0,75.01,3.827,129.6938,7.874,7-Oct-11,Not Holiday,Non-Holiday,500495.1894
10,2011,36,7,346137.87,0,71.2,3.262,215.7831333,7.716,7-Oct-11,Not Holiday,Non-Holiday,160410.0676
10,2011,10,7,1788227.6,0,75.01,3.827,129.6938,7.874,7-Oct-11,Not Holiday,Non-Holiday,1378807.314
10,2011,15,7,579068.88,0,51.24,3.775,136.472,7.866,7-Oct-11,Not Holiday,Non-Holiday,424313.3243
10,2011,41,7,1277882.77,0,58.74,3.498,194.9459724,6.759,7-Oct-11,Not Holiday,Non-Holiday,655506.115
10,2011,8,7,929976.55,0,67.61,3.285,220.4772543,6.123,7-Oct-11,Not Holiday,Non-Holiday,421801.5835
10,2011,16,7,482926.93,0,48.91,3.498,194.9459724,6.232,7-Oct-11,Not Holiday,Non-Holiday,247723.4713
10,2011,9,7,553836.98,0,72.62,3.285,220.6643585,6.054,7-Oct-11,Not Holiday,Non-Holiday,250986.151
10,2011,1,7,1630989.95,0,69.31,3.285,217.0453684,7.866,7-Oct-11,Not Holiday,Non-Holiday,751451.1653
10,2011,19,7,1461718.87,0,53.1,3.775,136.472,7.866,7-Oct-11,Not Holiday,Non-Holiday,1071076.023
10,2011,4,7,2166737.65,0,65.79,3.299,129.6938,5.143,7-Oct-11,Not Holiday,Non-Holiday,1670656.307
10,2011,11,7,1346271.06,0,76.97,3.285,220.4299007,7.197,7-Oct-11,Not Holiday,Non-Holiday,610747.932
10,2011,23,7,1463501.99,0,49,3.633,136.472,4.42,7-Oct-11,Not Holiday,Non-Holiday,1072382.606
10,2011,35,7,791637.53,0,56.91,3.583,140.43475,8.745,7-Oct-11,Not Holiday,Non-Holiday,563704.8736
10,2011,34,14,911788.79,0,54.72,3.283,129.7706452,10.148,14-Oct-11,Not Holiday,Non-Holiday,702615.5943
10,2011,3,14,368282.57,0,73.75,3.274,220.7486167,7.197,14-Oct-11,Not Holiday,Non-Holiday,166833.4667
10,2011,12,14,927600.01,0,67.31,3.805,129.7706452,12.89,14-Oct-11,Not Holiday,Non-Holiday,714799.567
10,2011,9,14,529515.66,0,67.27,3.274,220.9836849,6.054,14-Oct-11,Not Holiday,Non-Holiday,239617.5357
10,2011,40,14,936751.68,0,53.9,3.583,136.5150968,4.42,14-Oct-11,Not Holiday,Non-Holiday,686189.075
10,2011,26,14,987886.08,0,53.91,3.583,136.5150968,7.598,14-Oct-11,Not Holiday,Non-Holiday,723646.0312
10,2011,23,14,1257778.34,0,56.79,3.583,136.5150968,4.42,14-Oct-11,Not Holiday,Non-Holiday,921347.433
10,2011,17,14,884042.63,0,47.69,3.567,129.7706452,6.617,14-Oct-11,Not Holiday,Non-Holiday,681234.6726
10,2011,45,14,720946.99,0,63.82,3.541,187.6917481,8.523,14-Oct-11,Not Holiday,Non-Holiday,384112.2464
10,2011,20,14,2010107.68,0,62.54,3.541,210.4027602,7.082,14-Oct-11,Not Holiday,Non-Holiday,955361.8394
10,2011,37,14,513636.01,0,74.16,3.274,216.0885258,7.716,14-Oct-11,Not Holiday,Non-Holiday,237697.0309
10,2011,18,14,953533.95,0,60.26,3.583,136.5150968,8.471,14-Oct-11,Not Holiday,Non-Holiday,698482.4187
10,2011,31,14,1378340.18,0,69.79,3.274,217.0048261,7.441,14-Oct-11,Not Holiday,Non-Holiday,635165.6803
10,2011,25,14,646915.47,0,58.95,3.541,210.4027602,7.082,14-Oct-11,Not Holiday,Non-Holiday,307465.2963
10,2011,4,14,2074548.85,0,63.75,3.283,129.7706452,5.143,14-Oct-11,Not Holiday,Non-Holiday,1598627.214
10,2011,7,14,501959.19,0,32.65,3.491,195.0261012,8.513,14-Oct-11,Not Holiday,Non-Holiday,257380.5183
10,2011,5,14,286117.72,0,72.36,3.274,217.9237458,6.3,14-Oct-11,Not Holiday,Non-Holiday,131292.5854
10,2011,8,14,863188.26,0,61.74,3.274,220.7960935,6.123,14-Oct-11,Not Holiday,Non-Holiday,390943.6287
10,2011,24,14,1333315.03,0,60.21,3.744,136.5150968,8.454,14-Oct-11,Not Holiday,Non-Holiday,976679.5477
10,2011,33,14,272487.33,0,76.49,3.698,129.7706452,8.01,14-Oct-11,Not Holiday,Non-Holiday,209976.0925
10,2011,21,14,671379.44,0,69.79,3.274,217.0048261,7.441,14-Oct-11,Not Holiday,Non-Holiday,309384.5663
10,2011,22,14,944337.32,0,62.63,3.583,140.4784194,7.706,14-Oct-11,Not Holiday,Non-Holiday,672229.4599
10,2011,41,14,1247130.22,0,47.43,3.491,195.0261012,6.759,14-Oct-11,Not Holiday,Non-Holiday,639468.3647
10,2011,19,14,1318905.53,0,61.86,3.744,136.5150968,7.866,14-Oct-11,Not Holiday,Non-Holiday,966124.3049
10,2011,13,14,1929659.07,0,51.74,3.567,129.7706452,6.392,14-Oct-11,Not Holiday,Non-Holiday,1486976.555
10,2011,44,14,293031.78,0,51.74,3.567,129.7706452,6.078,14-Oct-11,Not Holiday,Non-Holiday,225807.4463
10,2011,10,14,1704753.02,0,70.27,3.698,129.7706452,7.874,14-Oct-11,Not Holiday,Non-Holiday,1313666.136
10,2011,2,14,1743882.19,0,71.67,3.274,217.0048261,7.441,14-Oct-11,Not Holiday,Non-Holiday,803614.4732
10,2011,30,14,410711.99,0,69.79,3.274,217.0048261,7.441,14-Oct-11,Not Holiday,Non-Holiday,189263.9889
10,2011,38,14,400430.78,0,67.31,3.805,129.7706452,12.89,14-Oct-11,Not Holiday,Non-Holiday,308568.0736
10,2011,27,14,1682652.51,0,64.78,3.744,140.4784194,7.906,14-Oct-11,Not Holiday,Non-Holiday,1197801.425
10,2011,16,14,498241.06,0,39.97,3.491,195.0261012,6.232,14-Oct-11,Not Holiday,Non-Holiday,255474.0401
10,2011,35,14,772859.25,0,64.78,3.541,140.4784194,8.745,14-Oct-11,Not Holiday,Non-Holiday,550162.2621
10,2011,6,14,1386520.99,0,71.24,3.274,218.9109844,6.551,14-Oct-11,Not Holiday,Non-Holiday,633372.0502
10,2011,14,14,1890870.75,0,63.82,3.541,187.6917481,8.523,14-Oct-11,Not Holiday,Non-Holiday,1007434.141
10,2011,36,14,342076.99,0,74.16,3.234,216.0885258,7.716,14-Oct-11,Not Holiday,Non-Holiday,158304.0972
10,2011,1,14,1493525.93,0,71.74,3.274,217.3552733,7.866,14-Oct-11,Not Holiday,Non-Holiday,687135.8156
10,2011,39,14,1384721.84,0,73.79,3.274,216.0885258,7.716,14-Oct-11,Not Holiday,Non-Holiday,640812.2943
10,2011,11,14,1286388.96,0,75.56,3.274,220.7486167,7.197,14-Oct-11,Not Holiday,Non-Holiday,582739.3074
10,2011,28,14,1220984.94,0,67.31,3.805,129.7706452,12.89,14-Oct-11,Not Holiday,Non-Holiday,940879.1473
10,2011,15,14,537300.94,0,61.3,3.744,136.5150968,7.866,14-Oct-11,Not Holiday,Non-Holiday,393583.5322
10,2011,42,14,613531.11,0,70.27,3.698,129.7706452,7.874,14-Oct-11,Not Holiday,Non-Holiday,472781.1201
10,2011,32,14,1175420.26,0,50.15,3.491,195.0261012,8.513,14-Oct-11,Not Holiday,Non-Holiday,602698.9479
10,2011,29,14,475776.45,0,62.63,3.583,136.5150968,9.357,14-Oct-11,Not Holiday,Non-Holiday,348515.6303
10,2011,43,14,590984.56,0,68.09,3.274,209.0752166,10.148,14-Oct-11,Not Holiday,Non-Holiday,282666.0039
10,2011,29,21,505068.22,0,59.3,3.618,136.5017742,9.357,21-Oct-11,Not Holiday,Non-Holiday,370008.5387
10,2011,39,21,1465283.29,0,67.65,3.353,216.2468287,7.716,21-Oct-11,Not Holiday,Non-Holiday,677597.5855
10,2011,38,21,402709.17,0,73.05,3.842,129.7821613,12.89,21-Oct-11,Not Holiday,Non-Holiday,310296.2425
10,2011,10,21,1745928.56,0,77.91,3.842,129.7821613,7.874,21-Oct-11,Not Holiday,Non-Holiday,1345276.225
10,2011,37,21,522784.33,0,67.89,3.353,216.2468287,7.716,21-Oct-11,Not Holiday,Non-Holiday,241753.5245
10,2011,13,21,1973544.27,0,54.66,3.579,129.7821613,6.392,21-Oct-11,Not Holiday,Non-Holiday,1520659.119
10,2011,12,21,938604.58,0,73.05,3.842,129.7821613,12.89,21-Oct-11,Not Holiday,Non-Holiday,723215.4023
10,2011,30,21,428958.53,0,65.16,3.353,217.1650042,7.441,21-Oct-11,Not Holiday,Non-Holiday,197526.5451
10,2011,36,21,328633.34,0,67.89,3.308,216.2468287,7.716,21-Oct-11,Not Holiday,Non-Holiday,151971.4032
10,2011,16,21,560104.16,0,46.99,3.548,195.1789994,6.232,21-Oct-11,Not Holiday,Non-Holiday,286969.4802
10,2011,34,21,953693.23,0,58.93,3.361,129.7821613,10.148,21-Oct-11,Not Holiday,Non-Holiday,734841.5379
10,2011,11,21,1325107.53,0,70.91,3.353,220.9144005,7.197,21-Oct-11,Not Holiday,Non-Holiday,599828.4978
10,2011,33,21,233543.08,0,81.74,3.842,129.7821613,8.01,21-Oct-11,Not Holiday,Non-Holiday,179950.0622
10,2011,35,21,811328.4,0,59.62,3.57,140.4616048,8.745,21-Oct-11,Not Holiday,Non-Holiday,577615.7842
10,2011,8,21,905984.49,0,59.97,3.353,220.9619484,6.123,21-Oct-11,Not Holiday,Non-Holiday,410018.3297
10,2011,15,21,603318.89,0,51.67,3.757,136.5017742,7.866,21-Oct-11,Not Holiday,Non-Holiday,441986.116
10,2011,9,21,557075.21,0,65.46,3.353,221.1498206,6.054,21-Oct-11,Not Holiday,Non-Holiday,251899.4628
10,2011,31,21,1409310.4,0,65.16,3.353,217.1650042,7.441,21-Oct-11,Not Holiday,Non-Holiday,648958.3371
10,2011,32,21,1151258.74,0,48.87,3.548,195.1789994,8.513,21-Oct-11,Not Holiday,Non-Holiday,589847.6494
10,2011,17,21,877380.22,0,47.27,3.579,129.7821613,6.617,21-Oct-11,Not Holiday,Non-Holiday,676040.691
10,2011,14,21,2009004.59,0,59.6,3.57,187.7846197,8.523,21-Oct-11,Not Holiday,Non-Holiday,1069845.12
10,2011,7,21,558691.43,0,37.49,3.548,195.1789994,8.513,21-Oct-11,Not Holiday,Non-Holiday,286245.6677
10,2011,6,21,1417922.37,0,68.53,3.353,219.0740167,6.551,21-Oct-11,Not Holiday,Non-Holiday,647234.3874
10,2011,20,21,2104241.9,0,53.69,3.57,210.5473252,7.082,21-Oct-11,Not Holiday,Non-Holiday,999415.1662
10,2011,25,21,690675.5,0,50.22,3.57,210.5473252,7.082,21-Oct-11,Not Holiday,Non-Holiday,328038.126
10,2011,21,21,729036.06,0,65.16,3.353,217.1650042,7.441,21-Oct-11,Not Holiday,Non-Holiday,335706.0511
10,2011,40,21,942319.65,0,51.61,3.618,136.5017742,4.42,21-Oct-11,Not Holiday,Non-Holiday,690335.0931
10,2011,22,21,981567.22,0,59.3,3.618,140.4616048,7.706,21-Oct-11,Not Holiday,Non-Holiday,698815.3249
10,2011,41,21,1214944.29,0,45.62,3.548,195.1789994,6.759,21-Oct-11,Not Holiday,Non-Holiday,622476.9538
10,2011,2,21,1834680.25,0,64.53,3.353,217.1650042,7.441,21-Oct-11,Not Holiday,Non-Holiday,844832.3692
10,2011,43,21,594625.96,0,70.3,3.353,209.2222327,10.148,21-Oct-11,Not Holiday,Non-Holiday,284207.8264
10,2011,3,21,394976.36,0,69.03,3.353,220.9144005,7.197,21-Oct-11,Not Holiday,Non-Holiday,178791.5858
10,2011,18,21,1048212.62,0,55.83,3.618,136.5017742,8.471,21-Oct-11,Not Holiday,Non-Holiday,767911.3522
10,2011,28,21,1203172.05,0,73.05,3.842,129.7821613,12.89,21-Oct-11,Not Holiday,Non-Holiday,927070.4371
10,2011,5,21,306069.18,0,66.9,3.353,218.0852999,6.3,21-Oct-11,Not Holiday,Non-Holiday,140343.7921
10,2011,26,21,974907.28,0,45.23,3.618,136.5017742,7.598,21-Oct-11,Not Holiday,Non-Holiday,714208.5044
10,2011,45,21,771686.4,0,59.6,3.57,187.7846197,8.523,21-Oct-11,Not Holiday,Non-Holiday,410942.2812
10,2011,24,21,1283563.43,0,56.6,3.757,136.5017742,8.454,21-Oct-11,Not Holiday,Non-Holiday,940327.287
10,2011,44,21,305969.81,0,54.66,3.579,129.7821613,6.078,21-Oct-11,Not Holiday,Non-Holiday,235756.4452
10,2011,23,21,1441032.59,0,52.12,3.618,136.5017742,4.42,21-Oct-11,Not Holiday,Non-Holiday,1055687.81
10,2011,4,21,2207742.13,0,64.79,3.361,129.7821613,5.143,21-Oct-11,Not Holiday,Non-Holiday,1701113.703
10,2011,42,21,537276.41,0,77.91,3.842,129.7821613,7.874,21-Oct-11,Not Holiday,Non-Holiday,413983.2506
10,2011,19,21,1374863.1,0,52.05,3.757,136.5017742,7.866,21-Oct-11,Not Holiday,Non-Holiday,1007212.623
10,2011,1,21,1502562.78,0,63.71,3.353,217.5159762,7.866,21-Oct-11,Not Holiday,Non-Holiday,690782.7215
10,2011,27,21,1689591.44,0,59.62,3.757,140.4616048,7.906,21-Oct-11,Not Holiday,Non-Holiday,1202884.904
10,2011,13,28,1948733.81,0,47.41,3.567,129.7936774,6.392,28-Oct-11,Not Holiday,Non-Holiday,1501408.889
10,2011,21,28,738812,0,65.46,3.372,217.3251824,7.441,28-Oct-11,Not Holiday,Non-Holiday,339956.9216
10,2011,35,28,808821.5,0,51.81,3.569,140.4447903,8.745,28-Oct-11,Not Holiday,Non-Holiday,575899.9663
10,2011,29,28,515119.64,0,49.31,3.604,136.4884516,9.357,28-Oct-11,Not Holiday,Non-Holiday,377408.9558
10,2011,33,28,231319.96,0,76.73,3.843,129.7936774,8.01,28-Oct-11,Not Holiday,Non-Holiday,178221.2852
10,2011,10,28,1771792.97,0,72.79,3.843,129.7936774,7.874,28-Oct-11,Not Holiday,Non-Holiday,1365084.19
10,2011,18,28,1106642.63,0,45.61,3.604,136.4884516,8.471,28-Oct-11,Not Holiday,Non-Holiday,810795.7978
10,2011,24,28,1307142.75,0,48,3.757,136.4884516,8.454,28-Oct-11,Not Holiday,Non-Holiday,957694.7607
10,2011,44,28,306336.07,0,47.41,3.567,129.7936774,6.078,28-Oct-11,Not Holiday,Non-Holiday,236017.7138
10,2011,28,28,1242746.06,0,67.41,3.727,129.7936774,12.89,28-Oct-11,Not Holiday,Non-Holiday,957478.1183
10,2011,39,28,1472663.1,0,71.05,3.372,216.4051315,7.716,28-Oct-11,Not Holiday,Non-Holiday,680512.0977
10,2011,2,28,1769296.25,0,65.87,3.372,217.3251824,7.441,28-Oct-11,Not Holiday,Non-Holiday,814123.8997
10,2011,6,28,1419445.12,0,69.51,3.372,219.237049,6.551,28-Oct-11,Not Holiday,Non-Holiday,647447.6492
10,2011,16,28,505918.21,0,41.97,3.55,195.3318977,6.232,28-Oct-11,Not Holiday,Non-Holiday,259004.4002
10,2011,7,28,527339.52,0,28.82,3.55,195.3318977,8.513,28-Oct-11,Not Holiday,Non-Holiday,269971.0217
10,2011,4,28,2151659.59,0,55.31,3.362,129.7936774,5.143,28-Oct-11,Not Holiday,Non-Holiday,1657753.777
10,2011,8,28,876712.31,0,56.86,3.372,221.1278032,6.123,28-Oct-11,Not Holiday,Non-Holiday,396473.1243
10,2011,19,28,1396612.36,0,46.49,3.757,136.4884516,7.866,28-Oct-11,Not Holiday,Non-Holiday,1023245.808
10,2011,27,28,1710372.4,0,51.81,3.757,140.4447903,7.906,28-Oct-11,Not Holiday,Non-Holiday,1217825.45
10,2011,38,28,378539.17,0,67.41,3.727,129.7936774,12.89,28-Oct-11,Not Holiday,Non-Holiday,291646.8487
10,2011,15,28,589842.69,0,45.54,3.757,136.4884516,7.866,28-Oct-11,Not Holiday,Non-Holiday,432155.7488
10,2011,42,28,515599.7,0,72.79,3.843,129.7936774,7.874,28-Oct-11,Not Holiday,Non-Holiday,397245.6211
10,2011,31,28,1346862.72,0,65.46,3.372,217.3251824,7.441,28-Oct-11,Not Holiday,Non-Holiday,619745.3535
10,2011,37,28,517355.44,0,71.31,3.372,216.4051315,7.716,28-Oct-11,Not Holiday,Non-Holiday,239068.0093
10,2011,26,28,972256.98,0,35.06,3.604,136.4884516,7.598,28-Oct-11,Not Holiday,Non-Holiday,712336.4421
10,2011,20,28,2065421.52,0,49.36,3.569,210.6918901,7.082,28-Oct-11,Not Holiday,Non-Holiday,980304.2343
10,2011,30,28,426151.88,0,65.46,3.372,217.3251824,7.441,28-Oct-11,Not Holiday,Non-Holiday,196089.5076
10,2011,3,28,389540.62,0,71.04,3.372,221.0801842,7.197,28-Oct-11,Not Holiday,Non-Holiday,176198.7948
10,2011,9,28,548527.49,0,63.96,3.372,221.3159563,6.054,28-Oct-11,Not Holiday,Non-Holiday,247848.144
10,2011,14,28,2056846.12,0,51.78,3.569,187.8774913,8.523,28-Oct-11,Not Holiday,Non-Holiday,1094780.49
10,2011,43,28,572516.57,0,66.82,3.372,209.3692488,10.148,28-Oct-11,Not Holiday,Non-Holiday,273448.261
10,2011,41,28,1274463.02,0,37.02,3.55,195.3318977,6.759,28-Oct-11,Not Holiday,Non-Holiday,652460.2664
10,2011,32,28,1185391.96,0,42.76,3.55,195.3318977,8.513,28-Oct-11,Not Holiday,Non-Holiday,606860.4124
10,2011,36,28,306193.81,0,71.31,3.306,216.4051315,7.716,28-Oct-11,Not Holiday,Non-Holiday,141491.0117
10,2011,5,28,307035.11,0,69.27,3.372,218.2468539,6.3,28-Oct-11,Not Holiday,Non-Holiday,140682.4907
10,2011,22,28,1099351.68,0,49.31,3.604,140.4447903,7.706,28-Oct-11,Not Holiday,Non-Holiday,782764.3002
10,2011,25,28,724443.97,0,46.28,3.569,210.6918901,7.082,28-Oct-11,Not Holiday,Non-Holiday,343840.4628
10,2011,40,28,941675.95,0,42.09,3.604,136.4884516,4.42,28-Oct-11,Not Holiday,Non-Holiday,689930.8615
10,2011,23,28,1407191.96,0,42.57,3.604,136.4884516,4.42,28-Oct-11,Not Holiday,Non-Holiday,1030997.087
10,2011,11,28,1310684.1,0,72.66,3.372,221.0801842,7.197,28-Oct-11,Not Holiday,Non-Holiday,592854.6264
10,2011,1,28,1445249.09,0,66.57,3.372,217.6766791,7.866,28-Oct-11,Not Holiday,Non-Holiday,663943.0076
10,2011,34,28,958063.87,0,54.56,3.362,129.7936774,10.148,28-Oct-11,Not Holiday,Non-Holiday,738143.7133
10,2011,17,28,936508.43,0,41.89,3.567,129.7936774,6.617,28-Oct-11,Not Holiday,Non-Holiday,721536.248
10,2011,45,28,781694.57,0,51.78,3.569,187.8774913,8.523,28-Oct-11,Not Holiday,Non-Holiday,416066.1102
10,2011,12,28,990926.38,0,67.41,3.727,129.7936774,12.89,28-Oct-11,Not Holiday,Non-Holiday,763462.7509
2,2011,8,4,944594.78,0,24.48,2.989,215.9327797,6.262,4-Feb-11,Not Holiday,Non-Holiday,437448.5344
2,2011,31,4,1443206.46,0,36.33,2.989,212.2240646,8.028,4-Feb-11,Not Holiday,Non-Holiday,680039.0251
2,2011,4,4,2119086.04,0,34.61,2.996,127.7195806,6.51,4-Feb-11,Not Holiday,Non-Holiday,1659170.841
2,2011,12,4,1046068.17,0,45.14,3.348,127.7195806,14.021,4-Feb-11,Not Holiday,Non-Holiday,819035.0807
2,2011,27,4,1628100.79,0,28.7,3.4,137.0542431,7.827,4-Feb-11,Not Holiday,Non-Holiday,1187924.396
2,2011,23,4,1159438.53,0,14.5,3.24,133.1834194,5.114,4-Feb-11,Not Holiday,Non-Holiday,870557.713
2,2011,19,4,1370562.11,0,21.02,3.4,133.1834194,7.771,4-Feb-11,Not Holiday,Non-Holiday,1029078.632
2,2011,35,4,747577.05,0,28.7,3.231,137.0542431,8.549,4-Feb-11,Not Holiday,Non-Holiday,545460.7118
2,2011,1,4,1606629.58,0,42.27,2.989,212.5668812,7.742,4-Feb-11,Not Holiday,Non-Holiday,755823.0948
2,2011,38,4,402341.76,0,45.14,3.348,127.7195806,14.021,4-Feb-11,Not Holiday,Non-Holiday,315019.6376
2,2011,16,4,479263.15,0,13.64,3.011,191.7625895,6.614,4-Feb-11,Not Holiday,Non-Holiday,249925.2598
2,2011,34,4,971932.87,0,23.82,2.996,127.7195806,10.398,4-Feb-11,Not Holiday,Non-Holiday,760989.7131
2,2011,6,4,1514999.17,0,40.59,2.989,214.0887176,6.858,4-Feb-11,Not Holiday,Non-Holiday,707650.1681
2,2011,29,4,504126.89,0,26.39,3.24,133.1834194,10.256,4-Feb-11,Not Holiday,Non-Holiday,378520.759
2,2011,45,4,759442.33,0,28.73,3.231,183.4408542,8.549,4-Feb-11,Not Holiday,Non-Holiday,413998.4701
2,2011,42,4,586886.16,0,44.88,3.348,127.7195806,8.744,4-Feb-11,Not Holiday,Non-Holiday,459511.4995
2,2011,17,4,816603.05,0,11.29,2.974,127.7195806,6.866,4-Feb-11,Not Holiday,Non-Holiday,639371.8537
2,2011,25,4,639830.45,0,23.94,3.231,205.7329407,7.343,4-Feb-11,Not Holiday,Non-Holiday,311000.4882
2,2011,26,4,911807.02,0,11.17,3.24,133.1834194,7.907,4-Feb-11,Not Holiday,Non-Holiday,684625.0262
2,2011,24,4,1225182.04,0,23.83,3.4,133.1834194,8.252,4-Feb-11,Not Holiday,Non-Holiday,919920.8471
2,2011,21,4,596218.24,0,36.33,2.989,212.2240646,8.028,4-Feb-11,Not Holiday,Non-Holiday,280938.093
2,2011,43,4,651521.77,0,33.21,2.989,204.5264194,10.398,4-Feb-11,Not Holiday,Non-Holiday,318551.3988
2,2011,37,4,583835.18,0,46.68,2.989,211.3333753,8.395,4-Feb-11,Not Holiday,Non-Holiday,276262.6486
2,2011,7,4,558027.77,0,-2.06,3.011,191.7625895,8.818,4-Feb-11,Not Holiday,Non-Holiday,290999.288
2,2011,44,4,293953.08,0,23.35,2.974,127.7195806,7.224,4-Feb-11,Not Holiday,Non-Holiday,230155.0621
2,2011,10,4,1968045.91,0,44.88,3.348,127.7195806,8.744,4-Feb-11,Not Holiday,Non-Holiday,1540911.66
2,2011,28,4,1564897.32,0,45.14,3.348,127.7195806,14.021,4-Feb-11,Not Holiday,Non-Holiday,1225260.303
2,2011,39,4,1343773.94,0,45.96,2.989,211.3333753,8.395,4-Feb-11,Not Holiday,Non-Holiday,635855.0504
2,2011,41,4,1179420.5,0,14.56,3.011,191.7625895,7.241,4-Feb-11,Not Holiday,Non-Holiday,615042.0179
2,2011,14,4,1995891.87,0,28.73,3.231,183.4408542,8.549,4-Feb-11,Not Holiday,Non-Holiday,1088030.188
2,2011,32,4,1070457.8,0,15.47,3.011,191.7625895,8.818,4-Feb-11,Not Holiday,Non-Holiday,558220.3509
2,2011,3,4,438516.53,0,45.95,2.989,215.8863367,7.551,4-Feb-11,Not Holiday,Non-Holiday,203123.7996
2,2011,18,4,1055841.24,0,20.79,3.24,133.1834194,9.131,4-Feb-11,Not Holiday,Non-Holiday,792772.2871
2,2011,36,4,417521.7,0,46.68,2.98,211.3333753,8.395,4-Feb-11,Not Holiday,Non-Holiday,197565.434
2,2011,40,4,904261.65,0,13.29,3.24,133.1834194,5.114,4-Feb-11,Not Holiday,Non-Holiday,678959.6288
2,2011,9,4,544612.28,0,31.82,2.989,216.1162864,6.416,4-Feb-11,Not Holiday,Non-Holiday,251999.6475
2,2011,20,4,2351143.07,0,28.58,3.231,205.7329407,7.343,4-Feb-11,Not Holiday,Non-Holiday,1142813.135
2,2011,5,4,329613.2,0,41.67,2.989,213.1229755,6.634,4-Feb-11,Not Holiday,Non-Holiday,154658.6891
2,2011,30,4,490970.95,0,36.33,2.989,212.2240646,8.028,4-Feb-11,Not Holiday,Non-Holiday,231345.5597
2,2011,33,4,234218.03,0,49.26,3.348,127.7195806,8.951,4-Feb-11,Not Holiday,Non-Holiday,183384.5906
2,2011,15,4,556550.85,0,20.69,3.4,133.1834194,7.771,4-Feb-11,Not Holiday,Non-Holiday,417882.9861
2,2011,22,4,946060.98,0,26.39,3.24,137.0542431,8.458,4-Feb-11,Not Holiday,Non-Holiday,690282.153
2,2011,13,4,1848186.58,0,23.35,2.974,127.7195806,7.47,4-Feb-11,Not Holiday,Non-Holiday,1447065.964
2,2011,2,4,1929346.23,0,38.25,2.989,212.2240646,8.028,4-Feb-11,Not Holiday,Non-Holiday,909108.1323
2,2011,11,4,1422546.05,0,47.17,2.989,215.8863367,7.551,4-Feb-11,Not Holiday,Non-Holiday,658932.8772
2,2011,28,18,1514828.82,0,53.35,3.43,127.99525,14.021,18-Feb-11,Not Holiday,Non-Holiday,1183503.935
2,2011,10,18,2106934.55,0,61.77,3.43,127.99525,8.744,18-Feb-11,Not Holiday,Non-Holiday,1646103.703
2,2011,2,18,2080884.82,0,57.83,3.045,212.9033115,8.028,18-Feb-11,Not Holiday,Non-Holiday,977384.9008
2,2011,21,18,884701.92,0,59.87,3.045,212.9033115,8.028,18-Feb-11,Not Holiday,Non-Holiday,415541.6437
2,2011,4,18,2316495.56,0,48.17,3.058,127.99525,6.51,18-Feb-11,Not Holiday,Non-Holiday,1809829.318
2,2011,25,18,634637.03,0,38.42,3.245,206.3694701,7.343,18-Feb-11,Not Holiday,Non-Holiday,307524.6691
2,2011,27,18,1709365.19,0,39.32,3.42,137.2511849,7.827,18-Feb-11,Not Holiday,Non-Holiday,1245428.366
2,2011,44,18,280785.76,0,40.85,3.062,127.99525,7.224,18-Feb-11,Not Holiday,Non-Holiday,219372.0158
2,2011,36,18,427175.03,0,57.48,3.017,212.0063522,8.395,18-Feb-11,Not Holiday,Non-Holiday,201491.6183
2,2011,35,18,865305.88,0,39.32,3.245,137.2511849,8.549,18-Feb-11,Not Holiday,Non-Holiday,630454.2148
2,2011,1,18,1686842.78,0,57.36,3.045,213.2478853,7.742,18-Feb-11,Not Holiday,Non-Holiday,791024.3882
2,2011,45,18,802253.41,0,40.7,3.245,183.9371353,8.549,18-Feb-11,Not Holiday,Non-Holiday,436156.3035
2,2011,7,18,572387.47,0,17.3,3.051,191.9178331,8.818,18-Feb-11,Not Holiday,Non-Holiday,298246.1092
2,2011,18,18,1095058.57,0,31.59,3.263,133.3701429,9.131,18-Feb-11,Not Holiday,Non-Holiday,821067.254
2,2011,20,18,2258616.24,0,42.95,3.245,206.3694701,7.343,18-Feb-11,Not Holiday,Non-Holiday,1094452.701
2,2011,38,18,364606.7,0,53.35,3.43,127.99525,14.021,18-Feb-11,Not Holiday,Non-Holiday,284859.5553
2,2011,9,18,610985.56,0,58.5,3.045,216.8154856,6.416,18-Feb-11,Not Holiday,Non-Holiday,281799.7793
2,2011,17,18,860962.91,0,26.86,3.062,127.99525,6.866,18-Feb-11,Not Holiday,Non-Holiday,672652.2351
2,2011,42,18,556485.1,0,61.77,3.43,127.99525,8.744,18-Feb-11,Not Holiday,Non-Holiday,434770.1184
2,2011,15,18,649993.5,0,33.06,3.42,133.3701429,7.771,18-Feb-11,Not Holiday,Non-Holiday,487360.5785
2,2011,34,18,1062629.3,0,45.12,3.058,127.99525,10.398,18-Feb-11,Not Holiday,Non-Holiday,830209.9492
2,2011,31,18,1539063.91,0,59.87,3.045,212.9033115,8.028,18-Feb-11,Not Holiday,Non-Holiday,722893.3637
2,2011,40,18,968694.45,0,21.82,3.263,133.3701429,5.114,18-Feb-11,Not Holiday,Non-Holiday,726320.321
2,2011,33,18,252349.6,0,62.03,3.43,127.99525,8.951,18-Feb-11,Not Holiday,Non-Holiday,197155.4413
2,2011,30,18,417070.51,0,59.87,3.045,212.9033115,8.028,18-Feb-11,Not Holiday,Non-Holiday,195896.6758
2,2011,5,18,356622.61,0,58.83,3.045,213.8068304,6.634,18-Feb-11,Not Holiday,Non-Holiday,166796.6404
2,2011,22,18,975964.86,0,35.34,3.263,137.2511849,8.458,18-Feb-11,Not Holiday,Non-Holiday,711079.3693
2,2011,43,18,626627.77,0,59.15,3.045,205.1683214,10.398,18-Feb-11,Not Holiday,Non-Holiday,305421.3076
2,2011,37,18,536840.69,0,57.48,3.045,212.0063522,8.395,18-Feb-11,Not Holiday,Non-Holiday,253219.1533
2,2011,11,18,1554747.15,0,61.5,3.045,216.5843571,7.551,18-Feb-11,Not Holiday,Non-Holiday,717848.3113
2,2011,13,18,2003480.59,0,40.85,3.062,127.99525,7.47,18-Feb-11,Not Holiday,Non-Holiday,1565277.297
2,2011,16,18,491179.79,0,27.18,3.051,191.9178331,6.614,18-Feb-11,Not Holiday,Non-Holiday,255932.3342
2,2011,23,18,1369971.57,0,26.6,3.263,133.3701429,5.114,18-Feb-11,Not Holiday,Non-Holiday,1027195.098
2,2011,12,18,1128485.1,0,53.35,3.43,127.99525,14.021,18-Feb-11,Not Holiday,Non-Holiday,881661.7023
2,2011,14,18,2019031.67,0,40.7,3.245,183.9371353,8.549,18-Feb-11,Not Holiday,Non-Holiday,1097674.848
2,2011,3,18,432782.1,0,61.58,3.045,216.5843571,7.551,18-Feb-11,Not Holiday,Non-Holiday,199821.4949
2,2011,32,18,1183528.58,0,42.09,3.051,191.9178331,8.818,18-Feb-11,Not Holiday,Non-Holiday,616685.0474
2,2011,8,18,1065108.64,0,50.64,3.045,216.6310383,6.262,18-Feb-11,Not Holiday,Non-Holiday,491669.4525
2,2011,24,18,1360150.12,0,34.04,3.42,133.3701429,8.252,18-Feb-11,Not Holiday,Non-Holiday,1019831.043
2,2011,26,18,981978.02,0,19.63,3.263,133.3701429,7.907,18-Feb-11,Not Holiday,Non-Holiday,736280.2488
2,2011,19,18,1457270.16,0,34.74,3.42,133.3701429,7.771,18-Feb-11,Not Holiday,Non-Holiday,1092650.97
2,2011,6,18,1572117.54,0,59.61,3.045,214.7775231,6.858,18-Feb-11,Not Holiday,Non-Holiday,731974.8907
2,2011,29,18,542529.21,0,35.34,3.263,133.3701429,10.256,18-Feb-11,Not Holiday,Non-Holiday,406784.6058
2,2011,39,18,1335233.74,0,58.2,3.045,212.0063522,8.395,18-Feb-11,Not Holiday,Non-Holiday,629808.3648
2,2011,41,18,1203399.64,0,39.39,3.051,191.9178331,7.241,18-Feb-11,Not Holiday,Non-Holiday,627038.9888
2,2011,33,25,242901.21,0,54.89,3.398,128.13,8.951,25-Feb-11,Not Holiday,Non-Holiday,189574.0342
2,2011,39,25,1240921.19,0,67.77,3.065,212.2912786,8.395,25-Feb-11,Not Holiday,Non-Holiday,584537.056
2,2011,4,25,2078094.69,0,49,3.087,128.13,6.51,25-Feb-11,Not Holiday,Non-Holiday,1621864.271
2,2011,36,25,380279.44,0,67.73,3.053,212.2912786,8.395,25-Feb-11,Not Holiday,Non-Holiday,179130.9763
2,2011,5,25,294659.5,0,63.35,3.065,214.0955503,6.634,25-Feb-11,Not Holiday,Non-Holiday,137629.9038
2,2011,45,25,733716.78,0,35.78,3.274,184.1625632,8.549,25-Feb-11,Not Holiday,Non-Holiday,398407.1286
2,2011,22,25,911245.43,0,30.23,3.281,137.3764439,8.458,25-Feb-11,Not Holiday,Non-Holiday,663320.0017
2,2011,42,25,526904.08,0,53.59,3.398,128.13,8.744,25-Feb-11,Not Holiday,Non-Holiday,411226.1609
2,2011,2,25,1833511.08,0,60.8,3.065,213.190421,8.028,25-Feb-11,Not Holiday,Non-Holiday,860034.4572
2,2011,44,25,279427.93,0,33.17,3.12,128.13,7.224,25-Feb-11,Not Holiday,Non-Holiday,218081.5812
2,2011,8,25,917317.15,0,51.29,3.065,216.9247918,6.262,25-Feb-11,Not Holiday,Non-Holiday,422873.3573
2,2011,28,25,1311796.91,0,48.45,3.53,128.13,14.021,25-Feb-11,Not Holiday,Non-Holiday,1023801.538
2,2011,13,25,1831933.95,0,33.17,3.12,128.13,7.47,25-Feb-11,Not Holiday,Non-Holiday,1429746.312
2,2011,16,25,475201.64,0,26.15,3.101,191.9647167,6.614,25-Feb-11,Not Holiday,Non-Holiday,247546.3451
2,2011,35,25,841129.26,0,33.05,3.274,137.3764439,8.549,25-Feb-11,Not Holiday,Non-Holiday,612280.56
2,2011,24,25,1235121.33,0,26.09,3.452,133.4921429,8.252,25-Feb-11,Not Holiday,Non-Holiday,925238.9715
2,2011,41,25,1099714.93,0,26.1,3.101,191.9647167,7.241,25-Feb-11,Not Holiday,Non-Holiday,572873.4681
2,2011,19,25,1296658.47,0,23.24,3.452,133.4921429,7.771,25-Feb-11,Not Holiday,Non-Holiday,971336.9205
2,2011,11,25,1323999.36,0,68.74,3.065,216.8780275,7.551,25-Feb-11,Not Holiday,Non-Holiday,610481.0963
2,2011,38,25,354232.34,0,48.45,3.53,128.13,14.021,25-Feb-11,Not Holiday,Non-Holiday,276463.2327
2,2011,27,25,1688935.71,0,33.05,3.452,137.3764439,7.827,25-Feb-11,Not Holiday,Non-Holiday,1229421.626
2,2011,30,25,432687.97,0,61.27,3.065,213.190421,8.028,25-Feb-11,Not Holiday,Non-Holiday,202958.4481
2,2011,31,25,1365678.22,0,61.27,3.065,213.190421,8.028,25-Feb-11,Not Holiday,Non-Holiday,640590.7984
2,2011,14,25,1875708.88,0,35.78,3.274,184.1625632,8.549,25-Feb-11,Not Holiday,Non-Holiday,1018507.153
2,2011,29,25,483660.15,0,30.23,3.281,133.4921429,10.256,25-Feb-11,Not Holiday,Non-Holiday,362313.571
2,2011,6,25,1422600.43,0,62.86,3.065,215.0679731,6.858,25-Feb-11,Not Holiday,Non-Holiday,661465.4937
2,2011,20,25,1938608.52,0,33.2,3.274,206.6424093,7.343,25-Feb-11,Not Holiday,Non-Holiday,938146.495
2,2011,26,25,910298.44,0,16.3,3.281,133.4921429,7.907,25-Feb-11,Not Holiday,Non-Holiday,681911.6243
2,2011,34,25,953331.45,0,44.57,3.087,128.13,10.398,25-Feb-11,Not Holiday,Non-Holiday,744034.5352
2,2011,1,25,1456800.28,0,62.9,3.065,213.535609,7.742,25-Feb-11,Not Holiday,Non-Holiday,682228.2648
2,2011,32,25,1054754.67,0,33,3.101,191.9647167,8.818,25-Feb-11,Not Holiday,Non-Holiday,549452.3619
2,2011,9,25,513107.2,0,59.01,3.065,217.1095679,6.416,25-Feb-11,Not Holiday,Non-Holiday,236335.6
2,2011,21,25,768313.85,0,61.27,3.065,213.190421,8.028,25-Feb-11,Not Holiday,Non-Holiday,360388.542
2,2011,17,25,767256.53,0,24.36,3.12,128.13,6.866,25-Feb-11,Not Holiday,Non-Holiday,598810.9966
2,2011,7,25,546690.84,0,17.46,3.101,191.9647167,8.818,25-Feb-11,Not Holiday,Non-Holiday,284787.147
2,2011,12,25,1046203.72,0,48.45,3.53,128.13,14.021,25-Feb-11,Not Holiday,Non-Holiday,816517.3808
2,2011,15,25,547564.09,0,20.87,3.452,133.4921429,7.771,25-Feb-11,Not Holiday,Non-Holiday,410184.5083
2,2011,18,25,1005983.31,0,26.15,3.281,133.4921429,9.131,25-Feb-11,Not Holiday,Non-Holiday,753589.9029
2,2011,10,25,1967996.71,0,53.59,3.398,128.13,8.744,25-Feb-11,Not Holiday,Non-Holiday,1535937.493
2,2011,3,25,397211.19,0,67.4,3.065,216.8780275,7.551,25-Feb-11,Not Holiday,Non-Holiday,183149.577
12,2011,25,16,997502.47,0,33.09,3.413,212.0685039,7.082,16-Dec-11,Not Holiday,Non-Holiday,470368.0422
2,2011,43,25,592340.01,0,58.37,3.065,205.4415714,10.398,25-Feb-11,Not Holiday,Non-Holiday,288325.2917
2,2011,40,25,888869.27,0,16.5,3.281,133.4921429,5.114,25-Feb-11,Not Holiday,Non-Holiday,665858.8668
2,2011,23,25,1206917.2,0,17,3.281,133.4921429,5.114,25-Feb-11,Not Holiday,Non-Holiday,904111.0389
2,2011,25,25,570816.34,0,28.36,3.274,206.6424093,7.343,25-Feb-11,Not Holiday,Non-Holiday,276233.8776
11,2011,22,4,1106575.59,0,42.81,3.586,140.4279758,7.706,4-Nov-11,Not Holiday,Non-Holiday,788002.2365
11,2011,5,4,353652.23,0,56.71,3.332,218.408408,6.3,4-Nov-11,Not Holiday,Non-Holiday,161922.443
11,2011,34,4,992621.93,0,48.04,3.322,129.8051935,10.148,4-Nov-11,Not Holiday,Non-Holiday,764701.2444
11,2011,15,4,615121.78,0,43.39,3.738,136.475129,7.866,4-Nov-11,Not Holiday,Non-Holiday,450720.7903
11,2011,7,4,564536.01,0,23.41,3.527,195.4847959,8.513,4-Nov-11,Not Holiday,Non-Holiday,288787.6816
11,2011,2,4,1959707.9,0,55.53,3.332,217.4853605,7.441,4-Nov-11,Not Holiday,Non-Holiday,901075.7761
11,2011,10,4,1904438.59,0,68.57,3.828,129.8051935,7.874,4-Nov-11,Not Holiday,Non-Holiday,1467151.305
11,2011,38,4,436970.1,0,59.77,3.828,129.8051935,12.89,4-Nov-11,Not Holiday,Non-Holiday,336635.298
11,2011,18,4,1100625.06,0,38.29,3.586,136.475129,8.471,4-Nov-11,Not Holiday,Non-Holiday,806465.6675
11,2011,28,4,1576654.67,0,59.77,3.828,129.8051935,12.89,4-Nov-11,Not Holiday,Non-Holiday,1214631.424
11,2011,11,4,1458287.38,0,61.13,3.332,221.245968,7.197,4-Nov-11,Not Holiday,Non-Holiday,659124.9518
11,2011,21,4,767358.37,0,56.01,3.332,217.4853605,7.441,4-Nov-11,Not Holiday,Non-Holiday,352832.1944
11,2011,42,4,597667.21,0,68.57,3.828,129.8051935,7.874,4-Nov-11,Not Holiday,Non-Holiday,460433.9733
11,2011,36,4,313387.11,0,58.97,3.287,216.5634344,7.716,4-Nov-11,Not Holiday,Non-Holiday,144709.1522
11,2011,39,4,1553629.59,0,58.04,3.332,216.5634344,7.716,4-Nov-11,Not Holiday,Non-Holiday,717401.6215
11,2011,30,4,432359.04,0,56.01,3.332,217.4853605,7.441,4-Nov-11,Not Holiday,Non-Holiday,198799.1463
11,2011,20,4,2284106.6,0,43.88,3.551,210.8364551,7.082,4-Nov-11,Not Holiday,Non-Holiday,1083354.678
11,2011,26,4,988950.75,0,31.7,3.586,136.475129,7.598,4-Nov-11,Not Holiday,Non-Holiday,724638.0767
11,2011,37,4,555925.6,0,58.97,3.332,216.5634344,7.716,4-Nov-11,Not Holiday,Non-Holiday,256703.3542
11,2011,3,4,459443.22,0,59.31,3.332,221.245968,7.197,4-Nov-11,Not Holiday,Non-Holiday,207661.7369
11,2011,45,4,833429.22,0,43.92,3.551,187.9703629,8.523,4-Nov-11,Not Holiday,Non-Holiday,443383.3117
11,2011,9,4,597855.07,0,54.46,3.332,221.4820921,6.054,4-Nov-11,Not Holiday,Non-Holiday,269933.8192
11,2011,40,4,1011321.18,0,35.4,3.586,136.475129,4.42,4-Nov-11,Not Holiday,Non-Holiday,741029.6568
11,2011,14,4,2174056.71,0,43.92,3.551,187.9703629,8.523,4-Nov-11,Not Holiday,Non-Holiday,1156595.474
11,2011,31,4,1426405.46,0,56.01,3.332,217.4853605,7.441,4-Nov-11,Not Holiday,Non-Holiday,655862.7471
11,2011,41,4,1315684.86,0,35.04,3.527,195.4847959,6.759,4-Nov-11,Not Holiday,Non-Holiday,673036.9254
11,2011,17,4,927657.63,0,37.52,3.538,129.8051935,6.617,4-Nov-11,Not Holiday,Non-Holiday,714653.7091
11,2011,16,4,511059.95,0,33.43,3.527,195.4847959,6.232,4-Nov-11,Not Holiday,Non-Holiday,261432.0708
11,2011,23,4,1428436.33,0,39.18,3.586,136.475129,4.42,4-Nov-11,Not Holiday,Non-Holiday,1046664.209
11,2011,25,4,718393.61,0,40.88,3.551,210.8364551,7.082,4-Nov-11,Not Holiday,Non-Holiday,340735.007
11,2011,32,4,1204628.28,0,37.95,3.527,195.4847959,8.513,4-Nov-11,Not Holiday,Non-Holiday,616226.0724
11,2011,43,4,641905.37,0,59.08,3.332,209.516265,10.148,4-Nov-11,Not Holiday,Non-Holiday,306374.9585
11,2011,27,4,1621109.3,0,44.46,3.738,140.4279758,7.906,4-Nov-11,Not Holiday,Non-Holiday,1154406.229
11,2011,12,4,1051944.79,0,59.77,3.828,129.8051935,12.89,4-Nov-11,Not Holiday,Non-Holiday,810402.6978
11,2011,1,4,1697229.58,0,54.98,3.332,217.837382,7.866,4-Nov-11,Not Holiday,Non-Holiday,779126.8718
11,2011,35,4,653468.75,0,44.46,3.551,140.4279758,8.745,4-Nov-11,Not Holiday,Non-Holiday,465340.8598
11,2011,24,4,1385860.38,0,39.87,3.738,136.475129,8.454,4-Nov-11,Not Holiday,Non-Holiday,1015467.353
11,2011,4,4,2281217.31,0,49.86,3.322,129.8051935,5.143,4-Nov-11,Not Holiday,Non-Holiday,1757416.054
11,2011,33,4,236157.12,0,71.91,3.828,129.8051935,8.01,4-Nov-11,Not Holiday,Non-Holiday,181931.9502
11,2011,44,4,307126.34,0,43.51,3.538,129.8051935,6.078,4-Nov-11,Not Holiday,Non-Holiday,236605.587
11,2011,29,4,620735.72,0,42.81,3.586,136.475129,9.357,4-Nov-11,Not Holiday,Non-Holiday,454834.3164
11,2011,13,4,2036317.54,0,43.51,3.538,129.8051935,6.392,4-Nov-11,Not Holiday,Non-Holiday,1568748.896
11,2011,6,4,1523420.38,0,58.54,3.332,219.4000812,6.551,4-Nov-11,Not Holiday,Non-Holiday,694357.2544
11,2011,8,4,947815.05,0,49.68,3.332,221.2936581,6.123,4-Nov-11,Not Holiday,Non-Holiday,428306.4676
11,2011,19,4,1480289.64,0,44.97,3.738,136.475129,7.866,4-Nov-11,Not Holiday,Non-Holiday,1084658.905
11,2011,25,11,719235.07,0,44.81,3.53,210.9810201,7.082,11-Nov-11,Not Holiday,Non-Holiday,340900.3661
11,2011,9,11,594574.12,0,58.28,3.297,221.6482278,6.054,11-Nov-11,Not Holiday,Non-Holiday,268251.2402
11,2011,5,11,311906.7,0,60.71,3.297,218.5699621,6.3,11-Nov-11,Not Holiday,Non-Holiday,142703.3692
11,2011,37,11,501268.78,0,63.5,3.297,216.7217373,7.716,11-Nov-11,Not Holiday,Non-Holiday,231296.0325
11,2011,24,11,1425078.59,0,46.78,3.719,136.4618065,8.454,11-Nov-11,Not Holiday,Non-Holiday,1044305.822
11,2011,40,11,1037687.07,0,40.75,3.57,136.4618065,4.42,11-Nov-11,Not Holiday,Non-Holiday,760423.0785
11,2011,8,11,917088.48,0,50.56,3.297,221.4595129,6.123,11-Nov-11,Not Holiday,Non-Holiday,414111.1249
11,2011,7,11,556015.59,0,19.53,3.505,195.6376941,8.513,11-Nov-11,Not Holiday,Non-Holiday,284206.7796
11,2011,1,11,1594938.89,0,59.11,3.297,217.9980849,7.866,11-Nov-11,Not Holiday,Non-Holiday,731629.7713
11,2011,16,11,513181.31,0,29.56,3.505,195.6376941,6.232,11-Nov-11,Not Holiday,Non-Holiday,262312.0827
11,2011,14,11,2081534.65,0,47.65,3.53,188.0632345,8.523,11-Nov-11,Not Holiday,Non-Holiday,1106826.997
11,2011,41,11,1302499.23,0,32.87,3.505,195.6376941,6.759,11-Nov-11,Not Holiday,Non-Holiday,665771.101
11,2011,36,11,328498.92,0,63.5,3.254,216.7217373,7.716,11-Nov-11,Not Holiday,Non-Holiday,151576.3597
11,2011,22,11,1051740.29,0,47.8,3.57,140.4111613,7.706,11-Nov-11,Not Holiday,Non-Holiday,749043.2244
11,2011,35,11,880576.33,0,49.69,3.53,140.4111613,8.745,11-Nov-11,Not Holiday,Non-Holiday,627141.2627
11,2011,42,11,643125.29,0,55.28,3.677,129.8167097,7.874,11-Nov-11,Not Holiday,Non-Holiday,495410.253
11,2011,29,11,531600.62,0,47.8,3.57,136.4618065,9.357,11-Nov-11,Not Holiday,Non-Holiday,389560.0048
11,2011,26,11,1077640.13,0,40.08,3.57,136.4618065,7.598,11-Nov-11,Not Holiday,Non-Holiday,789700.9117
11,2011,32,11,1182733,0,38.1,3.505,195.6376941,8.513,11-Nov-11,Not Holiday,Non-Holiday,604552.7195
11,2011,33,11,271961.04,0,58.75,3.677,129.8167097,8.01,11-Nov-11,Not Holiday,Non-Holiday,209496.174
11,2011,43,11,615975.5,0,51.26,3.297,209.6632811,10.148,11-Nov-11,Not Holiday,Non-Holiday,293792.7408
11,2011,31,11,1444783.64,0,59.8,3.297,217.6455387,7.441,11-Nov-11,Not Holiday,Non-Holiday,663824.1467
11,2011,6,11,1536176.54,0,61.33,3.297,219.5631135,6.551,11-Nov-11,Not Holiday,Non-Holiday,699651.4649
11,2011,17,11,914759.2,0,27.61,3.513,129.8167097,6.617,11-Nov-11,Not Holiday,Non-Holiday,704654.4332
11,2011,12,11,1095091.53,0,48.76,3.824,129.8167097,12.89,11-Nov-11,Not Holiday,Non-Holiday,843567.4672
11,2011,39,11,1456957.38,0,63.11,3.297,216.7217373,7.716,11-Nov-11,Not Holiday,Non-Holiday,672270.9951
11,2011,28,11,1402654.95,0,48.76,3.824,129.8167097,12.89,11-Nov-11,Not Holiday,Non-Holiday,1080488.755
11,2011,13,11,2111592.09,0,33.8,3.513,129.8167097,6.392,11-Nov-11,Not Holiday,Non-Holiday,1626594.985
11,2011,11,11,1366053.69,0,64.2,3.297,221.4117517,7.197,11-Nov-11,Not Holiday,Non-Holiday,616974.3383
11,2011,20,11,2269975.85,0,47.27,3.53,210.9810201,7.082,11-Nov-11,Not Holiday,Non-Holiday,1075914.719
11,2011,27,11,1800728.07,0,49.69,3.719,140.4111613,7.906,11-Nov-11,Not Holiday,Non-Holiday,1282467.899
11,2011,34,11,991570.02,0,41.04,3.286,129.8167097,10.148,11-Nov-11,Not Holiday,Non-Holiday,763823.1028
11,2011,30,11,409686.63,0,59.8,3.297,217.6455387,7.441,11-Nov-11,Not Holiday,Non-Holiday,188235.7123
11,2011,4,11,2203028.96,0,47.12,3.286,129.8167097,5.143,11-Nov-11,Not Holiday,Non-Holiday,1697030.348
11,2011,10,11,2076570.84,0,55.28,3.677,129.8167097,7.874,11-Nov-11,Not Holiday,Non-Holiday,1599617.526
11,2011,38,11,411116.95,0,48.76,3.824,129.8167097,12.89,11-Nov-11,Not Holiday,Non-Holiday,316690.3174
11,2011,23,11,1436940.78,0,44.04,3.57,136.4618065,4.42,11-Nov-11,Not Holiday,Non-Holiday,1052998.503
11,2011,18,11,1079931.63,0,45.69,3.57,136.4618065,8.471,11-Nov-11,Not Holiday,Non-Holiday,791380.1361
11,2011,2,11,1920725.15,0,59.33,3.297,217.6455387,7.441,11-Nov-11,Not Holiday,Non-Holiday,882501.5029
11,2011,3,11,407764.25,0,61.7,3.297,221.4117517,7.197,11-Nov-11,Not Holiday,Non-Holiday,184165.586
11,2011,19,11,1502078.93,0,48.22,3.719,136.4618065,7.866,11-Nov-11,Not Holiday,Non-Holiday,1100732.116
11,2011,15,11,618949.82,0,47.13,3.719,136.4618065,7.866,11-Nov-11,Not Holiday,Non-Holiday,453570.0031
11,2011,21,11,757369.87,0,59.8,3.297,217.6455387,7.441,11-Nov-11,Not Holiday,Non-Holiday,347983.1815
11,2011,44,11,312233.56,0,33.8,3.513,129.8167097,6.078,11-Nov-11,Not Holiday,Non-Holiday,240518.7751
11,2011,45,11,808624.82,0,47.65,3.53,188.0632345,8.523,11-Nov-11,Not Holiday,Non-Holiday,429974.9614
11,2011,14,18,1969360.72,0,51.34,3.53,188.1983654,8.523,18-Nov-11,Not Holiday,Non-Holiday,1046428.175
11,2011,22,18,1007579.44,0,50.62,3.571,140.4127857,7.706,18-Nov-11,Not Holiday,Non-Holiday,717583.8261
11,2011,27,18,1723739.44,0,51.42,3.717,140.4127857,7.906,18-Nov-11,Not Holiday,Non-Holiday,1227622.849
11,2011,23,18,1345631.96,0,45.48,3.571,136.4666667,4.42,18-Nov-11,Not Holiday,Non-Holiday,986051.7535
11,2011,4,18,2243946.59,0,50.44,3.294,129.8268333,5.143,18-Nov-11,Not Holiday,Non-Holiday,1728415.1
11,2011,41,18,1230118.02,0,36.64,3.479,195.7184713,6.759,18-Nov-11,Not Holiday,Non-Holiday,628514.0139
11,2011,6,18,1524390.07,0,63.89,3.308,219.7897137,6.551,18-Nov-11,Not Holiday,Non-Holiday,693567.5216
11,2011,43,18,628115.61,0,57.75,3.308,209.8651071,10.148,18-Nov-11,Not Holiday,Non-Holiday,299294.9227
11,2011,45,18,773603.77,0,51.34,3.53,188.1983654,8.523,18-Nov-11,Not Holiday,Non-Holiday,411057.6457
11,2011,37,18,527495.09,0,66.28,3.308,216.9395861,7.716,18-Nov-11,Not Holiday,Non-Holiday,243152.99
11,2011,29,18,504601.29,0,50.62,3.571,136.4666667,9.357,18-Nov-11,Not Holiday,Non-Holiday,369761.5705
11,2011,17,18,877724.31,0,32.93,3.489,129.8268333,6.617,18-Nov-11,Not Holiday,Non-Holiday,676073.1104
11,2011,31,18,1445174.79,0,61.9,3.308,217.8670218,7.441,18-Nov-11,Not Holiday,Non-Holiday,663328.8407
11,2011,20,18,2169933.82,0,49.3,3.53,211.1847207,7.082,18-Nov-11,Not Holiday,Non-Holiday,1027505.121
11,2011,3,18,398838.97,0,63.91,3.308,221.6432852,7.197,18-Nov-11,Not Holiday,Non-Holiday,179946.3357
11,2011,9,18,542414.27,0,58.8,3.308,221.8803923,6.054,18-Nov-11,Not Holiday,Non-Holiday,244462.4621
11,2011,34,18,947552.44,0,46,3.294,129.8268333,10.148,18-Nov-11,Not Holiday,Non-Holiday,729858.7017
11,2011,30,18,436462.63,0,61.9,3.308,217.8670218,7.441,18-Nov-11,Not Holiday,Non-Holiday,200334.4179
11,2011,16,18,480353.64,0,31.73,3.479,195.7184713,6.232,18-Nov-11,Not Holiday,Non-Holiday,245430.9176
11,2011,12,18,970641.34,0,54.2,3.813,129.8268333,12.89,18-Nov-11,Not Holiday,Non-Holiday,747643.0837
11,2011,2,18,1902762.5,0,62.01,3.308,217.8670218,7.441,18-Nov-11,Not Holiday,Non-Holiday,873359.577
11,2011,18,18,1056992.18,0,47.88,3.571,136.4666667,8.471,18-Nov-11,Not Holiday,Non-Holiday,774542.3887
11,2011,15,18,597856.51,0,46.53,3.717,136.4666667,7.866,18-Nov-11,Not Holiday,Non-Holiday,438097.1005
11,2011,44,18,310531.04,0,40.65,3.489,129.8268333,6.078,18-Nov-11,Not Holiday,Non-Holiday,239188.6424
11,2011,21,18,737014.09,0,61.9,3.308,217.8670218,7.441,18-Nov-11,Not Holiday,Non-Holiday,338286.2096
11,2011,19,18,1411835.57,0,48.21,3.717,136.4666667,7.866,18-Nov-11,Not Holiday,Non-Holiday,1034564.414
11,2011,11,18,1315091.63,0,66.17,3.308,221.6432852,7.197,18-Nov-11,Not Holiday,Non-Holiday,593337.0049
11,2011,35,18,820964.1,0,51.42,3.53,140.4127857,8.745,18-Nov-11,Not Holiday,Non-Holiday,584679.0204
11,2011,5,18,307944.37,0,64.33,3.308,218.793912,6.3,18-Nov-11,Not Holiday,Non-Holiday,140746.3156
11,2011,24,18,1297535.69,0,48.17,3.717,136.4666667,8.454,18-Nov-11,Not Holiday,Non-Holiday,950807.7843
11,2011,40,18,905399.99,0,41.85,3.571,136.4666667,4.42,18-Nov-11,Not Holiday,Non-Holiday,663458.7126
11,2011,38,18,392003.13,0,54.2,3.813,129.8268333,12.89,18-Nov-11,Not Holiday,Non-Holiday,301943.073
11,2011,28,18,1255081.22,0,54.2,3.813,129.8268333,12.89,18-Nov-11,Not Holiday,Non-Holiday,966734.8329
11,2011,7,18,539826.56,0,29.53,3.479,195.7184713,8.513,18-Nov-11,Not Holiday,Non-Holiday,275817.8911
11,2011,1,18,1539483.7,0,62.25,3.308,218.2205088,7.866,18-Nov-11,Not Holiday,Non-Holiday,705471.5931
11,2011,36,18,332901.94,0,66.28,3.26,216.9395861,7.716,18-Nov-11,Not Holiday,Non-Holiday,153453.7546
11,2011,42,18,567673.87,0,58.97,3.669,129.8268333,7.874,18-Nov-11,Not Holiday,Non-Holiday,437254.6534
11,2011,39,18,1510397.27,0,66.09,3.308,216.9395861,7.716,18-Nov-11,Not Holiday,Non-Holiday,696229.4421
11,2011,32,18,1181651.55,0,42.61,3.479,195.7184713,8.513,18-Nov-11,Not Holiday,Non-Holiday,603750.6538
11,2011,33,18,251294.5,0,63.35,3.669,129.8268333,8.01,18-Nov-11,Not Holiday,Non-Holiday,193561.2952
11,2011,25,18,728525.6,0,46.41,3.53,211.1847207,7.082,18-Nov-11,Not Holiday,Non-Holiday,344970.7903
11,2011,26,18,946091.79,0,37.78,3.571,136.4666667,7.598,18-Nov-11,Not Holiday,Non-Holiday,693276.8367
11,2011,8,18,897032.19,0,51.72,3.308,221.6911738,6.123,18-Nov-11,Not Holiday,Non-Holiday,404631.4405
11,2011,13,18,2016323.51,0,40.65,3.489,129.8268333,6.392,18-Nov-11,Not Holiday,Non-Holiday,1553086.876
11,2011,10,18,1869087.85,0,58.97,3.669,129.8268333,7.874,18-Nov-11,Not Holiday,Non-Holiday,1439677.609
12,2011,44,2,284309.34,0,33.94,3.389,129.8459667,6.078,2-Dec-11,Not Holiday,Non-Holiday,218958.9305
12,2011,33,2,220060.35,0,59.12,3.701,129.8459667,8.01,2-Dec-11,Not Holiday,Non-Holiday,169478.002
12,2011,15,2,699028.66,0,45.67,3.666,136.4909333,7.866,2-Dec-11,Not Holiday,Non-Holiday,512142.9263
12,2011,8,2,986601.46,0,40.82,3.172,222.2071405,6.123,2-Dec-11,Not Holiday,Non-Holiday,444000.7903
12,2011,35,2,903606.03,0,50.55,3.452,140.4307857,8.745,2-Dec-11,Not Holiday,Non-Holiday,643452.9477
12,2011,1,2,1584083.95,0,48.91,3.172,218.7147333,7.866,2-Dec-11,Not Holiday,Non-Holiday,724269.429
12,2011,22,2,1167621.14,0,49.11,3.501,140.4307857,7.706,2-Dec-11,Not Holiday,Non-Holiday,831456.674
12,2011,24,2,1335647.1,0,47.21,3.666,136.4909333,8.454,2-Dec-11,Not Holiday,Non-Holiday,978561.0426
12,2011,45,2,875699.81,0,50.19,3.452,188.5024346,8.523,2-Dec-11,Not Holiday,Non-Holiday,464556.2334
12,2011,21,2,793184.25,0,48.72,3.172,218.3590319,7.441,2-Dec-11,Not Holiday,Non-Holiday,363247.7407
12,2011,34,2,988742.08,0,39.75,3.176,129.8459667,10.148,2-Dec-11,Not Holiday,Non-Holiday,761473.0785
12,2011,23,2,1552886.59,0,43.6,3.501,136.4909333,4.42,2-Dec-11,Not Holiday,Non-Holiday,1137721.424
12,2011,3,2,472511.32,0,54.97,3.172,222.1589519,7.197,2-Dec-11,Not Holiday,Non-Holiday,212690.6505
12,2011,9,2,613115.21,0,46.84,3.172,222.3975443,6.054,2-Dec-11,Not Holiday,Non-Holiday,275684.3435
12,2011,14,2,2143080.57,0,50.19,3.452,188.5024346,8.523,2-Dec-11,Not Holiday,Non-Holiday,1136898.085
12,2011,37,2,527117.81,0,53.57,3.172,217.4229206,7.716,2-Dec-11,Not Holiday,Non-Holiday,242438.9336
12,2011,31,2,1388809.43,0,48.72,3.172,218.3590319,7.441,2-Dec-11,Not Holiday,Non-Holiday,636021.0603
12,2011,43,2,585028.26,0,47.49,3.172,210.3126071,10.148,2-Dec-11,Not Holiday,Non-Holiday,278170.7992
12,2011,13,2,2051315.66,0,33.94,3.389,129.8459667,6.392,2-Dec-11,Not Holiday,Non-Holiday,1579806.991
12,2011,25,2,878314.57,0,42.85,3.452,211.6394306,7.082,2-Dec-11,Not Holiday,Non-Holiday,415005.1659
12,2011,42,2,511883.36,0,57.29,3.701,129.8459667,7.874,2-Dec-11,Not Holiday,Non-Holiday,394223.535
12,2011,32,2,1179773.88,0,33.8,3.378,195.8223287,8.513,2-Dec-11,Not Holiday,Non-Holiday,602471.5812
12,2011,36,2,293350.51,0,53.57,3.164,217.4229206,7.716,2-Dec-11,Not Holiday,Non-Holiday,134921.6123
12,2011,2,2,1954952,0,48.74,3.172,218.3590319,7.441,2-Dec-11,Not Holiday,Non-Holiday,895292.4837
12,2011,12,2,1071383.1,0,52.5,3.701,129.8459667,12.89,2-Dec-11,Not Holiday,Non-Holiday,825118.5056
12,2011,11,2,1399322.44,0,56.89,3.172,222.1589519,7.197,2-Dec-11,Not Holiday,Non-Holiday,629874.4336
12,2011,10,2,2068097.18,0,57.29,3.701,129.8459667,7.874,2-Dec-11,Not Holiday,Non-Holiday,1592731.166
12,2011,26,2,1012498.49,0,36.74,3.501,136.4909333,7.598,2-Dec-11,Not Holiday,Non-Holiday,741806.4083
12,2011,4,2,2180999.26,0,38.71,3.176,129.8459667,5.143,2-Dec-11,Not Holiday,Non-Holiday,1679681.946
12,2011,20,2,2298776.83,0,46.32,3.452,211.6394306,7.082,2-Dec-11,Not Holiday,Non-Holiday,1086176.061
12,2011,5,2,376225.61,0,51.14,3.172,219.2917287,6.3,2-Dec-11,Not Holiday,Non-Holiday,171563.9765
12,2011,39,2,1632894.58,0,53.14,3.172,217.4229206,7.716,2-Dec-11,Not Holiday,Non-Holiday,751022.2821
12,2011,40,2,1059676.62,0,38.51,3.501,136.4909333,4.42,2-Dec-11,Not Holiday,Non-Holiday,776371.4368
12,2011,17,2,945267.68,0,26.47,3.389,129.8459667,6.617,2-Dec-11,Not Holiday,Non-Holiday,727991.5611
12,2011,6,2,1688531.34,0,51.18,3.172,220.2937686,6.551,2-Dec-11,Not Holiday,Non-Holiday,766490.7413
12,2011,27,2,1806924.74,0,50.55,3.666,140.4307857,7.906,2-Dec-11,Not Holiday,Non-Holiday,1286701.296
12,2011,18,2,1188047.61,0,46.25,3.501,136.4909333,8.471,2-Dec-11,Not Holiday,Non-Holiday,870422.3653
12,2011,7,2,591907.88,0,20.38,3.378,195.8223287,8.513,2-Dec-11,Not Holiday,Non-Holiday,302267.8179
12,2011,30,2,412385.75,0,48.72,3.172,218.3590319,7.441,2-Dec-11,Not Holiday,Non-Holiday,188856.7404
12,2011,41,2,1292436.23,0,34.53,3.378,195.8223287,6.759,2-Dec-11,Not Holiday,Non-Holiday,660004.5248
12,2011,19,2,1484708.38,0,45.67,3.666,136.4909333,7.866,2-Dec-11,Not Holiday,Non-Holiday,1087770.7
12,2011,38,2,411252.02,0,52.5,3.701,129.8459667,12.89,2-Dec-11,Not Holiday,Non-Holiday,316722.9837
12,2011,28,2,1368130.35,0,52.5,3.701,129.8459667,12.89,2-Dec-11,Not Holiday,Non-Holiday,1053656.409
12,2011,29,2,579874.22,0,49.11,3.501,136.4909333,9.357,2-Dec-11,Not Holiday,Non-Holiday,424844.4977
12,2011,16,2,530492.84,0,27.83,3.378,195.8223287,6.232,2-Dec-11,Not Holiday,Non-Holiday,270905.1841
12,2011,17,9,976522.93,0,17.56,3.341,129.8555333,6.617,9-Dec-11,Not Holiday,Non-Holiday,752007.1769
12,2011,40,9,1158708.98,0,34.48,3.47,136.5030667,4.42,9-Dec-11,Not Holiday,Non-Holiday,848851.9767
12,2011,42,9,619133.48,0,42.58,3.644,129.8555333,7.874,9-Dec-11,Not Holiday,Non-Holiday,476786.3673
12,2011,20,9,2546123.78,0,41.64,3.415,211.8667856,7.082,9-Dec-11,Not Holiday,Non-Holiday,1201756.931
12,2011,33,9,270373.05,0,47.7,3.644,129.8555333,8.01,9-Dec-11,Not Holiday,Non-Holiday,208210.65
12,2011,32,9,1415746.91,0,17.94,3.331,195.8742575,8.513,9-Dec-11,Not Holiday,Non-Holiday,722783.549
12,2011,24,9,1529615.54,0,42.3,3.627,136.5030667,8.454,9-Dec-11,Not Holiday,Non-Holiday,1120572.29
12,2011,5,9,367433.77,0,44.12,3.158,219.540637,6.3,9-Dec-11,Not Holiday,Non-Holiday,167364.81
12,2011,21,9,897747.13,0,41.44,3.158,218.605037,7.441,9-Dec-11,Not Holiday,Non-Holiday,410670.8346
12,2011,11,9,1646655.94,0,50.63,3.158,222.4167852,7.197,9-Dec-11,Not Holiday,Non-Holiday,740346.9745
12,2011,1,9,1799682.38,0,43.93,3.158,218.9618456,7.866,9-Dec-11,Not Holiday,Non-Holiday,821915.9713
12,2011,16,9,574798.86,0,14.44,3.331,195.8742575,6.232,9-Dec-11,Not Holiday,Non-Holiday,293452.9873
12,2011,2,9,2290549.32,0,41.76,3.158,218.605037,7.441,9-Dec-11,Not Holiday,Non-Holiday,1047802.627
12,2011,36,9,312298.37,0,50.64,3.147,217.6645878,7.716,9-Dec-11,Not Holiday,Non-Holiday,143476.8849
12,2011,3,9,468772.8,0,49.26,3.158,222.4167852,7.197,9-Dec-11,Not Holiday,Non-Holiday,210763.2298
12,2011,22,9,1308967.44,0,45.35,3.47,140.4397857,7.706,9-Dec-11,Not Holiday,Non-Holiday,932048.8731
12,2011,31,9,1556798.94,0,41.44,3.158,218.605037,7.441,9-Dec-11,Not Holiday,Non-Holiday,712151.4496
12,2011,28,9,1467024.3,0,42.17,3.644,129.8555333,12.89,9-Dec-11,Not Holiday,Non-Holiday,1129735.686
12,2011,7,9,653845.45,0,11.17,3.331,195.8742575,8.513,9-Dec-11,Not Holiday,Non-Holiday,333808.7701
12,2011,26,9,1148987.46,0,34.24,3.47,136.5030667,7.598,9-Dec-11,Not Holiday,Non-Holiday,841730.1441
12,2011,12,9,1189646.45,0,42.17,3.644,129.8555333,12.89,9-Dec-11,Not Holiday,Non-Holiday,916130.7337
12,2011,9,9,630327.28,0,37.65,3.158,222.6561203,6.054,9-Dec-11,Not Holiday,Non-Holiday,283094.5222
12,2011,44,9,304300.91,0,24.82,3.341,129.8555333,6.078,9-Dec-11,Not Holiday,Non-Holiday,234338.0388
12,2011,43,9,617898.07,0,34.23,3.158,210.5363571,10.148,9-Dec-11,Not Holiday,Non-Holiday,293487.585
12,2011,4,9,2508955.24,0,31.64,3.153,129.8555333,5.143,9-Dec-11,Not Holiday,Non-Holiday,1932112.692
12,2011,41,9,1548661.45,0,17.05,3.331,195.8742575,6.759,9-Dec-11,Not Holiday,Non-Holiday,790640.6231
12,2011,18,9,1368471.23,0,42.36,3.47,136.5030667,8.471,9-Dec-11,Not Holiday,Non-Holiday,1002520.502
12,2011,14,9,2470581.29,0,46.57,3.415,188.6544692,8.523,9-Dec-11,Not Holiday,Non-Holiday,1309580.049
12,2011,34,9,1084243.91,0,24.69,3.153,129.8555333,10.148,9-Dec-11,Not Holiday,Non-Holiday,834961.655
12,2011,6,9,1903385.14,0,43.64,3.158,220.5457961,6.551,9-Dec-11,Not Holiday,Non-Holiday,863033.9701
12,2011,37,9,537224.52,0,50.64,3.158,217.6645878,7.716,9-Dec-11,Not Holiday,Non-Holiday,246813.0096
12,2011,30,9,436741.02,0,41.44,3.158,218.605037,7.441,9-Dec-11,Not Holiday,Non-Holiday,199785.4331
12,2011,8,9,1051922.95,0,30.51,3.158,222.4651238,6.123,9-Dec-11,Not Holiday,Non-Holiday,472848.4771
12,2011,39,9,1781528.77,0,49.36,3.158,217.6645878,7.716,9-Dec-11,Not Holiday,Non-Holiday,818474.3269
12,2011,29,9,633240.53,0,45.35,3.47,136.5030667,9.357,9-Dec-11,Not Holiday,Non-Holiday,463902.0539
12,2011,10,9,2429310.9,0,42.58,3.644,129.8555333,7.874,9-Dec-11,Not Holiday,Non-Holiday,1870779.657
12,2011,23,9,1841173.6,0,36.4,3.47,136.5030667,4.42,9-Dec-11,Not Holiday,Non-Holiday,1348814.825
12,2011,35,9,948964.99,0,46.28,3.415,140.4397857,8.745,9-Dec-11,Not Holiday,Non-Holiday,675709.5116
12,2011,45,9,957155.31,0,46.57,3.415,188.6544692,8.523,9-Dec-11,Not Holiday,Non-Holiday,507358.9372
12,2011,25,9,916446.02,0,38.69,3.415,211.8667856,7.082,9-Dec-11,Not Holiday,Non-Holiday,432557.6647
12,2011,38,9,435401.64,0,42.17,3.644,129.8555333,12.89,9-Dec-11,Not Holiday,Non-Holiday,335296.948
12,2011,13,9,2462779.06,0,24.82,3.341,129.8555333,6.392,9-Dec-11,Not Holiday,Non-Holiday,1896553.037
12,2011,19,9,1713769.06,0,40.18,3.627,136.5030667,7.866,9-Dec-11,Not Holiday,Non-Holiday,1255480.262
12,2011,15,9,764565.55,0,38.53,3.627,136.5030667,7.866,9-Dec-11,Not Holiday,Non-Holiday,560108.6983
12,2011,27,9,2014665.98,0,46.28,3.627,140.4397857,7.906,9-Dec-11,Not Holiday,Non-Holiday,1434540.768
12,2011,30,16,441265.08,0,50.56,3.159,218.8217928,7.441,16-Dec-11,Not Holiday,Non-Holiday,201654.9971
12,2011,18,16,1516924.23,0,35.52,3.445,136.5335161,8.471,16-Dec-11,Not Holiday,Non-Holiday,1111027.002
12,2011,35,16,1115255.65,0,40.68,3.413,140.4700795,8.745,16-Dec-11,Not Holiday,Non-Holiday,793945.3398
12,2011,44,16,311144.16,0,27.85,3.282,129.8980645,6.078,16-Dec-11,Not Holiday,Non-Holiday,239529.4812
12,2011,21,16,1027584.51,0,50.56,3.159,218.8217928,7.441,16-Dec-11,Not Holiday,Non-Holiday,469598.7986
12,2011,33,16,259638.35,0,53.18,3.489,129.8980645,8.01,16-Dec-11,Not Holiday,Non-Holiday,199878.5363
12,2011,31,16,1611196.61,0,50.56,3.159,218.8217928,7.441,16-Dec-11,Not Holiday,Non-Holiday,736305.3695
12,2011,37,16,533905.67,0,58.31,3.159,217.8781339,7.716,16-Dec-11,Not Holiday,Non-Holiday,245047.8442
12,2011,20,16,2762816.65,0,37.16,3.413,212.0685039,7.082,16-Dec-11,Not Holiday,Non-Holiday,1302794.427
12,2011,24,16,1624994.43,0,36,3.611,136.5335161,8.454,16-Dec-11,Not Holiday,Non-Holiday,1190179.874
12,2011,5,16,379530.3,0,54.42,3.159,219.7596266,6.3,16-Dec-11,Not Holiday,Non-Holiday,172702.4685
12,2011,13,16,2760346.71,0,27.85,3.282,129.8980645,6.392,16-Dec-11,Not Holiday,Non-Holiday,2125009.884
12,2011,10,16,2555031.18,0,50.53,3.489,129.8980645,7.874,16-Dec-11,Not Holiday,Non-Holiday,1966950.924
12,2011,39,16,1991824.05,0,58.58,3.159,217.8781339,7.716,16-Dec-11,Not Holiday,Non-Holiday,914191.8073
12,2011,27,16,2205919.86,0,40.68,3.611,140.4700795,7.906,16-Dec-11,Not Holiday,Non-Holiday,1570384.147
12,2011,36,16,341503.92,0,58.31,3.133,217.8781339,7.716,16-Dec-11,Not Holiday,Non-Holiday,156740.7954
12,2011,29,16,736805.66,0,39.11,3.445,136.5335161,9.357,16-Dec-11,Not Holiday,Non-Holiday,539651.8606
12,2011,38,16,404283.84,0,43.29,3.6,129.8980645,12.89,16-Dec-11,Not Holiday,Non-Holiday,311231.6119
12,2011,15,16,870415.49,0,35.49,3.611,136.5335161,7.866,16-Dec-11,Not Holiday,Non-Holiday,637510.4918
12,2011,45,16,1078905.68,0,39.93,3.413,188.7979349,8.523,16-Dec-11,Not Holiday,Non-Holiday,571460.5303
2,2011,37,25,514758.19,0,67.73,3.065,212.2912786,8.395,25-Feb-11,Not Holiday,Non-Holiday,242477.3139
12,2011,23,16,2173621.2,0,32.99,3.445,136.5335161,4.42,16-Dec-11,Not Holiday,Non-Holiday,1592005.584
12,2011,43,16,665007.08,0,43.78,3.159,210.7365392,10.148,16-Dec-11,Not Holiday,Non-Holiday,315563.2538
12,2011,7,16,720242.19,0,15.2,3.266,195.9841685,8.513,16-Dec-11,Not Holiday,Non-Holiday,367500.1892
12,2011,8,16,1118163.94,0,39.79,3.159,222.6910959,6.123,16-Dec-11,Not Holiday,Non-Holiday,502114.3461
12,2011,14,16,2594363.09,0,39.93,3.413,188.7979349,8.523,16-Dec-11,Not Holiday,Non-Holiday,1374148.023
12,2011,6,16,2034695.56,0,53.27,3.159,220.7671856,6.551,16-Dec-11,Not Holiday,Non-Holiday,921647.6418
12,2011,34,16,1151052.86,0,32.31,3.149,129.8980645,10.148,16-Dec-11,Not Holiday,Non-Holiday,886120.1007
12,2011,11,16,1783910.06,0,59.69,3.159,222.6426418,7.197,16-Dec-11,Not Holiday,Non-Holiday,801243.6636
12,2011,4,16,2771397.17,0,36.44,3.149,129.8980645,5.143,16-Dec-11,Not Holiday,Non-Holiday,2133516.909
12,2011,41,16,1682368.32,0,25.01,3.266,195.9841685,6.759,16-Dec-11,Not Holiday,Non-Holiday,858420.5208
12,2011,19,16,1852179.15,0,37.07,3.611,136.5335161,7.866,16-Dec-11,Not Holiday,Non-Holiday,1356574.71
12,2011,17,16,1067754.06,0,21.07,3.282,129.8980645,6.617,16-Dec-11,Not Holiday,Non-Holiday,821993.8181
12,2011,9,16,705557.97,0,47.31,3.159,222.8825484,6.054,16-Dec-11,Not Holiday,Non-Holiday,316560.4374
12,2011,2,16,2432736.52,0,50.13,3.159,218.8217928,7.441,16-Dec-11,Not Holiday,Non-Holiday,1111743.254
12,2011,16,16,679481.9,0,22.5,3.266,195.9841685,6.232,16-Dec-11,Not Holiday,Non-Holiday,346702.443
12,2011,40,16,1198670.19,0,29.53,3.445,136.5335161,4.42,16-Dec-11,Not Holiday,Non-Holiday,877931.0928
12,2011,26,16,1204807.83,0,28.24,3.445,136.5335161,7.598,16-Dec-11,Not Holiday,Non-Holiday,882426.4286
12,2011,28,16,1429954.66,0,43.29,3.6,129.8980645,12.89,16-Dec-11,Not Holiday,Non-Holiday,1100828.304
12,2011,12,16,1293404.18,0,43.29,3.6,129.8980645,12.89,16-Dec-11,Not Holiday,Non-Holiday,995707.0454
12,2011,3,16,510747.62,0,57.95,3.159,222.6426418,7.197,16-Dec-11,Not Holiday,Non-Holiday,229402.4253
12,2011,22,16,1453153.33,0,39.11,3.445,140.4700795,7.706,16-Dec-11,Not Holiday,Non-Holiday,1034493.136
12,2011,32,16,1556017.91,0,26.23,3.266,195.9841685,8.513,16-Dec-11,Not Holiday,Non-Holiday,793950.8185
12,2011,42,16,598437.98,0,50.53,3.489,129.8980645,7.874,16-Dec-11,Not Holiday,Non-Holiday,460698.15
12,2011,1,16,1881176.67,0,51.63,3.159,219.1794533,7.866,16-Dec-11,Not Holiday,Non-Holiday,858281.4866
12,2011,30,23,492022.68,0,46.54,3.112,218.9995495,7.441,23-Dec-11,Holiday,Christmas,224668.3526
12,2011,7,23,1059715.27,0,12.19,3.173,196.1713893,8.513,23-Dec-11,Holiday,Christmas,540198.6874
12,2011,3,23,551221.21,0,53.41,3.112,222.8258628,7.197,23-Dec-11,Holiday,Christmas,247377.5724
12,2011,14,23,3369068.99,0,42.27,3.389,188.9299752,8.523,23-Dec-11,Holiday,Christmas,1783236.877
12,2011,32,23,1959526.96,0,25.97,3.173,196.1713893,8.513,23-Dec-11,Holiday,Christmas,998885.1927
12,2011,43,23,676290.46,0,42.63,3.112,210.9052972,10.148,23-Dec-11,Holiday,Christmas,320660.7273
12,2011,25,23,1290532.97,0,36.56,3.389,212.2360401,7.082,23-Dec-11,Holiday,Christmas,608064.9495
12,2011,16,23,950691.96,0,20.79,3.173,196.1713893,6.232,23-Dec-11,Holiday,Christmas,484623.1468
12,2011,9,23,905324.68,0,44.43,3.112,223.0661125,6.054,23-Dec-11,Holiday,Christmas,405854.8696
12,2011,21,23,1384552.17,0,46.54,3.112,218.9995495,7.441,23-Dec-11,Holiday,Christmas,632216.9033
12,2011,20,23,3555371.03,0,40.19,3.389,212.2360401,7.082,23-Dec-11,Holiday,Christmas,1675196.648
12,2011,27,23,2739019.75,0,41.59,3.587,140.528765,7.906,23-Dec-11,Holiday,Christmas,1949081.208
12,2011,36,23,325262.46,0,55.41,3.098,218.0541851,7.716,23-Dec-11,Holiday,Christmas,149165.8873
12,2011,2,23,3224369.8,0,46.66,3.112,218.9995495,7.441,23-Dec-11,Holiday,Christmas,1472318.006
12,2011,5,23,458562.24,0,50.33,3.112,219.9387246,6.3,23-Dec-11,Holiday,Christmas,208495.4529
12,2011,18,23,1882393.4,0,35.78,3.413,136.5883871,8.471,23-Dec-11,Holiday,Christmas,1378150.398
12,2011,26,23,1515175.01,0,22.53,3.413,136.5883871,7.598,23-Dec-11,Holiday,Christmas,1109300.023
12,2011,28,23,1796203.51,0,45.4,3.541,129.9845484,12.89,23-Dec-11,Holiday,Christmas,1381859.253
12,2011,22,23,1863195.68,0,39.83,3.413,140.528765,7.706,23-Dec-11,Holiday,Christmas,1325846.477
12,2011,12,23,1617612.03,0,45.4,3.541,129.9845484,12.89,23-Dec-11,Holiday,Christmas,1244464.861
12,2011,40,23,1601585.7,0,24.46,3.413,136.5883871,4.42,23-Dec-11,Holiday,Christmas,1172563.593
12,2011,42,23,575676.13,0,48.36,3.541,129.9845484,7.874,23-Dec-11,Holiday,Christmas,442880.4324
12,2011,17,23,1289156.9,0,18.76,3.186,129.9845484,6.617,23-Dec-11,Holiday,Christmas,991777.0349
12,2011,38,23,419717.41,0,45.4,3.541,129.9845484,12.89,23-Dec-11,Holiday,Christmas,322897.9253
12,2011,15,23,1182691.87,0,34.93,3.587,136.5883871,7.866,23-Dec-11,Holiday,Christmas,865880.2517
12,2011,45,23,1521957.99,0,42.27,3.389,188.9299752,8.523,23-Dec-11,Holiday,Christmas,805567.2417
12,2011,23,23,2587953.32,0,27.8,3.413,136.5883871,4.42,23-Dec-11,Holiday,Christmas,1894709.627
12,2011,8,23,1462254.05,0,38.16,3.112,222.8743862,6.123,23-Dec-11,Holiday,Christmas,656088.8736
12,2011,19,23,2480159.47,0,36.09,3.587,136.5883871,7.866,23-Dec-11,Holiday,Christmas,1815790.876
12,2011,6,23,2644633.02,0,49.45,3.112,220.9477245,6.551,23-Dec-11,Holiday,Christmas,1196949.652
12,2011,34,23,1593655.96,0,32.45,3.103,129.9845484,10.148,23-Dec-11,Holiday,Christmas,1226034.925
12,2011,11,23,2213518.5,0,54.29,3.112,222.8258628,7.197,23-Dec-11,Holiday,Christmas,993384.9115
12,2011,4,23,3676388.98,0,35.92,3.103,129.9845484,5.143,23-Dec-11,Holiday,Christmas,2828327.694
12,2011,29,23,1016637.39,0,39.83,3.413,136.5883871,9.357,23-Dec-11,Holiday,Christmas,744307.3394
12,2011,35,23,1550214.02,0,41.59,3.389,140.528765,8.745,23-Dec-11,Holiday,Christmas,1103129.327
12,2011,1,23,2270188.99,0,47.96,3.112,219.3577216,7.866,23-Dec-11,Holiday,Christmas,1034925.497
12,2011,44,23,376233.89,0,24.76,3.186,129.9845484,6.078,23-Dec-11,Holiday,Christmas,289445.0876
12,2011,33,23,256235.19,0,53.39,3.541,129.9845484,8.01,23-Dec-11,Holiday,Christmas,197127.4226
12,2011,24,23,2168344.23,0,36.93,3.587,136.5883871,8.454,23-Dec-11,Holiday,Christmas,1587502.625
12,2011,39,23,2554482.84,0,54.62,3.112,218.0541851,7.716,23-Dec-11,Holiday,Christmas,1171489.939
12,2011,13,23,3556766.03,0,24.76,3.186,129.9845484,6.392,23-Dec-11,Holiday,Christmas,2736299.102
12,2011,41,23,2263722.68,0,25.59,3.173,196.1713893,6.759,23-Dec-11,Holiday,Christmas,1153951.495
12,2011,37,23,605791.46,0,55.41,3.112,218.0541851,7.716,23-Dec-11,Holiday,Christmas,277816.9379
12,2011,10,23,3487986.89,0,48.36,3.541,129.9845484,7.874,23-Dec-11,Holiday,Christmas,2683385.782
12,2011,31,23,2026176.14,0,46.54,3.112,218.9995495,7.441,23-Dec-11,Holiday,Christmas,925196.4877
12,2011,34,30,965512.36,1,28.84,3.119,130.0710323,10.148,30-Dec-11,Holiday,New Year's Eve,742296.223
12,2011,11,30,1352084.21,1,48.86,3.129,223.0090839,7.197,30-Dec-11,Holiday,New Year's Eve,606291.092
12,2011,39,30,1537139.56,1,47.6,3.129,218.2302364,7.716,30-Dec-11,Holiday,New Year's Eve,704365.9877
12,2011,6,30,1598080.52,1,46.8,3.129,221.1282634,6.551,30-Dec-11,Holiday,New Year's Eve,722693.9223
12,2011,44,30,263917.85,1,31.53,3.119,130.0710323,6.078,30-Dec-11,Holiday,New Year's Eve,202902.8642
12,2011,43,30,505405.85,1,41.83,3.129,211.0740553,10.148,30-Dec-11,Holiday,New Year's Eve,239444.8002
12,2011,25,30,683665.37,1,32.42,3.389,212.4035763,7.082,30-Dec-11,Holiday,New Year's Eve,321870.9317
12,2011,23,30,1213486.95,1,22.3,3.402,136.6432581,4.42,30-Dec-11,Holiday,New Year's Eve,888069.391
12,2011,45,30,869403.63,1,37.79,3.389,189.0620155,8.523,30-Dec-11,Holiday,New Year's Eve,459851.0323
12,2011,24,30,1363973.16,1,33.45,3.566,136.6432581,8.454,30-Dec-11,Holiday,New Year's Eve,998200.1154
12,2011,13,30,1969056.91,1,31.53,3.119,130.0710323,6.392,30-Dec-11,Holiday,New Year's Eve,1513832
12,2011,10,30,1930690.37,1,48.92,3.428,130.0710323,7.874,30-Dec-11,Holiday,New Year's Eve,1484335.394
12,2011,2,30,1874226.52,1,44.57,3.129,219.1773063,7.441,30-Dec-11,Holiday,New Year's Eve,855118.8769
12,2011,35,30,904650.55,1,37.85,3.389,140.5874505,8.745,30-Dec-11,Holiday,New Year's Eve,643478.8786
12,2011,7,30,815915.52,1,15.56,3.119,196.3586101,8.513,30-Dec-11,Holiday,New Year's Eve,415523.1694
12,2011,5,30,349624.88,1,45.62,3.129,220.1178226,6.3,30-Dec-11,Holiday,New Year's Eve,158835.3346
12,2011,28,30,1270036.53,1,44.64,3.428,130.0710323,12.89,30-Dec-11,Holiday,New Year's Eve,976417.6601
12,2011,33,30,215359.21,1,51.6,3.428,130.0710323,8.01,30-Dec-11,Holiday,New Year's Eve,165570.4627
12,2011,22,30,982661.14,1,36.28,3.402,140.5874505,7.706,30-Dec-11,Holiday,New Year's Eve,698967.8926
12,2011,1,30,1497462.72,1,44.55,3.129,219.5359898,7.866,30-Dec-11,Holiday,New Year's Eve,682103.5227
12,2011,18,30,1010562.49,1,32.36,3.402,136.6432581,8.471,30-Dec-11,Holiday,New Year's Eve,739562.6422
12,2011,36,30,287425.22,1,48.26,3.132,218.2302364,7.716,30-Dec-11,Holiday,New Year's Eve,131707.3311
12,2011,9,30,549788.36,1,43.41,3.129,223.2496766,6.054,30-Dec-11,Holiday,New Year's Eve,246266.1395
12,2011,32,30,1102367.65,1,32.99,3.119,196.3586101,8.513,30-Dec-11,Holiday,New Year's Eve,561405.303
12,2011,12,30,1111638.07,1,44.64,3.428,130.0710323,12.89,30-Dec-11,Holiday,New Year's Eve,854639.2308
12,2011,40,30,908853.15,1,18.75,3.402,136.6432581,4.42,30-Dec-11,Holiday,New Year's Eve,665128.4247
12,2011,16,30,665861.06,1,23.91,3.119,196.3586101,6.232,30-Dec-11,Holiday,New Year's Eve,339104.5901
12,2011,29,30,551743.05,1,36.28,3.402,136.6432581,9.357,30-Dec-11,Holiday,New Year's Eve,403783.5878
12,2011,21,30,804362.36,1,45.16,3.129,219.1773063,7.441,30-Dec-11,Holiday,New Year's Eve,366991.6259
12,2011,17,30,777207.3,1,26.73,3.119,130.0710323,6.617,30-Dec-11,Holiday,New Year's Eve,597525.28
12,2011,41,30,1264014.16,1,34.12,3.119,196.3586101,6.759,30-Dec-11,Holiday,New Year's Eve,643727.3921
12,2011,4,30,2007105.86,1,36.89,3.119,130.0710323,5.143,30-Dec-11,Holiday,New Year's Eve,1543084.44
12,2011,8,30,858572.22,1,36.33,3.129,223.0576765,6.123,30-Dec-11,Holiday,New Year's Eve,384910.4113
12,2011,30,30,376777.45,1,45.16,3.129,219.1773063,7.441,30-Dec-11,Holiday,New Year's Eve,171905.3201
12,2011,20,30,2043245,1,36.35,3.389,212.4035763,7.082,30-Dec-11,Holiday,New Year's Eve,961963.558
12,2011,38,30,342667.35,1,44.64,3.428,130.0710323,12.89,30-Dec-11,Holiday,New Year's Eve,263446.3216
12,2011,37,30,451327.61,1,48.26,3.129,218.2302364,7.716,30-Dec-11,Holiday,New Year's Eve,206812.5927
12,2011,27,30,1650604.6,1,37.85,3.566,140.5874505,7.906,30-Dec-11,Holiday,New Year's Eve,1174076.772
12,2011,31,30,1355405.95,1,45.16,3.129,219.1773063,7.441,30-Dec-11,Holiday,New Year's Eve,618406.1538
12,2011,26,30,972834.42,1,18.8,3.402,136.6432581,7.598,30-Dec-11,Holiday,New Year's Eve,711952.0081
12,2011,42,30,454412.28,1,48.92,3.428,130.0710323,7.874,30-Dec-11,Holiday,New Year's Eve,349357.0182
12,2011,14,30,1914148.89,1,37.79,3.389,189.0620155,8.523,30-Dec-11,Holiday,New Year's Eve,1012444.983
12,2011,3,30,410553.88,1,48.29,3.129,223.0090839,7.197,30-Dec-11,Holiday,New Year's Eve,184097.3797
12,2011,15,30,603460.79,1,31.44,3.566,136.6432581,7.866,30-Dec-11,Holiday,New Year's Eve,441632.3194
12,2011,19,30,1405168.06,1,31.65,3.566,136.6432581,7.866,30-Dec-11,Holiday,New Year's Eve,1028347.889
2,2011,28,11,1397301.38,1,51.3,3.381,127.859129,14.021,11-Feb-11,Holiday,Super Bowl,1092844.438
2,2011,4,11,2187847.29,1,33.29,3.033,127.859129,6.51,11-Feb-11,Holiday,Super Bowl,1711138.897
2,2011,43,11,635650.98,1,40.65,3.022,204.873871,10.398,11-Feb-11,Holiday,Super Bowl,310264.5432
2,2011,23,11,1249786.4,1,21.52,3.255,133.260871,5.114,11-Feb-11,Holiday,Super Bowl,937849.4907
2,2011,3,11,430526.21,1,43.57,3.022,216.2660913,7.551,11-Feb-11,Holiday,Super Bowl,199072.4516
2,2011,22,11,1009206.33,1,28.89,3.255,137.1378318,8.458,11-Feb-11,Holiday,Super Bowl,735906.5815
2,2011,42,11,628063.88,1,51.51,3.381,127.859129,8.744,11-Feb-11,Holiday,Super Bowl,491215.5158
2,2011,18,11,1122053.58,1,24.3,3.255,133.260871,9.131,11-Feb-11,Holiday,Super Bowl,841997.7834
2,2011,20,11,2211388.14,1,25.38,3.239,206.0763862,7.343,11-Feb-11,Holiday,Super Bowl,1073091.479
2,2011,27,11,1636224.77,1,30.45,3.416,137.1378318,7.827,11-Feb-11,Holiday,Super Bowl,1193124.281
2,2011,5,11,311590.54,1,38.25,3.022,213.4944627,6.634,11-Feb-11,Holiday,Super Bowl,145947.8321
2,2011,41,11,1150003.36,1,16.81,3.037,191.8572881,7.241,11-Feb-11,Holiday,Super Bowl,599405.6162
2,2011,1,11,1649614.93,1,36.39,3.022,212.9367046,7.742,11-Feb-11,Holiday,Super Bowl,774697.3135
2,2011,45,11,766456,1,30.3,3.239,183.7016129,8.549,11-Feb-11,Holiday,Super Bowl,417228.7809
2,2011,21,11,771908.51,1,34.61,3.022,212.5928624,8.028,11-Feb-11,Holiday,Super Bowl,363092.3923
2,2011,25,11,615666.78,1,21.18,3.239,206.0763862,7.343,11-Feb-11,Holiday,Super Bowl,298756.588
2,2011,2,11,2168041.61,1,33.19,3.022,212.5928624,8.028,11-Feb-11,Holiday,Super Bowl,1019809.219
2,2011,44,11,307486.73,1,30.83,3.034,127.859129,7.224,11-Feb-11,Holiday,Super Bowl,240488.6788
2,2011,26,11,1010711.08,1,15.12,3.255,133.260871,7.907,11-Feb-11,Holiday,Super Bowl,758445.5005
2,2011,6,11,1486920.17,1,39.38,3.022,214.4630941,6.858,11-Feb-11,Holiday,Super Bowl,693322.1663
2,2011,19,11,1430851.11,1,21.79,3.416,133.260871,7.771,11-Feb-11,Holiday,Super Bowl,1073721.865
2,2011,24,11,1341240.62,1,26.51,3.416,133.260871,8.252,11-Feb-11,Holiday,Super Bowl,1006477.453
2,2011,40,11,931939.52,1,16.87,3.255,133.260871,5.114,11-Feb-11,Holiday,Super Bowl,699334.7057
2,2011,14,11,1980405.03,1,30.3,3.239,183.7016129,8.549,11-Feb-11,Holiday,Super Bowl,1078055.33
2,2011,39,11,1227893.89,1,40.34,3.022,211.6985093,8.395,11-Feb-11,Holiday,Super Bowl,580020.0928
2,2011,30,11,470921.24,1,34.61,3.022,212.5928624,8.028,11-Feb-11,Holiday,Super Bowl,221513.1941
2,2011,33,11,276198.74,1,53.35,3.381,127.859129,8.951,11-Feb-11,Holiday,Super Bowl,216018.0053
2,2011,35,11,859258.17,1,30.45,3.239,137.1378318,8.549,11-Feb-11,Holiday,Super Bowl,626565.3749
2,2011,34,11,1015654.6,1,28.66,3.033,127.859129,10.398,11-Feb-11,Holiday,Super Bowl,794354.3867
2,2011,29,11,550387.78,1,28.89,3.255,133.260871,10.256,11-Feb-11,Holiday,Super Bowl,413015.2954
2,2011,8,11,996147.39,1,28.26,3.022,216.3126733,6.262,11-Feb-11,Holiday,Super Bowl,460512.7267
2,2011,9,11,555279.02,1,34.13,3.022,216.496729,6.416,11-Feb-11,Holiday,Super Bowl,256483.792
2,2011,15,11,582864.35,1,21.64,3.416,133.260871,7.771,11-Feb-11,Holiday,Super Bowl,437385.9676
2,2011,10,11,2115408.31,1,51.51,3.381,127.859129,8.744,11-Feb-11,Holiday,Super Bowl,1654483.592
2,2011,12,11,1086421.57,1,51.3,3.381,127.859129,14.021,11-Feb-11,Holiday,Super Bowl,849701.9951
2,2011,16,11,466806.89,1,15.02,3.037,191.8572881,6.614,11-Feb-11,Holiday,Super Bowl,243309.4383
2,2011,17,11,813211.46,1,14.19,3.034,127.859129,6.866,11-Feb-11,Holiday,Super Bowl,636021.4295
2,2011,7,11,559903.13,1,10.24,3.037,191.8572881,8.818,11-Feb-11,Holiday,Super Bowl,291833.1305
2,2011,38,11,377672.46,1,51.3,3.381,127.859129,14.021,11-Feb-11,Holiday,Super Bowl,295381.6931
2,2011,31,11,1539230.32,1,34.61,3.022,212.5928624,8.028,11-Feb-11,Holiday,Super Bowl,724027.2804
2,2011,32,11,1124357.2,1,18.51,3.037,191.8572881,8.818,11-Feb-11,Holiday,Super Bowl,586038.3054
2,2011,37,11,522514.32,1,41.16,3.022,211.6985093,8.395,11-Feb-11,Holiday,Super Bowl,246820.028
2,2011,36,11,401501.2,1,41.16,3.009,211.6985093,8.395,11-Feb-11,Holiday,Super Bowl,189657.0747
2,2011,13,11,1944438.9,1,30.83,3.034,127.859129,7.47,11-Feb-11,Holiday,Super Bowl,1520766.577
2,2011,11,11,1419236.9,1,44.61,3.022,216.2660913,7.551,11-Feb-11,Holiday,Super Bowl,656245.6886
9,2011,16,9,574622.56,1,56.99,3.566,194.6387853,6.338,9-Sep-11,Holiday,Labor Day,295225.1059
9,2011,13,9,1872921.31,1,70.19,3.619,129.3686129,6.877,9-Sep-11,Holiday,Labor Day,1447740.119
9,2011,20,9,2050542.56,1,68.74,3.738,209.0225562,7.274,9-Sep-11,Holiday,Labor Day,981014.9667
9,2011,33,9,281842.28,1,96.22,3.771,129.3686129,8.442,9-Sep-11,Holiday,Labor Day,217859.8608
9,2011,41,9,1280958.97,1,58.31,3.566,194.6387853,6.901,9-Sep-11,Holiday,Labor Day,658121.1283
9,2011,34,9,930506.14,1,70.05,3.554,129.3686129,10.641,9-Sep-11,Holiday,Labor Day,719267.3085
9,2011,14,9,2202742.9,1,71.48,3.738,186.6737376,8.625,9-Sep-11,Holiday,Labor Day,1179996.141
9,2011,19,9,1566712.79,1,68.28,3.93,136.2745806,7.806,9-Sep-11,Holiday,Labor Day,1149673.536
9,2011,1,9,1540471.24,1,76,3.546,215.861056,7.962,9-Sep-11,Holiday,Labor Day,713640.1853
9,2011,10,9,1670579.82,1,89.06,3.771,129.3686129,8.257,9-Sep-11,Holiday,Labor Day,1291333.178
9,2011,36,9,352960.64,1,77.94,3.499,214.6155376,8.177,9-Sep-11,Holiday,Labor Day,164461.8297
9,2011,31,9,1376670.27,1,78.87,3.546,215.5148295,7.852,9-Sep-11,Holiday,Labor Day,638782.154
9,2011,9,9,528784.86,1,75.65,3.546,219.4457675,6.404,9-Sep-11,Holiday,Labor Day,240963.7999
9,2011,38,9,397771.68,1,88,3.913,129.3686129,13.503,9-Sep-11,Holiday,Labor Day,307471.5505
9,2011,29,9,505406.72,1,69.14,3.809,136.2745806,9.863,9-Sep-11,Holiday,Labor Day,370873.8033
9,2011,24,9,1527455.19,1,68.32,3.93,136.2745806,8.358,9-Sep-11,Holiday,Labor Day,1120865.816
9,2011,43,9,649128.23,1,79.29,3.546,207.6833894,10.641,9-Sep-11,Holiday,Labor Day,312556.643
9,2011,28,9,1310087,1,88,3.913,129.3686129,13.503,9-Sep-11,Holiday,Labor Day,1012677.628
9,2011,39,9,1429345.86,1,79.15,3.546,214.6155376,8.177,9-Sep-11,Holiday,Labor Day,666002.9726
9,2011,45,9,746129.56,1,71.48,3.738,186.6737376,8.625,9-Sep-11,Holiday,Labor Day,399697.1238
9,2011,17,9,1161900.18,1,61.94,3.619,129.3686129,6.745,9-Sep-11,Holiday,Labor Day,898131.4354
9,2011,26,9,1069710.97,1,60.98,3.809,136.2745806,7.767,9-Sep-11,Holiday,Labor Day,784967.3544
9,2011,32,9,1128237.3,1,61.24,3.566,194.6387853,8.622,9-Sep-11,Holiday,Labor Day,579656.9775
9,2011,35,9,922440.64,1,70.93,3.738,140.2310173,8.684,9-Sep-11,Holiday,Labor Day,657800.719
9,2011,6,9,1483574.38,1,80.21,3.546,217.3980304,6.925,9-Sep-11,Holiday,Labor Day,682423.1007
9,2011,22,9,1004434.54,1,69.14,3.809,140.2310173,8.023,9-Sep-11,Holiday,Labor Day,716271.3067
9,2011,27,9,1911470.84,1,70.93,3.93,140.2310173,7.85,9-Sep-11,Holiday,Labor Day,1363087.052
9,2011,42,9,608390.94,1,89.06,3.771,129.3686129,8.257,9-Sep-11,Holiday,Labor Day,470277.0837
9,2011,23,9,1423289.9,1,66.04,3.809,136.2745806,4.584,9-Sep-11,Holiday,Labor Day,1044428.017
9,2011,30,9,370897.82,1,78.87,3.546,215.5148295,7.852,9-Sep-11,Holiday,Labor Day,172098.5145
9,2011,18,9,951549.61,1,68.11,3.809,136.2745806,8.89,9-Sep-11,Holiday,Labor Day,698259.0633
9,2011,4,9,2093139.01,1,73.34,3.554,129.3686129,5.644,9-Sep-11,Holiday,Labor Day,1617965.102
9,2011,3,9,377347.49,1,81.72,3.546,219.2135305,7.567,9-Sep-11,Holiday,Labor Day,172136.9521
9,2011,7,9,613135.23,1,45.61,3.566,194.6387853,8.622,9-Sep-11,Holiday,Labor Day,315011.8457
9,2011,12,9,922850.57,1,88,3.913,129.3686129,13.503,9-Sep-11,Holiday,Labor Day,713349.6675
9,2011,2,9,1748000.65,1,77.97,3.546,215.5148295,7.852,9-Sep-11,Holiday,Labor Day,811081.3785
9,2011,5,9,321110.22,1,79.04,3.546,216.4226819,6.529,9-Sep-11,Holiday,Labor Day,148371.796
9,2011,11,9,1249439.95,1,84.91,3.546,219.2135305,7.567,9-Sep-11,Holiday,Labor Day,569964.7951
9,2011,44,9,295811.25,1,70.19,3.619,129.3686129,6.56,9-Sep-11,Holiday,Labor Day,228657.6654
9,2011,8,9,848358.09,1,69.01,3.546,219.2604355,6.425,9-Sep-11,Holiday,Labor Day,386917.9992
9,2011,40,9,1021391.99,1,64.83,3.809,136.2745806,4.584,9-Sep-11,Holiday,Labor Day,749510.2795
9,2011,15,9,607593.51,1,67.59,3.93,136.2745806,7.806,9-Sep-11,Holiday,Labor Day,445859.7541
9,2011,37,9,506273.74,1,77.94,3.546,214.6155376,8.177,9-Sep-11,Holiday,Labor Day,235897.9903
9,2011,21,9,653989.65,1,78.87,3.546,215.5148295,7.852,9-Sep-11,Holiday,Labor Day,303454.5936
9,2011,25,9,673248.48,1,67.51,3.738,209.0225562,7.274,9-Sep-11,Holiday,Labor Day,322093.6976
11,2011,23,25,2057059.53,1,35.23,3.536,136.4788,4.42,25-Nov-11,Holiday,Thanksgiving,1507237.41
11,2011,6,25,2249811.55,1,62.78,3.236,220.0417412,6.551,25-Nov-11,Holiday,Thanksgiving,1022447.622
11,2011,15,25,1066478.1,1,41.1,3.689,136.4788,7.866,25-Nov-11,Holiday,Thanksgiving,781424.0014
11,2011,19,25,1974646.78,1,42.75,3.689,136.4788,7.866,25-Nov-11,Holiday,Thanksgiving,1446852.39
11,2011,37,25,522554.04,1,66.41,3.236,217.1812533,7.716,25-Nov-11,Holiday,Thanksgiving,240607.3416
11,2011,31,25,1934099.65,1,56.43,3.236,218.1130269,7.441,25-Nov-11,Holiday,Thanksgiving,886741.9234
11,2011,42,25,577698.37,1,60.68,3.76,129.8364,7.874,25-Nov-11,Holiday,Thanksgiving,444943.3056
11,2011,34,25,1345595.82,1,45.99,3.225,129.8364,10.148,25-Nov-11,Holiday,Thanksgiving,1036377.949
11,2011,8,25,1235163.86,1,49.61,3.236,221.9491571,6.123,25-Nov-11,Holiday,Thanksgiving,556507.5696
11,2011,38,25,393715.71,1,53.25,3.622,129.8364,12.89,25-Nov-11,Holiday,Thanksgiving,303239.8542
11,2011,26,25,1282320.05,1,31.07,3.536,136.4788,7.598,25-Nov-11,Holiday,Thanksgiving,939574.5347
11,2011,16,25,712422.4,1,31.39,3.424,195.7704,6.232,25-Nov-11,Holiday,Thanksgiving,363907.1075
11,2011,13,25,2864170.61,1,38.89,3.445,129.8364,6.392,25-Nov-11,Holiday,Thanksgiving,2205984.308
11,2011,24,25,1761235.67,1,41.83,3.689,136.4788,8.454,25-Nov-11,Holiday,Thanksgiving,1290482.969
11,2011,30,25,452163.93,1,56.43,3.236,218.1130269,7.441,25-Nov-11,Holiday,Thanksgiving,207307.1638
11,2011,21,25,1219263.4,1,56.43,3.236,218.1130269,7.441,25-Nov-11,Holiday,Thanksgiving,559005.309
11,2011,4,25,3004702.33,1,47.96,3.225,129.8364,5.143,25-Nov-11,Holiday,Thanksgiving,2314221.844
11,2011,5,25,507900.07,1,61.93,3.236,219.0428204,6.3,25-Nov-11,Holiday,Thanksgiving,231872.5029
11,2011,40,25,1230011.95,1,32.76,3.536,136.4788,4.42,25-Nov-11,Holiday,Thanksgiving,901247.6297
11,2011,7,25,949075.87,1,27.6,3.424,195.7704,8.513,25-Nov-11,Holiday,Thanksgiving,484790.2798
11,2011,36,25,332811.55,1,66.41,3.181,217.1812533,7.716,25-Nov-11,Holiday,Thanksgiving,153241.3802
11,2011,18,25,1624170.99,1,41.97,3.536,136.4788,8.471,25-Nov-11,Holiday,Thanksgiving,1190053.686
11,2011,33,25,255996.47,1,62.35,3.76,129.8364,8.01,25-Nov-11,Holiday,Thanksgiving,197168.4905
11,2011,44,25,309129.01,1,38.89,3.445,129.8364,6.078,25-Nov-11,Holiday,Thanksgiving,238091.1747
11,2011,32,25,1684468.66,1,40.22,3.424,195.7704,8.513,25-Nov-11,Holiday,Thanksgiving,860430.7188
11,2011,25,25,1116211.39,1,43.49,3.492,211.4120757,7.082,25-Nov-11,Holiday,Thanksgiving,527979.0127
11,2011,11,25,1848953.48,1,70.03,3.236,221.9011185,7.197,25-Nov-11,Holiday,Thanksgiving,833233.0601
11,2011,2,25,2614202.3,1,56.36,3.236,218.1130269,7.441,25-Nov-11,Holiday,Thanksgiving,1198553.95
11,2011,35,25,1733822.4,1,47.88,3.492,140.4217857,8.745,25-Nov-11,Holiday,Thanksgiving,1234724.649
11,2011,43,25,669965.22,1,55.7,3.236,210.0888571,10.148,25-Nov-11,Holiday,Thanksgiving,318896.1229
11,2011,22,25,1535857.49,1,46.28,3.536,140.4217857,7.706,25-Nov-11,Holiday,Thanksgiving,1093745.876
11,2011,45,25,1170672.94,1,48.71,3.492,188.3504,8.523,25-Nov-11,Holiday,Thanksgiving,621539.9277
11,2011,27,25,2504400.71,1,47.88,3.689,140.4217857,7.906,25-Nov-11,Holiday,Thanksgiving,1783484.448
11,2011,20,25,2906233.25,1,46.38,3.492,211.4120757,7.082,25-Nov-11,Holiday,Thanksgiving,1374677.033
11,2011,10,25,2950198.64,1,60.68,3.76,129.8364,7.874,25-Nov-11,Holiday,Thanksgiving,2272243.1
11,2011,3,25,556925.19,1,68,3.236,221.9011185,7.197,25-Nov-11,Holiday,Thanksgiving,250978.9918
11,2011,41,25,1906713.35,1,36.37,3.424,195.7704,6.759,25-Nov-11,Holiday,Thanksgiving,973953.851
11,2011,9,25,814753.5,1,54.32,3.236,222.1389683,6.054,25-Nov-11,Holiday,Thanksgiving,366776.4851
11,2011,28,25,1929738.27,1,53.25,3.622,129.8364,12.89,25-Nov-11,Holiday,Thanksgiving,1486284.486
11,2011,1,25,2033320.66,1,60.14,3.236,218.4676211,7.866,25-Nov-11,Holiday,Thanksgiving,930719.4585
11,2011,29,25,913165.19,1,46.28,3.536,136.4788,9.357,25-Nov-11,Holiday,Thanksgiving,669089.4044
11,2011,14,25,2685351.81,1,48.71,3.492,188.3504,8.523,25-Nov-11,Holiday,Thanksgiving,1425721.32
11,2011,17,25,1225700.28,1,32.81,3.445,129.8364,6.617,25-Nov-11,Holiday,Thanksgiving,944034.4002
11,2011,39,25,2338832.4,1,66.36,3.236,217.1812533,7.716,25-Nov-11,Holiday,Thanksgiving,1076903.446
11,2011,12,25,1591920.42,1,53.25,3.622,129.8364,12.89,25-Nov-11,Holiday,Thanksgiving,1226097.165
9,2012,34,14,955211.7,0,64.28,3.706,130.9776667,9.285,14-Sep-12,Not Holiday,Non-Holiday,729293.5689
9,2012,31,14,1327705.44,0,76.1,3.717,222.2174395,6.565,14-Sep-12,Not Holiday,Non-Holiday,597480.3071
9,2012,45,14,702238.27,0,67.87,3.948,191.69985,8.684,14-Sep-12,Not Holiday,Non-Holiday,366321.7629
9,2012,17,14,1071040.22,0,59.64,3.749,130.9776667,5.936,14-Sep-12,Not Holiday,Non-Holiday,817727.363
9,2012,40,14,901709.82,0,59.38,3.988,138.5673,4.156,14-Sep-12,Not Holiday,Non-Holiday,650737.8148
9,2012,35,14,821568.64,0,68.72,3.948,142.5938833,8.839,14-Sep-12,Not Holiday,Non-Holiday,576159.805
9,2012,28,14,1124660.77,0,83.64,4.133,130.9776667,10.926,14-Sep-12,Not Holiday,Non-Holiday,858666.0599
9,2012,19,14,1370653.41,0,65.08,4.088,138.5673,8.193,14-Sep-12,Not Holiday,Non-Holiday,989160.7977
9,2012,32,14,1156377.47,0,64.05,3.659,198.1267184,7.872,14-Sep-12,Not Holiday,Non-Holiday,583655.4905
9,2012,13,14,1919917.03,0,68.55,3.749,130.9776667,5.765,14-Sep-12,Not Holiday,Non-Holiday,1465835.419
9,2012,8,14,883569.38,0,67.21,3.717,226.1615981,5.401,14-Sep-12,Not Holiday,Non-Holiday,390680.5521
9,2012,1,14,1517428.87,0,74.97,3.717,222.5820193,6.908,14-Sep-12,Not Holiday,Non-Holiday,681739.1965
9,2012,2,14,1814806.63,0,75.88,3.717,222.2174395,6.565,14-Sep-12,Not Holiday,Non-Holiday,816680.5603
9,2012,44,14,347726.67,0,68.55,3.749,130.9776667,5.407,14-Sep-12,Not Holiday,Non-Holiday,265485.4669
9,2012,3,14,407589.16,0,78.36,3.717,226.1122067,6.334,14-Sep-12,Not Holiday,Non-Holiday,180259.6887
9,2012,43,14,625196.94,0,73.03,3.717,213.9332167,9.285,14-Sep-12,Not Holiday,Non-Holiday,292239.3024
9,2012,26,14,986131.94,0,57.69,3.988,138.5673,7.405,14-Sep-12,Not Holiday,Non-Holiday,711662.8093
9,2012,6,14,1375166.86,0,76.41,3.717,224.2004678,5.668,14-Sep-12,Not Holiday,Non-Holiday,613364.8487
9,2012,10,14,1640168.99,0,78.47,3.966,130.9776667,7.17,14-Sep-12,Not Holiday,Non-Holiday,1252250.885
9,2012,37,14,514651.74,0,78.16,3.717,221.2601207,6.623,14-Sep-12,Not Holiday,Non-Holiday,232600.316
9,2012,7,14,541120.2,0,53.66,3.659,198.1267184,7.872,14-Sep-12,Not Holiday,Non-Holiday,273118.2368
9,2012,20,14,2047949.98,0,64.84,3.948,215.3583757,7.28,14-Sep-12,Not Holiday,Non-Holiday,950949.7707
9,2012,21,14,628494.63,0,76.1,3.717,222.2174395,6.565,14-Sep-12,Not Holiday,Non-Holiday,282828.6706
9,2012,23,14,1279041.64,0,61.37,3.988,138.5673,4.156,14-Sep-12,Not Holiday,Non-Holiday,923047.2413
9,2012,24,14,1242909.53,0,64.28,4.088,138.5673,8.953,14-Sep-12,Not Holiday,Non-Holiday,896971.7459
9,2012,9,14,523427.35,0,73.55,3.717,226.3567545,5.277,14-Sep-12,Not Holiday,Non-Holiday,231239.996
9,2012,38,14,430944.39,0,83.64,4.133,130.9776667,10.926,14-Sep-12,Not Holiday,Non-Holiday,329021.2758
9,2012,16,14,526525.16,0,56.69,3.659,198.1267184,6.061,14-Sep-12,Not Holiday,Non-Holiday,265751.719
9,2012,15,14,527509.76,0,65.44,4.088,138.5673,8.193,14-Sep-12,Not Holiday,Non-Holiday,380688.4886
9,2012,29,14,475127.18,0,66.42,3.988,138.5673,9.419,14-Sep-12,Not Holiday,Non-Holiday,342885.5004
9,2012,41,14,1306644.25,0,59.39,3.659,198.1267184,6.432,14-Sep-12,Not Holiday,Non-Holiday,659499.2642
9,2012,25,14,657241.63,0,60.9,3.948,215.3583757,7.28,14-Sep-12,Not Holiday,Non-Holiday,305185.0795
9,2012,22,14,918049.28,0,66.42,3.988,142.5938833,7.753,14-Sep-12,Not Holiday,Non-Holiday,643820.9401
9,2012,12,14,885892.37,0,83.64,4.133,130.9776667,10.926,14-Sep-12,Not Holiday,Non-Holiday,676369.0271
9,2012,42,14,586737.66,0,78.47,3.966,130.9776667,7.17,14-Sep-12,Not Holiday,Non-Holiday,447967.7145
9,2012,33,14,277417.53,0,83.4,3.966,130.9776667,7.147,14-Sep-12,Not Holiday,Non-Holiday,211805.2161
9,2012,4,14,2117854.6,0,68.2,3.706,130.9776667,4.077,14-Sep-12,Not Holiday,Non-Holiday,1616958.565
9,2012,39,14,1447614.08,0,76.71,3.717,221.2601207,6.623,14-Sep-12,Not Holiday,Non-Holiday,654258.9218
9,2012,14,14,1554794.22,0,67.87,3.948,191.69985,8.684,14-Sep-12,Not Holiday,Non-Holiday,811056.5658
9,2012,5,14,299800.67,0,76.65,3.717,223.1734167,5.603,14-Sep-12,Not Holiday,Non-Holiday,134335.296
9,2012,30,14,437773.31,0,76.1,3.717,222.2174395,6.565,14-Sep-12,Not Holiday,Non-Holiday,197002.2294
9,2012,11,14,1267675.05,0,79.61,3.717,226.1122067,6.334,14-Sep-12,Not Holiday,Non-Holiday,560639.8118
9,2012,27,14,1519604.5,0,68.72,4.088,142.5938833,8.239,14-Sep-12,Not Holiday,Non-Holiday,1065687.016
9,2012,36,14,301893.63,0,78.16,3.692,221.2601207,6.623,14-Sep-12,Not Holiday,Non-Holiday,136442.857
9,2012,18,14,960476.1,0,64.45,3.988,138.5673,8.535,14-Sep-12,Not Holiday,Non-Holiday,693147.734
9,2012,22,21,921612.53,0,63.38,4.056,142.6798167,7.753,21-Sep-12,Not Holiday,Non-Holiday,645930.5537
9,2012,35,21,772302.94,0,66.1,4.038,142.6798167,8.839,21-Sep-12,Not Holiday,Non-Holiday,541283.9446
9,2012,23,21,1338627.55,0,56.8,4.056,138.6534,4.156,21-Sep-12,Not Holiday,Non-Holiday,965448.7737
9,2012,45,21,723086.2,0,65.32,4.038,191.8567038,8.684,21-Sep-12,Not Holiday,Non-Holiday,376888.6808
9,2012,10,21,1671857.57,0,81.93,4.125,131.0103333,7.17,21-Sep-12,Not Holiday,Non-Holiday,1276126.492
9,2012,34,21,943047.78,0,66.08,3.721,131.0103333,9.285,21-Sep-12,Not Holiday,Non-Holiday,719827.0215
9,2012,24,21,1261158.47,0,61.25,4.203,138.6534,8.953,21-Sep-12,Not Holiday,Non-Holiday,909576.3032
9,2012,44,21,336017.6,0,67.96,3.821,131.0103333,5.407,21-Sep-12,Not Holiday,Non-Holiday,256481.7534
9,2012,1,21,1506126.06,0,69.87,3.721,222.7818386,6.908,21-Sep-12,Not Holiday,Non-Holiday,676054.2374
9,2012,12,21,922735.37,0,82.97,4.125,131.0103333,10.926,21-Sep-12,Not Holiday,Non-Holiday,704322.588
9,2012,33,21,252709.58,0,86.53,4.125,131.0103333,7.147,21-Sep-12,Not Holiday,Non-Holiday,192892.8609
9,2012,32,21,1159119.6,0,63.49,3.765,198.358523,7.872,21-Sep-12,Not Holiday,Non-Holiday,584355.8333
9,2012,13,21,1938379.66,0,67.96,3.821,131.0103333,5.765,21-Sep-12,Not Holiday,Non-Holiday,1479562.422
9,2012,21,21,667151.46,0,71.54,3.721,222.4169362,6.565,21-Sep-12,Not Holiday,Non-Holiday,299955.3323
9,2012,11,21,1326132.98,0,73.64,3.721,226.3151496,6.334,21-Sep-12,Not Holiday,Non-Holiday,585967.3921
9,2012,17,21,938303.28,0,58.43,3.821,131.0103333,5.936,21-Sep-12,Not Holiday,Non-Holiday,716205.5514
9,2012,27,21,1557485.75,0,66.1,4.203,142.6798167,8.239,21-Sep-12,Not Holiday,Non-Holiday,1091595.003
9,2012,7,21,530842.25,0,51.77,3.765,198.358523,7.872,21-Sep-12,Not Holiday,Non-Holiday,267617.5654
9,2012,26,21,961084.08,0,52.68,4.056,138.6534,7.405,21-Sep-12,Not Holiday,Non-Holiday,693155.7971
9,2012,8,21,857796.45,0,66.96,3.721,226.3645848,5.401,21-Sep-12,Not Holiday,Non-Holiday,378944.6352
9,2012,20,21,2028587.24,0,60.94,4.038,215.5475459,7.28,21-Sep-12,Not Holiday,Non-Holiday,941132.144
9,2012,40,21,899768.4,0,54.12,4.056,138.6534,4.156,21-Sep-12,Not Holiday,Non-Holiday,648933.5278
9,2012,9,21,533756.88,0,69.92,3.721,226.5599138,5.277,21-Sep-12,Not Holiday,Non-Holiday,235591.9329
9,2012,25,21,664745.2,0,57.6,4.038,215.5475459,7.28,21-Sep-12,Not Holiday,Non-Holiday,308398.408
9,2012,36,21,293804.45,0,75.98,3.709,221.4578604,6.623,21-Sep-12,Not Holiday,Non-Holiday,132668.3322
9,2012,37,21,521320.98,0,75.98,3.721,221.4578604,6.623,21-Sep-12,Not Holiday,Non-Holiday,235404.1437
9,2012,18,21,971386.65,0,60.23,4.056,138.6534,8.535,21-Sep-12,Not Holiday,Non-Holiday,700586.246
9,2012,16,21,509942.56,0,56.48,3.765,198.358523,6.061,21-Sep-12,Not Holiday,Non-Holiday,257081.2448
9,2012,3,21,414392.09,0,72.78,3.721,226.3151496,6.334,21-Sep-12,Not Holiday,Non-Holiday,183103.9993
9,2012,31,21,1373064.87,0,71.54,3.721,222.4169362,6.565,21-Sep-12,Not Holiday,Non-Holiday,617338.2717
9,2012,29,21,489079.23,0,63.38,4.056,138.6534,9.419,21-Sep-12,Not Holiday,Non-Holiday,352735.115
9,2012,39,21,1555672.51,0,73.58,3.721,221.4578604,6.623,21-Sep-12,Not Holiday,Non-Holiday,702468.8612
9,2012,5,21,307306.76,0,71.09,3.721,223.3737593,5.603,21-Sep-12,Not Holiday,Non-Holiday,137575.1391
9,2012,42,21,527165.7,0,81.93,4.125,131.0103333,7.17,21-Sep-12,Not Holiday,Non-Holiday,402384.8247
9,2012,43,21,601990.02,0,75.87,3.721,214.1192333,9.285,21-Sep-12,Not Holiday,Non-Holiday,281147.1024
9,2012,14,21,1565352.46,0,65.32,4.038,191.8567038,8.684,21-Sep-12,Not Holiday,Non-Holiday,815896.6713
9,2012,30,21,443891.64,0,71.54,3.721,222.4169362,6.565,21-Sep-12,Not Holiday,Non-Holiday,199576.3666
9,2012,15,21,533161.64,0,60.34,4.203,138.6534,8.193,21-Sep-12,Not Holiday,Non-Holiday,384528.3563
9,2012,19,21,1338572.29,0,60.62,4.203,138.6534,8.193,21-Sep-12,Not Holiday,Non-Holiday,965408.9189
9,2012,41,21,1276609.36,0,59.81,3.765,198.358523,6.432,21-Sep-12,Not Holiday,Non-Holiday,643586.845
9,2012,4,21,2119438.53,0,68.97,3.721,131.0103333,4.077,21-Sep-12,Not Holiday,Non-Holiday,1617764.398
9,2012,2,21,1829415.67,0,71.09,3.721,222.4169362,6.565,21-Sep-12,Not Holiday,Non-Holiday,822516.3521
9,2012,28,21,1135340.19,0,82.97,4.125,131.0103333,10.926,21-Sep-12,Not Holiday,Non-Holiday,866603.5429
9,2012,6,21,1425603.65,0,70.81,3.721,224.4017192,5.668,21-Sep-12,Not Holiday,Non-Holiday,635290.877
9,2012,38,21,409600.98,0,82.97,4.125,131.0103333,10.926,21-Sep-12,Not Holiday,Non-Holiday,312647.8421
9,2012,4,28,2027620.23,0,71.74,3.666,131.043,4.077,28-Sep-12,Not Holiday,Non-Holiday,1547293.812
9,2012,39,28,1495607.07,0,78.04,3.666,221.6556,6.623,28-Sep-12,Not Holiday,Non-Holiday,674743.6428
9,2012,10,28,1694862.41,0,82.52,3.966,131.043,7.17,28-Sep-12,Not Holiday,Non-Holiday,1293363.56
9,2012,29,28,489674.23,0,62.17,4.018,138.7395,9.419,28-Sep-12,Not Holiday,Non-Holiday,352945.0733
9,2012,31,28,1279080.58,0,80.38,3.666,222.6164329,6.565,28-Sep-12,Not Holiday,Non-Holiday,574567.009
9,2012,30,28,425410.04,0,80.38,3.666,222.6164329,6.565,28-Sep-12,Not Holiday,Non-Holiday,191095.5245
9,2012,12,28,880415.67,0,81.22,3.966,131.043,10.926,28-Sep-12,Not Holiday,Non-Holiday,671852.4988
9,2012,14,28,1522512.2,0,64.88,3.997,192.0135577,8.684,28-Sep-12,Not Holiday,Non-Holiday,792919.1138
9,2012,3,28,389813.02,0,77.46,3.666,226.5180926,6.334,28-Sep-12,Not Holiday,Non-Holiday,172089.1323
9,2012,16,28,469607.73,0,51.4,3.789,198.5903276,6.061,28-Sep-12,Not Holiday,Non-Holiday,236470.5954
9,2012,44,28,355307.94,0,64.8,3.821,131.043,5.407,28-Sep-12,Not Holiday,Non-Holiday,271138.4355
9,2012,35,28,814099.86,0,64.92,3.997,142.76575,8.839,28-Sep-12,Not Holiday,Non-Holiday,570234.7097
9,2012,18,28,1002856.2,0,58.24,4.018,138.7395,8.535,28-Sep-12,Not Holiday,Non-Holiday,722833.9442
9,2012,23,28,1319035.06,0,53.71,4.018,138.7395,4.156,28-Sep-12,Not Holiday,Non-Holiday,950727.8461
9,2012,7,28,525545.76,0,50.64,3.789,198.5903276,7.872,28-Sep-12,Not Holiday,Non-Holiday,264638.1454
9,2012,42,28,505978.46,0,82.52,3.966,131.043,7.17,28-Sep-12,Not Holiday,Non-Holiday,386116.3588
9,2012,19,28,1338299.02,0,56.81,4.158,138.7395,8.193,28-Sep-12,Not Holiday,Non-Holiday,964612.832
9,2012,41,28,1307928.01,0,56.08,3.789,198.5903276,6.432,28-Sep-12,Not Holiday,Non-Holiday,658606.0992
9,2012,37,28,527953.14,0,79.49,3.666,221.6556,6.623,28-Sep-12,Not Holiday,Non-Holiday,238186.2403
9,2012,22,28,976479.51,0,62.17,4.018,142.76575,7.753,28-Sep-12,Not Holiday,Non-Holiday,683973.2289
9,2012,27,28,1540687.63,0,64.92,4.158,142.76575,8.239,28-Sep-12,Not Holiday,Non-Holiday,1079171.741
9,2012,1,28,1437059.26,0,76.08,3.666,222.9816579,6.908,28-Sep-12,Not Holiday,Non-Holiday,644474.2018
9,2012,8,28,884724.41,0,71.1,3.666,226.5675714,5.401,28-Sep-12,Not Holiday,Non-Holiday,390490.3092
9,2012,26,28,964726.37,0,50.66,4.018,138.7395,7.405,28-Sep-12,Not Holiday,Non-Holiday,695350.9058
9,2012,38,28,398468.08,0,81.22,3.966,131.043,10.926,28-Sep-12,Not Holiday,Non-Holiday,304074.2962
9,2012,15,28,553901.97,0,57.13,4.158,138.7395,8.193,28-Sep-12,Not Holiday,Non-Holiday,399238.8397
9,2012,2,28,1746470.56,0,79.45,3.666,222.6164329,6.565,28-Sep-12,Not Holiday,Non-Holiday,784520.0542
9,2012,33,28,242813.51,0,86.42,3.966,131.043,7.147,28-Sep-12,Not Holiday,Non-Holiday,185293.0031
9,2012,34,28,928629.31,0,67.06,3.666,131.043,9.285,28-Sep-12,Not Holiday,Non-Holiday,708644.7273
9,2012,9,28,516361.06,0,76.8,3.666,226.7630732,5.277,28-Sep-12,Not Holiday,Non-Holiday,227709.4999
9,2012,25,28,683300.84,0,54.52,3.997,215.7367162,7.28,28-Sep-12,Not Holiday,Non-Holiday,316729.0446
9,2012,21,28,647097.65,0,80.38,3.666,222.6164329,6.565,28-Sep-12,Not Holiday,Non-Holiday,290678.2943
9,2012,36,28,270677.98,0,79.49,3.66,221.6556,6.623,28-Sep-12,Not Holiday,Non-Holiday,122116.4636
9,2012,43,28,577792.32,0,77.55,3.666,214.30525,9.285,28-Sep-12,Not Holiday,Non-Holiday,269611.8364
9,2012,6,28,1369131.46,0,77.82,3.666,224.6029706,5.668,28-Sep-12,Not Holiday,Non-Holiday,609578.5182
9,2012,28,28,1129508.61,0,81.22,3.966,131.043,10.926,28-Sep-12,Not Holiday,Non-Holiday,861937.387
9,2012,20,28,2008350.58,0,58.65,3.997,215.7367162,7.28,28-Sep-12,Not Holiday,Non-Holiday,930926.6477
9,2012,13,28,1927664.11,0,64.8,3.821,131.043,5.765,28-Sep-12,Not Holiday,Non-Holiday,1471016.468
9,2012,17,28,972716.24,0,57.77,3.821,131.043,5.936,28-Sep-12,Not Holiday,Non-Holiday,742287.8292
9,2012,40,28,919595.44,0,50.98,4.018,138.7395,4.156,28-Sep-12,Not Holiday,Non-Holiday,662821.6478
9,2012,24,28,1259278.36,0,58.86,4.158,138.7395,8.953,28-Sep-12,Not Holiday,Non-Holiday,907656.6947
9,2012,5,28,310141.68,0,78.33,3.666,223.5741019,5.603,28-Sep-12,Not Holiday,Non-Holiday,138719.8595
9,2012,11,28,1227430.73,0,77.67,3.666,226.5180926,6.334,28-Sep-12,Not Holiday,Non-Holiday,541868.7381
9,2012,32,28,1157111.15,0,60.62,3.789,198.5903276,7.872,28-Sep-12,Not Holiday,Non-Holiday,582662.3905
9,2012,45,28,713173.95,0,64.88,3.997,192.0135577,8.684,28-Sep-12,Not Holiday,Non-Holiday,371418.5386
2,2012,34,3,939367.14,0,38.64,3.354,130.3496774,9.653,3-Feb-12,Not Holiday,Non-Holiday,720651.68
2,2012,22,3,958487.75,0,40.58,3.633,141.0161924,7.503,3-Feb-12,Not Holiday,Non-Holiday,679700.4895
2,2012,11,3,1376732.18,0,60.24,3.36,223.6591137,6.833,3-Feb-12,Not Holiday,Non-Holiday,615549.3318
2,2012,1,3,1636339.65,0,56.55,3.36,220.1720153,7.348,3-Feb-12,Not Holiday,Non-Holiday,743209.6435
2,2012,7,3,580453.32,0,22.2,3.031,196.8728921,8.256,3-Feb-12,Not Holiday,Non-Holiday,294836.5891
2,2012,26,3,939158.25,0,25.24,3.633,137.0632581,7.467,3-Feb-12,Not Holiday,Non-Holiday,685200.5877
2,2012,28,3,1531599.44,0,50.58,3.702,130.3496774,12.187,3-Feb-12,Not Holiday,Non-Holiday,1174992.889
2,2012,23,3,1261872.67,0,29.71,3.633,137.0632581,4.261,3-Feb-12,Not Holiday,Non-Holiday,920649.8426
2,2012,38,3,457711.68,0,50.58,3.702,130.3496774,12.187,3-Feb-12,Not Holiday,Non-Holiday,351141.3984
2,2012,40,3,979552.34,0,27.86,3.633,137.0632581,4.261,3-Feb-12,Not Holiday,Non-Holiday,714671.717
2,2012,12,3,1058767.95,0,50.58,3.702,130.3496774,12.187,3-Feb-12,Not Holiday,Non-Holiday,812252.0678
2,2012,15,3,523831.64,0,35.3,3.796,137.0632581,7.943,3-Feb-12,Not Holiday,Non-Holiday,382182.3932
2,2012,19,3,1345311.65,0,36.22,3.796,137.0632581,7.943,3-Feb-12,Not Holiday,Non-Holiday,981526.0987
2,2012,17,3,864852.85,0,26.26,3.077,130.3496774,6.403,3-Feb-12,Not Holiday,Non-Holiday,663486.759
2,2012,42,3,588448.21,0,56.85,3.543,130.3496774,7.545,3-Feb-12,Not Holiday,Non-Holiday,451438.179
2,2012,45,3,757330.95,0,42.96,3.617,189.6122277,8.424,3-Feb-12,Not Holiday,Non-Holiday,399410.3963
2,2012,5,3,333948,0,57.35,3.36,220.7561941,5.943,3-Feb-12,Not Holiday,Non-Holiday,151274.5775
2,2012,6,3,1496305.78,0,57.45,3.36,221.7707093,6.132,3-Feb-12,Not Holiday,Non-Holiday,674708.4792
2,2012,13,3,1927780.74,0,31.39,3.077,130.3496774,6.104,3-Feb-12,Not Holiday,Non-Holiday,1478930.196
2,2012,32,3,1156826.31,0,35.89,3.031,196.8728921,8.256,3-Feb-12,Not Holiday,Non-Holiday,587600.6075
2,2012,14,3,1877410.36,0,42.96,3.617,189.6122277,8.424,3-Feb-12,Not Holiday,Non-Holiday,990131.4819
2,2012,37,3,555424.24,0,61.33,3.36,218.8619099,7.244,3-Feb-12,Not Holiday,Non-Holiday,253778.394
2,2012,24,3,1249696.97,0,38.61,3.796,137.0632581,8.659,3-Feb-12,Not Holiday,Non-Holiday,911766.5721
2,2012,25,3,642776.4,0,34.98,3.617,213.0236225,6.961,3-Feb-12,Not Holiday,Non-Holiday,301739.4937
2,2012,4,3,2173373.91,0,41.81,3.354,130.3496774,4.607,3-Feb-12,Not Holiday,Non-Holiday,1667341.227
2,2012,44,3,325986.05,0,31.39,3.077,130.3496774,5.774,3-Feb-12,Not Holiday,Non-Holiday,250085.8126
2,2012,35,3,746901.03,0,42.52,3.617,141.0161924,8.744,3-Feb-12,Not Holiday,Non-Holiday,529656.217
2,2012,8,3,927610.69,0,45.56,3.36,223.7079023,5.825,3-Feb-12,Not Holiday,Non-Holiday,414652.6253
2,2012,30,3,434080.74,0,55.83,3.36,219.8118854,7.057,3-Feb-12,Not Holiday,Non-Holiday,197478.2843
2,2012,18,3,1049772.04,0,37.62,3.633,137.0632581,8.075,3-Feb-12,Not Holiday,Non-Holiday,765903.3169
2,2012,29,3,493159.35,0,40.58,3.633,137.0632581,8.988,3-Feb-12,Not Holiday,Non-Holiday,359804.1932
2,2012,9,3,549967.89,0,54.43,3.36,223.9006766,5.667,3-Feb-12,Not Holiday,Non-Holiday,245630.2939
2,2012,33,3,256091.32,0,59.53,3.543,130.3496774,7.603,3-Feb-12,Not Holiday,Non-Holiday,196464.8667
2,2012,31,3,1391479.91,0,55.83,3.36,219.8118854,7.057,3-Feb-12,Not Holiday,Non-Holiday,633032.1527
2,2012,20,3,2203523.2,0,39.93,3.617,213.0236225,6.961,3-Feb-12,Not Holiday,Non-Holiday,1034403.215
2,2012,3,3,424960.66,0,59.33,3.36,223.6591137,6.833,3-Feb-12,Not Holiday,Non-Holiday,190003.7307
2,2012,41,3,1208825.6,0,31.65,3.031,196.8728921,6.589,3-Feb-12,Not Holiday,Non-Holiday,614013.2281
2,2012,36,3,310982.87,0,61.33,3.421,218.8619099,7.244,3-Feb-12,Not Holiday,Non-Holiday,142090.9057
2,2012,10,3,1867403.01,0,56.85,3.543,130.3496774,7.545,3-Feb-12,Not Holiday,Non-Holiday,1432610.381
2,2012,21,3,680725.43,0,55.83,3.36,219.8118854,7.057,3-Feb-12,Not Holiday,Non-Holiday,309685.4516
2,2012,39,3,1396150.15,0,60.69,3.36,218.8619099,7.244,3-Feb-12,Not Holiday,Non-Holiday,637913.7195
2,2012,27,3,1564246.02,0,42.52,3.796,141.0161924,8.009,3-Feb-12,Not Holiday,Non-Holiday,1109266.953
2,2012,16,3,475905.1,0,25.53,3.031,196.8728921,6.162,3-Feb-12,Not Holiday,Non-Holiday,241732.1628
2,2012,2,3,1935299.94,0,55.21,3.36,219.8118854,7.057,3-Feb-12,Not Holiday,Non-Holiday,880434.6209
2,2012,43,3,629176.71,0,51.92,3.36,211.6762005,9.653,3-Feb-12,Not Holiday,Non-Holiday,297235.4514
2,2012,4,17,2427640.17,0,34.19,3.493,130.4546207,4.607,17-Feb-12,Not Holiday,Non-Holiday,1860907.768
2,2012,27,17,1606221.56,0,37.24,3.874,141.2140357,8.009,17-Feb-12,Not Holiday,Non-Holiday,1137437.615
2,2012,16,17,494069.49,0,31.19,3.113,196.9432711,6.162,17-Feb-12,Not Holiday,Non-Holiday,250868.9366
2,2012,41,17,1330451.46,0,22.52,3.113,196.9432711,6.589,17-Feb-12,Not Holiday,Non-Holiday,675550.6053
2,2012,19,17,1424720.27,0,30.95,3.874,137.2583103,7.943,17-Feb-12,Not Holiday,Non-Holiday,1037984.707
2,2012,45,17,858853.75,0,36.85,3.695,189.8424834,8.424,17-Feb-12,Not Holiday,Non-Holiday,452403.3476
2,2012,15,17,598502.83,0,30.26,3.874,137.2583103,7.943,17-Feb-12,Not Holiday,Non-Holiday,436041.234
2,2012,23,17,1365546.69,0,27.01,3.703,137.2583103,4.261,17-Feb-12,Not Holiday,Non-Holiday,994873.5978
2,2012,34,17,1123446.51,0,37.25,3.493,130.4546207,9.653,17-Feb-12,Not Holiday,Non-Holiday,861178.0127
2,2012,9,17,658965.05,0,43.81,3.51,224.1588663,5.667,17-Feb-12,Not Holiday,Non-Holiday,293972.3335
2,2012,2,17,2196688.46,0,43.82,3.51,220.0651993,7.057,17-Feb-12,Not Holiday,Non-Holiday,998198.9279
2,2012,32,17,1243812.59,0,24.26,3.113,196.9432711,8.256,17-Feb-12,Not Holiday,Non-Holiday,631558.8154
2,2012,14,17,2020550.99,0,36.85,3.695,189.8424834,8.424,17-Feb-12,Not Holiday,Non-Holiday,1064330.256
2,2012,25,17,654088.02,0,32.23,3.695,213.2732106,6.961,17-Feb-12,Not Holiday,Non-Holiday,306690.1924
2,2012,43,17,660632.05,0,49.38,3.51,211.916835,9.653,17-Feb-12,Not Holiday,Non-Holiday,311741.1838
2,2012,17,17,927084.65,0,30.76,3.119,130.4546207,6.403,17-Feb-12,Not Holiday,Non-Holiday,710656.8131
2,2012,13,17,2214477.06,0,36.57,3.119,130.4546207,6.104,17-Feb-12,Not Holiday,Non-Holiday,1697507.569
2,2012,3,17,475591.08,0,52.39,3.51,223.9170153,6.833,17-Feb-12,Not Holiday,Non-Holiday,212396.1323
2,2012,31,17,1570813.52,0,45.03,3.51,220.0651993,7.057,17-Feb-12,Not Holiday,Non-Holiday,713794.605
2,2012,29,17,559606.91,0,36.25,3.703,137.2583103,8.988,17-Feb-12,Not Holiday,Non-Holiday,407703.4817
2,2012,22,17,1004749.41,0,36.25,3.703,141.2140357,7.503,17-Feb-12,Not Holiday,Non-Holiday,711508.1762
2,2012,1,17,1819870,0,45.32,3.51,220.4257586,7.348,17-Feb-12,Not Holiday,Non-Holiday,825615.8498
2,2012,33,17,266300.98,0,57.8,3.781,130.4546207,7.603,17-Feb-12,Not Holiday,Non-Holiday,204133.0377
2,2012,30,17,435109.11,0,45.03,3.51,220.0651993,7.057,17-Feb-12,Not Holiday,Non-Holiday,197718.2723
2,2012,44,17,320691.21,0,36.57,3.119,130.4546207,5.774,17-Feb-12,Not Holiday,Non-Holiday,245825.8728
2,2012,36,17,326316.73,0,54.38,3.503,219.1148297,7.244,17-Feb-12,Not Holiday,Non-Holiday,148924.9862
2,2012,38,17,415513.97,0,51.8,3.781,130.4546207,12.187,17-Feb-12,Not Holiday,Non-Holiday,318512.2672
2,2012,28,17,1501503.68,0,51.8,3.781,130.4546207,12.187,17-Feb-12,Not Holiday,Non-Holiday,1150977.767
2,2012,6,17,1632616.09,0,49.03,3.51,222.026359,6.132,17-Feb-12,Not Holiday,Non-Holiday,735325.3449
2,2012,5,17,356427.98,0,48.25,3.51,221.0106341,5.943,17-Feb-12,Not Holiday,Non-Holiday,161271.8689
2,2012,24,17,1326370.08,0,33.92,3.874,137.2583103,8.659,17-Feb-12,Not Holiday,Non-Holiday,966331.3479
2,2012,40,17,975500.87,0,25.56,3.703,137.2583103,4.261,17-Feb-12,Not Holiday,Non-Holiday,710704.4141
2,2012,26,17,965788.76,0,23.9,3.703,137.2583103,7.467,17-Feb-12,Not Holiday,Non-Holiday,703628.6239
2,2012,39,17,1511041.69,0,52.75,3.51,219.1148297,7.244,17-Feb-12,Not Holiday,Non-Holiday,689611.7858
2,2012,20,17,2309025.16,0,31.11,3.695,213.2732106,6.961,17-Feb-12,Not Holiday,Non-Holiday,1082660.665
2,2012,42,17,606671.5,0,54.12,3.781,130.4546207,7.545,17-Feb-12,Not Holiday,Non-Holiday,465044.0872
2,2012,18,17,1115985.81,0,32.87,3.703,137.2583103,8.075,17-Feb-12,Not Holiday,Non-Holiday,813055.1859
2,2012,12,17,1240048.85,0,51.8,3.781,130.4546207,12.187,17-Feb-12,Not Holiday,Non-Holiday,950559.5458
2,2012,8,17,1096232.89,0,37.51,3.51,223.9658621,5.825,17-Feb-12,Not Holiday,Non-Holiday,489464.278
2,2012,35,17,824568.39,0,37.24,3.695,141.2140357,8.744,17-Feb-12,Not Holiday,Non-Holiday,583913.9048
2,2012,10,17,2168709.76,0,54.12,3.781,130.4546207,7.545,17-Feb-12,Not Holiday,Non-Holiday,1662424.641
2,2012,7,17,620908.18,0,27.03,3.113,196.9432711,8.256,17-Feb-12,Not Holiday,Non-Holiday,315272.6044
2,2012,37,17,541071.29,0,54.38,3.51,219.1148297,7.244,17-Feb-12,Not Holiday,Non-Holiday,246935.0389
2,2012,21,17,834663.52,0,45.03,3.51,220.0651993,7.057,17-Feb-12,Not Holiday,Non-Holiday,379280.1055
2,2012,11,17,1569607.94,0,52.77,3.51,223.9170153,6.833,17-Feb-12,Not Holiday,Non-Holiday,700977.5197
2,2012,10,24,2039415.74,0,56.02,3.95,130.5502069,7.545,24-Feb-12,Not Holiday,Non-Holiday,1562169.673
2,2012,2,24,1861802.7,0,54.63,3.555,220.275944,7.057,24-Feb-12,Not Holiday,Non-Holiday,845213.8105
2,2012,43,24,613042.97,0,53.53,3.555,212.1174212,9.653,24-Feb-12,Not Holiday,Non-Holiday,289011.1366
2,2012,38,24,409411.61,0,53.13,3.95,130.5502069,12.187,24-Feb-12,Not Holiday,Non-Holiday,313604.7194
2,2012,35,24,805028.74,0,41.74,3.739,141.3007857,8.744,24-Feb-12,Not Holiday,Non-Holiday,569727.009
2,2012,7,24,603041.14,0,24.41,3.129,196.9499007,8.256,24-Feb-12,Not Holiday,Non-Holiday,306190.1214
2,2012,36,24,313270.45,0,62.21,3.55,219.3244636,7.244,24-Feb-12,Not Holiday,Non-Holiday,142834.2488
2,2012,44,24,315641.8,0,35.38,3.145,130.5502069,5.774,24-Feb-12,Not Holiday,Non-Holiday,241778.0925
2,2012,41,24,1224915.66,0,27.89,3.129,196.9499007,6.589,24-Feb-12,Not Holiday,Non-Holiday,621942.766
2,2012,4,24,2226662.17,0,41.31,3.541,130.5502069,4.607,24-Feb-12,Not Holiday,Non-Holiday,1705598.346
2,2012,3,24,418925.47,0,60.12,3.555,224.1320199,6.833,24-Feb-12,Not Holiday,Non-Holiday,186910.139
2,2012,42,24,564304.15,0,56.02,3.95,130.5502069,7.545,24-Feb-12,Not Holiday,Non-Holiday,432250.6746
2,2012,6,24,1465187.71,0,59.17,3.555,222.2392726,6.132,24-Feb-12,Not Holiday,Non-Holiday,659283.8848
2,2012,5,24,312220.47,0,57.75,3.555,221.2224243,5.943,24-Feb-12,Not Holiday,Non-Holiday,141134.187
2,2012,40,24,919301.81,0,29.88,3.751,137.3411034,4.261,24-Feb-12,Not Holiday,Non-Holiday,669356.6509
2,2012,39,24,1412065.04,0,61.1,3.555,219.3244636,7.244,24-Feb-12,Not Holiday,Non-Holiday,643824.6864
2,2012,8,24,928537.54,0,46.33,3.555,224.1809207,5.825,24-Feb-12,Not Holiday,Non-Holiday,414191.1529
2,2012,37,24,518696.89,0,62.21,3.555,219.3244636,7.244,24-Feb-12,Not Holiday,Non-Holiday,236497.5076
2,2012,9,24,563578.79,0,53.67,3.555,224.3741384,5.667,24-Feb-12,Not Holiday,Non-Holiday,251178.1411
2,2012,45,24,753060.78,0,42.86,3.739,190.0069881,8.424,24-Feb-12,Not Holiday,Non-Holiday,396333.202
2,2012,1,24,1539387.83,0,57.25,3.555,220.636902,7.348,24-Feb-12,Not Holiday,Non-Holiday,697701.8876
2,2012,11,24,1379473.03,0,61.11,3.555,224.1320199,6.833,24-Feb-12,Not Holiday,Non-Holiday,615473.4297
2,2012,34,24,950154.24,0,39.89,3.541,130.5502069,9.653,24-Feb-12,Not Holiday,Non-Holiday,727807.5329
2,2012,18,24,1037861.11,0,36.34,3.751,137.3411034,8.075,24-Feb-12,Not Holiday,Non-Holiday,755681.3542
2,2012,17,24,843864.43,0,30.01,3.145,130.5502069,6.403,24-Feb-12,Not Holiday,Non-Holiday,646390.7259
2,2012,29,24,488782.63,0,39,3.751,137.3411034,8.988,24-Feb-12,Not Holiday,Non-Holiday,355889.5465
2,2012,28,24,1323487.91,0,53.13,3.95,130.5502069,12.187,24-Feb-12,Not Holiday,Non-Holiday,1013776.953
2,2012,25,24,613501.05,0,35.51,3.739,213.4725116,6.961,24-Feb-12,Not Holiday,Non-Holiday,287391.1238
2,2012,21,24,747099.07,0,54.81,3.555,220.275944,7.057,24-Feb-12,Not Holiday,Non-Holiday,339165.0747
2,2012,23,24,1272948.27,0,31.12,3.751,137.3411034,4.261,24-Feb-12,Not Holiday,Non-Holiday,926851.6405
2,2012,15,24,561137.06,0,33.18,3.917,137.3411034,7.943,24-Feb-12,Not Holiday,Non-Holiday,408571.8304
2,2012,33,24,242526.7,0,59.41,3.95,130.5502069,7.603,24-Feb-12,Not Holiday,Non-Holiday,185772.7427
2,2012,13,24,1929768.03,0,35.38,3.145,130.5502069,6.104,24-Feb-12,Not Holiday,Non-Holiday,1478180.752
2,2012,12,24,1112034.72,0,53.13,3.95,130.5502069,12.187,24-Feb-12,Not Holiday,Non-Holiday,851806.1721
2,2012,22,24,912958.95,0,39,3.751,141.3007857,7.503,24-Feb-12,Not Holiday,Non-Holiday,646110.3139
2,2012,24,24,1303233.15,0,37.35,3.917,137.3411034,8.659,24-Feb-12,Not Holiday,Non-Holiday,948902.49
2,2012,30,24,425215.71,0,54.81,3.555,220.275944,7.057,24-Feb-12,Not Holiday,Non-Holiday,193037.7427
2,2012,31,24,1392543.37,0,54.81,3.555,220.275944,7.057,24-Feb-12,Not Holiday,Non-Holiday,632181.3198
2,2012,26,24,917924.47,0,28.06,3.751,137.3411034,7.467,24-Feb-12,Not Holiday,Non-Holiday,668353.7901
2,2012,27,24,1648602.39,0,41.74,3.917,141.3007857,8.009,24-Feb-12,Not Holiday,Non-Holiday,1166732.642
2,2012,19,24,1352470.09,0,33.91,3.917,137.3411034,7.943,24-Feb-12,Not Holiday,Non-Holiday,984752.6025
2,2012,16,24,495720.3,0,26.21,3.129,196.9499007,6.162,24-Feb-12,Not Holiday,Non-Holiday,251698.6798
2,2012,32,24,1091822.72,0,33.41,3.129,196.9499007,8.256,24-Feb-12,Not Holiday,Non-Holiday,554365.7124
2,2012,20,24,2045837.55,0,39.79,3.739,213.4725116,6.961,24-Feb-12,Not Holiday,Non-Holiday,958361.1186
2,2012,14,24,1875040.16,0,42.86,3.739,190.0069881,8.424,24-Feb-12,Not Holiday,Non-Holiday,986826.9471
10,2012,15,5,573498.64,0,59.57,4.151,138.8256,7.992,5-Oct-12,Not Holiday,Non-Holiday,413107.2655
10,2012,8,5,976436.02,0,61.41,3.617,226.7705581,5.124,5-Oct-12,Not Holiday,Non-Holiday,430583.2416
10,2012,6,5,1518177.71,0,70.84,3.617,224.804222,5.329,5-Oct-12,Not Holiday,Non-Holiday,675333.2729
10,2012,36,5,277137.86,0,73.57,3.611,221.8533396,6.228,5-Oct-12,Not Holiday,Non-Holiday,124919.3997
10,2012,2,5,1998321.04,0,70.27,3.617,222.8159296,6.17,5-Oct-12,Not Holiday,Non-Holiday,896848.3733
10,2012,26,5,1095504.26,0,54.07,4.027,138.8256,7.138,5-Oct-12,Not Holiday,Non-Holiday,789122.6546
10,2012,32,5,1202775.24,0,55.34,3.779,198.8221322,7.557,5-Oct-12,Not Holiday,Non-Holiday,604950.3779
10,2012,30,5,446751.45,0,70.28,3.617,222.8159296,6.17,5-Oct-12,Not Holiday,Non-Holiday,200502.4734
10,2012,43,5,642614.89,0,74.09,3.617,214.4912667,8.839,5-Oct-12,Not Holiday,Non-Holiday,299599.5594
10,2012,7,5,505830.56,0,48.43,3.779,198.8221322,7.557,5-Oct-12,Not Holiday,Non-Holiday,254413.608
10,2012,38,5,458479.01,0,81.61,3.966,131.0756667,10.199,5-Oct-12,Not Holiday,Non-Holiday,349781.9401
10,2012,33,5,265444.9,0,85.18,4.132,131.0756667,6.895,5-Oct-12,Not Holiday,Non-Holiday,202512.7216
10,2012,12,5,979825.92,0,81.61,3.966,131.0756667,10.199,5-Oct-12,Not Holiday,Non-Holiday,747526.9397
10,2012,1,5,1670785.97,0,68.55,3.617,223.1814772,6.573,5-Oct-12,Not Holiday,Non-Holiday,748622.1486
10,2012,28,5,1462941.03,0,81.61,3.966,131.0756667,10.199,5-Oct-12,Not Holiday,Non-Holiday,1116104.207
10,2012,45,5,733455.07,0,64.89,3.985,192.1704115,8.667,5-Oct-12,Not Holiday,Non-Holiday,381669.0948
10,2012,13,5,2041918.74,0,61.79,3.815,131.0756667,5.621,5-Oct-12,Not Holiday,Non-Holiday,1557816.787
10,2012,41,5,1400160.95,0,50.14,3.779,198.8221322,6.195,5-Oct-12,Not Holiday,Non-Holiday,704227.9119
10,2012,19,5,1408016.1,0,59.86,4.151,138.8256,7.992,5-Oct-12,Not Holiday,Non-Holiday,1014233.758
10,2012,17,5,952609.17,0,52.81,3.815,131.0756667,5.527,5-Oct-12,Not Holiday,Non-Holiday,726762.7882
10,2012,44,5,337390.44,0,61.79,3.815,131.0756667,5.217,5-Oct-12,Not Holiday,Non-Holiday,257401.2771
10,2012,14,5,1687592.16,0,64.89,3.985,192.1704115,8.667,5-Oct-12,Not Holiday,Non-Holiday,878174.8173
10,2012,39,5,1574408.67,0,72.05,3.617,221.8533396,6.228,5-Oct-12,Not Holiday,Non-Holiday,709661.9203
10,2012,10,5,1758971.38,0,80.88,4.132,131.0756667,6.943,5-Oct-12,Not Holiday,Non-Holiday,1341951.122
10,2012,20,5,2246411.89,0,60.77,3.985,215.9258865,7.293,5-Oct-12,Not Holiday,Non-Holiday,1040362.472
10,2012,5,5,343048.29,0,71.17,3.617,223.7744444,5.422,5-Oct-12,Not Holiday,Non-Holiday,153300.9236
10,2012,29,5,520632.8,0,62.09,4.027,138.8256,9.151,5-Oct-12,Not Holiday,Non-Holiday,375026.5081
10,2012,31,5,1363365.05,0,70.28,3.617,222.8159296,6.17,5-Oct-12,Not Holiday,Non-Holiday,611879.5243
10,2012,11,5,1422794.26,0,73.37,3.617,226.7210356,6.034,5-Oct-12,Not Holiday,Non-Holiday,627552.8233
10,2012,24,5,1416720.54,0,60.35,4.151,138.8256,8.693,5-Oct-12,Not Holiday,Non-Holiday,1020503.812
10,2012,4,5,2209835.43,0,63.07,3.62,131.0756667,3.879,5-Oct-12,Not Holiday,Non-Holiday,1685923.471
10,2012,16,5,471281.68,0,50.46,3.779,198.8221322,5.847,5-Oct-12,Not Holiday,Non-Holiday,237036.8302
10,2012,27,5,1591816.88,0,64.5,4.151,142.8516833,8,5-Oct-12,Not Holiday,Non-Holiday,1114314.402
10,2012,34,5,968896.68,0,65.41,3.62,131.0756667,8.839,5-Oct-12,Not Holiday,Non-Holiday,739188.8246
10,2012,18,5,1092204.79,0,59.68,4.027,138.8256,8.243,5-Oct-12,Not Holiday,Non-Holiday,786745.9532
10,2012,40,5,1069112,0,57.21,4.027,138.8256,4.145,5-Oct-12,Not Holiday,Non-Holiday,770111.5644
10,2012,23,5,1464616.59,0,56.65,4.027,138.8256,4.145,5-Oct-12,Not Holiday,Non-Holiday,1055004.689
10,2012,3,5,443557.65,0,72.74,3.617,226.7210356,6.034,5-Oct-12,Not Holiday,Non-Holiday,195640.2717
10,2012,42,5,593162.53,0,80.88,4.132,131.0756667,6.943,5-Oct-12,Not Holiday,Non-Holiday,452534.4367
10,2012,21,5,651768.91,0,70.28,3.617,222.8159296,6.17,5-Oct-12,Not Holiday,Non-Holiday,292514.5034
10,2012,9,5,606755.3,0,66.61,3.617,226.9662325,4.954,5-Oct-12,Not Holiday,Non-Holiday,267332.8509
10,2012,22,5,1009887.36,0,62.09,4.027,142.8516833,7.543,5-Oct-12,Not Holiday,Non-Holiday,706948.1694
10,2012,37,5,546122.37,0,73.57,3.617,221.8533396,6.228,5-Oct-12,Not Holiday,Non-Holiday,246163.6913
10,2012,35,5,866064.4,0,64.5,3.985,142.8516833,8.665,5-Oct-12,Not Holiday,Non-Holiday,606268.2497
10,2012,25,5,699536.73,0,57.58,3.985,215.9258865,7.293,5-Oct-12,Not Holiday,Non-Holiday,323970.7574
10,2012,18,12,1074079,0,50.97,4.029,138.9117,8.243,12-Oct-12,Not Holiday,Non-Holiday,773209.888
10,2012,45,12,734464.36,0,54.47,4,192.3272654,8.667,12-Oct-12,Not Holiday,Non-Holiday,381882.5992
10,2012,39,12,1494417.07,0,69.88,3.601,222.0510793,6.228,12-Oct-12,Not Holiday,Non-Holiday,673005.9925
10,2012,5,12,325345.41,0,66.24,3.601,223.974787,5.422,12-Oct-12,Not Holiday,Non-Holiday,145259.8368
10,2012,6,12,1459396.84,0,65.43,3.601,225.0054733,5.329,12-Oct-12,Not Holiday,Non-Holiday,648605.04
10,2012,29,12,513737,0,54.18,4.029,138.9117,9.151,12-Oct-12,Not Holiday,Non-Holiday,369829.8991
10,2012,33,12,291781.15,0,79.64,4.468,131.1083333,6.895,12-Oct-12,Not Holiday,Non-Holiday,222549.66
10,2012,12,12,934917.47,0,71.74,4.468,131.1083333,10.199,12-Oct-12,Not Holiday,Non-Holiday,713087.7546
10,2012,38,12,437320.66,0,71.74,4.468,131.1083333,10.199,12-Oct-12,Not Holiday,Non-Holiday,333556.7229
10,2012,17,12,919878.34,0,44.82,3.797,131.1083333,5.527,12-Oct-12,Not Holiday,Non-Holiday,701616.9887
10,2012,28,12,1205536.71,0,71.74,4.468,131.1083333,10.199,12-Oct-12,Not Holiday,Non-Holiday,919496.6328
10,2012,11,12,1311965.09,0,69.94,3.601,226.9239785,6.034,12-Oct-12,Not Holiday,Non-Holiday,578151.8104
10,2012,41,12,1409544.97,0,39.38,3.76,199.0539368,6.195,12-Oct-12,Not Holiday,Non-Holiday,708122.1264
10,2012,34,12,948613.39,0,59.94,3.603,131.1083333,8.839,12-Oct-12,Not Holiday,Non-Holiday,723534.0166
10,2012,22,12,1004039.84,0,54.18,4.029,142.9376167,7.543,12-Oct-12,Not Holiday,Non-Holiday,702432.1961
10,2012,23,12,1412925.25,0,48.1,4.029,138.9117,4.145,12-Oct-12,Not Holiday,Non-Holiday,1017139.125
10,2012,40,12,982523.26,0,47.35,4.029,138.9117,4.145,12-Oct-12,Not Holiday,Non-Holiday,707300.5802
10,2012,7,12,503463.93,0,41.43,3.76,199.0539368,7.557,12-Oct-12,Not Holiday,Non-Holiday,252928.3962
10,2012,16,12,491817.19,0,43.26,3.76,199.0539368,5.847,12-Oct-12,Not Holiday,Non-Holiday,247077.3489
10,2012,27,12,1660081.29,0,55.4,4.186,142.9376167,8,12-Oct-12,Not Holiday,Non-Holiday,1161402.665
10,2012,15,12,551799.63,0,49.12,4.186,138.9117,7.992,12-Oct-12,Not Holiday,Non-Holiday,397230.4925
10,2012,36,12,300236.85,0,71.28,3.576,222.0510793,6.228,12-Oct-12,Not Holiday,Non-Holiday,135210.7141
10,2012,44,12,337796.13,0,55.1,3.797,131.1083333,5.217,12-Oct-12,Not Holiday,Non-Holiday,257646.5748
10,2012,3,12,410804.39,0,70.31,3.601,226.9239785,6.034,12-Oct-12,Not Holiday,Non-Holiday,181031.7238
10,2012,31,12,1401113.42,0,61.53,3.601,223.0154263,6.17,12-Oct-12,Not Holiday,Non-Holiday,628258.5215
10,2012,13,12,1999079.44,0,55.1,3.797,131.1083333,5.621,12-Oct-12,Not Holiday,Non-Holiday,1524753.911
10,2012,43,12,619369.72,0,71.14,3.601,214.6772833,8.839,12-Oct-12,Not Holiday,Non-Holiday,288511.9983
10,2012,10,12,1713889.11,0,76.03,4.468,131.1083333,6.943,12-Oct-12,Not Holiday,Non-Holiday,1307231.254
10,2012,14,12,1639585.61,0,54.47,4,192.3272654,8.667,12-Oct-12,Not Holiday,Non-Holiday,852497.7499
10,2012,20,12,2162951.36,0,47.2,4,216.1150568,7.293,12-Oct-12,Not Holiday,Non-Holiday,1000833.256
10,2012,1,12,1573072.81,0,62.99,3.601,223.3812965,6.573,12-Oct-12,Not Holiday,Non-Holiday,704209.7233
10,2012,26,12,1044639.69,0,45.19,4.029,138.9117,7.138,12-Oct-12,Not Holiday,Non-Holiday,752017.0655
10,2012,19,12,1352809.5,0,48.29,4.186,138.9117,7.992,12-Oct-12,Not Holiday,Non-Holiday,973862.8928
10,2012,9,12,558464.8,0,60.09,3.601,227.1693919,4.954,12-Oct-12,Not Holiday,Non-Holiday,245836.2878
10,2012,21,12,653043.44,0,61.53,3.601,223.0154263,6.17,12-Oct-12,Not Holiday,Non-Holiday,292824.3354
10,2012,2,12,1900745.13,0,60.97,3.601,223.0154263,6.17,12-Oct-12,Not Holiday,Non-Holiday,852293.1178
10,2012,4,12,2133026.07,0,57.11,3.603,131.1083333,3.879,12-Oct-12,Not Holiday,Non-Holiday,1626918.76
10,2012,30,12,434593.26,0,61.53,3.601,223.0154263,6.17,12-Oct-12,Not Holiday,Non-Holiday,194871.3895
10,2012,25,12,697317.41,0,43.74,4,216.1150568,7.293,12-Oct-12,Not Holiday,Non-Holiday,322660.2627
10,2012,32,12,1176681.31,0,43.49,3.76,199.0539368,7.557,12-Oct-12,Not Holiday,Non-Holiday,591136.9194
10,2012,24,12,1416301.17,0,51.64,4.186,138.9117,8.693,12-Oct-12,Not Holiday,Non-Holiday,1019569.388
10,2012,42,12,612379.9,0,76.03,4.468,131.1083333,6.943,12-Oct-12,Not Holiday,Non-Holiday,467079.3111
10,2012,37,12,521810.75,0,71.28,3.601,222.0510793,6.228,12-Oct-12,Not Holiday,Non-Holiday,234995.8179
10,2012,35,12,873643.14,0,55.4,4,142.9376167,8.665,12-Oct-12,Not Holiday,Non-Holiday,611205.8954
10,2012,8,12,927511.99,0,55.03,3.601,226.9735448,5.124,12-Oct-12,Not Holiday,Non-Holiday,408643.2147
10,2012,35,19,829284.67,0,56.53,3.969,142.8633629,8.665,19-Oct-12,Not Holiday,Non-Holiday,580473.995
10,2012,3,19,424513.08,0,73.44,3.594,226.9688442,6.034,19-Oct-12,Not Holiday,Non-Holiday,187035.8381
10,2012,10,19,1734834.82,0,72.71,4.449,131.1499677,6.943,19-Oct-12,Not Holiday,Non-Holiday,1322787.074
10,2012,6,19,1436883.99,0,69.68,3.594,225.0501013,5.329,19-Oct-12,Not Holiday,Non-Holiday,638472.9363
10,2012,36,19,287360.05,0,74.06,3.57,222.0951719,6.228,19-Oct-12,Not Holiday,Non-Holiday,129385.9959
10,2012,16,19,577198.97,0,40.59,3.75,199.1481963,5.847,19-Oct-12,Not Holiday,Non-Holiday,289833.8929
10,2012,31,19,1378730.45,0,68.52,3.594,223.0598077,6.17,19-Oct-12,Not Holiday,Non-Holiday,618099.0041
10,2012,39,19,1577486.33,0,71.45,3.594,222.0951719,6.228,19-Oct-12,Not Holiday,Non-Holiday,710274.9315
10,2012,29,19,516909.24,0,55.28,4,138.8336129,9.151,19-Oct-12,Not Holiday,Non-Holiday,372322.8325
10,2012,45,19,718125.53,0,56.47,3.969,192.3308542,8.667,19-Oct-12,Not Holiday,Non-Holiday,373380.305
10,2012,14,19,1590274.72,0,56.47,3.969,192.3308542,8.667,19-Oct-12,Not Holiday,Non-Holiday,826843.2679
10,2012,20,19,1999363.49,0,56.26,3.969,216.1464699,7.293,19-Oct-12,Not Holiday,Non-Holiday,925003.9989
10,2012,9,19,542009.46,0,68.01,3.594,227.214288,4.954,19-Oct-12,Not Holiday,Non-Holiday,238545.5003
10,2012,5,19,313358.15,0,69.17,3.594,224.0192873,5.422,19-Oct-12,Not Holiday,Non-Holiday,139879.987
10,2012,21,19,641368.14,0,68.52,3.594,223.0598077,6.17,19-Oct-12,Not Holiday,Non-Holiday,287531.9165
10,2012,40,19,918170.5,0,46.33,4,138.8336129,4.145,19-Oct-12,Not Holiday,Non-Holiday,661345.9672
10,2012,25,19,685531.85,0,51.93,3.969,216.1464699,7.293,19-Oct-12,Not Holiday,Non-Holiday,317160.7893
10,2012,11,19,1232073.18,0,73.77,3.594,226.9688442,6.034,19-Oct-12,Not Holiday,Non-Holiday,542838.0201
10,2012,4,19,2097266.85,0,64.46,3.61,131.1499677,3.879,19-Oct-12,Not Holiday,Non-Holiday,1599136.383
10,2012,42,19,541406.98,0,72.71,4.449,131.1499677,6.943,19-Oct-12,Not Holiday,Non-Holiday,412815.1836
10,2012,24,19,1255414.84,0,52.59,4.153,138.8336129,8.693,19-Oct-12,Not Holiday,Non-Holiday,904258.5681
10,2012,22,19,978027.95,0,55.28,4,142.8633629,7.543,19-Oct-12,Not Holiday,Non-Holiday,684589.7578
10,2012,19,19,1321102.35,0,53.44,4.153,138.8336129,7.992,19-Oct-12,Not Holiday,Non-Holiday,951572.4056
10,2012,13,19,2018010.15,0,52.06,3.781,131.1499677,5.621,19-Oct-12,Not Holiday,Non-Holiday,1538704.268
10,2012,17,19,957356.84,0,48.16,3.781,131.1499677,5.527,19-Oct-12,Not Holiday,Non-Holiday,729971.0833
10,2012,1,19,1508068.77,0,67.97,3.594,223.4257233,6.573,19-Oct-12,Not Holiday,Non-Holiday,674975.445
10,2012,12,19,960945.43,0,68.66,4.449,131.1499677,10.199,19-Oct-12,Not Holiday,Non-Holiday,732707.3326
10,2012,32,19,1199292.06,0,53.57,3.75,199.1481963,7.557,19-Oct-12,Not Holiday,Non-Holiday,602210.8572
10,2012,23,19,1363155.77,0,47.89,4,138.8336129,4.145,19-Oct-12,Not Holiday,Non-Holiday,981862.9232
10,2012,33,19,254412.34,0,75.55,4.449,131.1499677,6.895,19-Oct-12,Not Holiday,Non-Holiday,193985.8198
10,2012,38,19,428806.46,0,68.66,4.449,131.1499677,10.199,19-Oct-12,Not Holiday,Non-Holiday,326958.8758
10,2012,28,19,1143724.48,0,68.66,4.449,131.1499677,10.199,19-Oct-12,Not Holiday,Non-Holiday,872073.7794
10,2012,7,19,516424.83,0,43.01,3.75,199.1481963,7.557,19-Oct-12,Not Holiday,Non-Holiday,259316.8503
10,2012,15,19,555652.77,0,52.89,4.153,138.8336129,7.992,19-Oct-12,Not Holiday,Non-Holiday,400229.2805
10,2012,44,19,323766.77,0,52.06,3.781,131.1499677,5.217,19-Oct-12,Not Holiday,Non-Holiday,246867.5942
10,2012,8,19,900309.75,0,62.99,3.594,227.0184166,5.124,19-Oct-12,Not Holiday,Non-Holiday,396580.05
10,2012,2,19,1847990.41,0,68.08,3.594,223.0598077,6.17,19-Oct-12,Not Holiday,Non-Holiday,828473.058
10,2012,30,19,437537.29,0,68.52,3.594,223.0598077,6.17,19-Oct-12,Not Holiday,Non-Holiday,196152.4555
10,2012,27,19,1620374.24,0,56.53,4.153,142.8633629,8,19-Oct-12,Not Holiday,Non-Holiday,1134212.584
10,2012,41,19,1326197.24,0,49.56,3.75,199.1481963,6.195,19-Oct-12,Not Holiday,Non-Holiday,665934.8488
10,2012,43,19,623919.23,0,71.25,3.594,214.7212488,8.839,19-Oct-12,Not Holiday,Non-Holiday,290571.7219
10,2012,18,19,1048706.75,0,51.96,4,138.8336129,8.243,19-Oct-12,Not Holiday,Non-Holiday,755369.4873
10,2012,37,19,551969.1,0,74.06,3.594,222.0951719,6.228,19-Oct-12,Not Holiday,Non-Holiday,248528.1851
10,2012,34,19,963516.28,0,58.47,3.61,131.1499677,8.839,19-Oct-12,Not Holiday,Non-Holiday,734667.5694
10,2012,26,19,975578.02,0,43.51,4,138.8336129,7.138,19-Oct-12,Not Holiday,Non-Holiday,702695.8383
10,2012,21,26,675202.87,0,70.5,3.506,223.0783366,6.17,26-Oct-12,Not Holiday,Non-Holiday,302675.2307
10,2012,24,26,1307182.29,0,55.16,4.071,138.7281613,8.693,26-Oct-12,Not Holiday,Non-Holiday,942261.6704
10,2012,32,26,1219979.29,0,47.22,3.686,199.2195317,7.557,26-Oct-12,Not Holiday,Non-Holiday,612379.3584
10,2012,9,26,549731.49,0,69.52,3.506,227.2328068,4.954,26-Oct-12,Not Holiday,Non-Holiday,241924.3496
10,2012,17,26,943465.29,0,39.94,3.755,131.1930968,5.527,26-Oct-12,Not Holiday,Non-Holiday,719142.4801
10,2012,28,26,1213860.61,0,65.95,4.301,131.1930968,10.199,26-Oct-12,Not Holiday,Non-Holiday,925247.3183
10,2012,36,26,272489.41,0,74.39,3.494,222.1136566,6.228,26-Oct-12,Not Holiday,Non-Holiday,122680.1693
10,2012,2,26,1834458.35,0,69.79,3.506,223.0783366,6.17,26-Oct-12,Not Holiday,Non-Holiday,822338.1875
10,2012,39,26,1569502,0,72.9,3.506,222.1136566,6.228,26-Oct-12,Not Holiday,Non-Holiday,706621.1164
10,2012,43,26,587603.55,0,69.17,3.506,214.7415392,8.839,26-Oct-12,Not Holiday,Non-Holiday,273632.9227
10,2012,6,26,1431426.34,0,72.34,3.506,225.0686254,5.329,26-Oct-12,Not Holiday,Non-Holiday,635995.5047
10,2012,13,26,2035189.66,0,46.97,3.755,131.1930968,5.621,26-Oct-12,Not Holiday,Non-Holiday,1551293.254
10,2012,4,26,2149594.46,0,63.64,3.514,131.1930968,3.879,26-Oct-12,Not Holiday,Non-Holiday,1638496.622
10,2012,16,26,475770.14,0,40.99,3.686,199.2195317,5.847,26-Oct-12,Not Holiday,Non-Holiday,238817.0156
10,2012,11,26,1200729.45,0,74.26,3.506,226.9873637,6.034,26-Oct-12,Not Holiday,Non-Holiday,528985.1516
10,2012,41,26,1316542.59,0,41.8,3.686,199.2195317,6.195,26-Oct-12,Not Holiday,Non-Holiday,660850.158
10,2012,33,26,253731.13,0,73.7,4.301,131.1930968,6.895,26-Oct-12,Not Holiday,Non-Holiday,193402.8056
10,2012,12,26,974697.6,0,65.95,4.301,131.1930968,10.199,26-Oct-12,Not Holiday,Non-Holiday,742948.847
10,2012,30,26,439424.5,0,70.5,3.506,223.0783366,6.17,26-Oct-12,Not Holiday,Non-Holiday,196982.1484
10,2012,15,26,558473.6,0,55.75,4.071,138.7281613,7.992,26-Oct-12,Not Holiday,Non-Holiday,402566.8579
10,2012,19,26,1322117.96,0,56.49,4.071,138.7281613,7.992,26-Oct-12,Not Holiday,Non-Holiday,953027.8118
10,2012,26,26,958619.8,0,46.95,3.917,138.7281613,7.138,26-Oct-12,Not Holiday,Non-Holiday,691005.9147
10,2012,1,26,1493659.74,0,69.16,3.506,223.4442513,6.573,26-Oct-12,Not Holiday,Non-Holiday,668470.8742
10,2012,44,26,361067.07,0,46.97,3.755,131.1930968,5.217,26-Oct-12,Not Holiday,Non-Holiday,275218.0403
10,2012,38,26,417290.38,0,65.95,4.301,131.1930968,10.199,26-Oct-12,Not Holiday,Non-Holiday,318073.4278
10,2012,7,26,495543.28,0,42.53,3.686,199.2195317,7.557,26-Oct-12,Not Holiday,Non-Holiday,248742.3175
10,2012,8,26,891671.44,0,64.74,3.506,227.0369359,5.124,26-Oct-12,Not Holiday,Non-Holiday,392742.8973
10,2012,37,26,534738.43,0,74.39,3.506,222.1136566,6.228,26-Oct-12,Not Holiday,Non-Holiday,240749.9107
10,2012,34,26,956987.81,0,57.95,3.514,131.1930968,8.839,26-Oct-12,Not Holiday,Non-Holiday,729449.8212
10,2012,27,26,1703047.74,0,58.99,4.071,142.7624113,8,26-Oct-12,Not Holiday,Non-Holiday,1192924.471
10,2012,22,26,1094422.69,0,57.58,3.917,142.7624113,7.543,26-Oct-12,Not Holiday,Non-Holiday,766604.2343
10,2012,23,26,1347454.59,0,50.56,3.917,138.7281613,4.145,26-Oct-12,Not Holiday,Non-Holiday,971291.3206
10,2012,42,26,514756.08,0,70.5,4.301,131.1930968,6.943,26-Oct-12,Not Holiday,Non-Holiday,392365.2178
10,2012,35,26,865137.6,0,58.99,3.882,142.7624113,8.665,26-Oct-12,Not Holiday,Non-Holiday,605998.1701
10,2012,10,26,1744349.05,0,70.5,4.301,131.1930968,6.943,26-Oct-12,Not Holiday,Non-Holiday,1329604.295
10,2012,3,26,405432.7,0,74.66,3.506,226.9873637,6.034,26-Oct-12,Not Holiday,Non-Holiday,178614.6565
10,2012,29,26,534970.68,0,57.58,3.917,138.7281613,9.151,26-Oct-12,Not Holiday,Non-Holiday,385625.1499
10,2012,31,26,1340232.55,0,70.5,3.506,223.0783366,6.17,26-Oct-12,Not Holiday,Non-Holiday,600790.0948
10,2012,14,26,1704357.62,0,58.85,3.882,192.3088989,8.667,26-Oct-12,Not Holiday,Non-Holiday,886260.4018
10,2012,20,26,2031650.55,0,60.04,3.882,216.1515902,7.293,26-Oct-12,Not Holiday,Non-Holiday,939919.3169
10,2012,25,26,688940.94,0,56.69,3.882,216.1515902,7.293,26-Oct-12,Not Holiday,Non-Holiday,318730.4518
10,2012,5,26,319550.77,0,71.7,3.506,224.0378139,5.422,26-Oct-12,Not Holiday,Non-Holiday,142632.5157
10,2012,40,26,921264.52,0,49.65,3.917,138.7281613,4.145,26-Oct-12,Not Holiday,Non-Holiday,664078.9522
10,2012,18,26,1127516.25,0,56.09,3.917,138.7281613,8.243,26-Oct-12,Not Holiday,Non-Holiday,812752.2483
10,2012,45,26,760281.43,0,58.85,3.882,192.3088989,8.667,26-Oct-12,Not Holiday,Non-Holiday,395343.8631
7,2012,23,6,1545370.16,0,70.86,3.538,138.2296333,4.156,6-Jul-12,Not Holiday,Non-Holiday,1117973.131
7,2012,40,6,1182901.56,0,69.08,3.538,138.2296333,4.156,6-Jul-12,Not Holiday,Non-Holiday,855751.0656
7,2012,34,6,1007867.68,0,77.95,3.187,130.7196333,9.285,6-Jul-12,Not Holiday,Non-Holiday,771014.77
7,2012,38,6,471086.22,0,89.13,3.765,130.7196333,10.926,6-Jul-12,Not Holiday,Non-Holiday,360379.0862
7,2012,24,6,1645097.75,0,77.18,3.646,138.2296333,8.953,6-Jul-12,Not Holiday,Non-Holiday,1190119.449
7,2012,26,6,1180470.8,0,64.94,3.538,138.2296333,7.405,6-Jul-12,Not Holiday,Non-Holiday,853992.5715
7,2012,13,6,2184980.35,0,79.23,3.63,130.7196333,5.765,6-Jul-12,Not Holiday,Non-Holiday,1671501.285
7,2012,5,6,341214.43,0,82.35,3.227,222.4714336,5.603,6-Jul-12,Not Holiday,Non-Holiday,153374.4915
7,2012,3,6,411206.5,0,83.14,3.227,225.3916254,6.334,6-Jul-12,Not Holiday,Non-Holiday,182440.8956
7,2012,21,6,693013.59,0,85.26,3.227,221.5215064,6.565,6-Jul-12,Not Holiday,Non-Holiday,312842.5773
7,2012,37,6,519498.32,0,81.52,3.227,220.567112,6.623,6-Jul-12,Not Holiday,Non-Holiday,235528.459
7,2012,31,6,1458059.42,0,85.26,3.227,221.5215064,6.565,6-Jul-12,Not Holiday,Non-Holiday,658202.1961
7,2012,30,6,440553.42,0,85.26,3.227,221.5215064,6.565,6-Jul-12,Not Holiday,Non-Holiday,198876.1395
7,2012,29,6,578832.41,0,77.41,3.538,138.2296333,9.419,6-Jul-12,Not Holiday,Non-Holiday,418746.9764
7,2012,19,6,1557120.44,0,76.07,3.646,138.2296333,8.193,6-Jul-12,Not Holiday,Non-Holiday,1126473.682
7,2012,39,6,1659221.99,0,81.05,3.227,220.567112,6.623,6-Jul-12,Not Holiday,Non-Holiday,752252.6704
7,2012,43,6,645618.59,0,82.68,3.227,213.2797452,9.285,6-Jul-12,Not Holiday,Non-Holiday,302709.753
7,2012,10,6,1805999.79,0,86.87,3.666,130.7196333,7.17,6-Jul-12,Not Holiday,Non-Holiday,1381582.662
7,2012,1,6,1769854.16,0,81.57,3.227,221.8837789,6.908,6-Jul-12,Not Holiday,Non-Holiday,797649.1877
7,2012,35,6,985479.64,0,82.08,3.475,142.2234298,8.839,6-Jul-12,Not Holiday,Non-Holiday,692909.4885
7,2012,11,6,1461129.94,0,83.44,3.227,225.3916254,6.334,6-Jul-12,Not Holiday,Non-Holiday,648262.746
7,2012,45,6,843361.1,0,82.99,3.475,191.1338827,8.684,6-Jul-12,Not Holiday,Non-Holiday,441241.0234
7,2012,15,6,678024.75,0,74.64,3.646,138.2296333,8.193,6-Jul-12,Not Holiday,Non-Holiday,490506.0759
7,2012,33,6,273690.37,0,93.21,3.666,130.7196333,7.147,6-Jul-12,Not Holiday,Non-Holiday,209372.0454
7,2012,25,6,753385.55,0,75.52,3.475,214.6873514,7.28,6-Jul-12,Not Holiday,Non-Holiday,350922.1876
7,2012,27,6,2062224.92,0,82.08,3.646,142.2234298,8.239,6-Jul-12,Not Holiday,Non-Holiday,1449989.585
7,2012,12,6,1014898.78,0,89.13,3.765,130.7196333,10.926,6-Jul-12,Not Holiday,Non-Holiday,776393.5335
7,2012,22,6,1097786.14,0,77.41,3.538,142.2234298,7.753,6-Jul-12,Not Holiday,Non-Holiday,771874.3259
7,2012,14,6,1862128.95,0,82.99,3.475,191.1338827,8.684,6-Jul-12,Not Holiday,Non-Holiday,974253.7135
7,2012,9,6,578790.36,0,84.15,3.227,225.6346256,5.277,6-Jul-12,Not Holiday,Non-Holiday,256516.6399
7,2012,44,6,358461.58,0,79.23,3.63,130.7196333,5.407,6-Jul-12,Not Holiday,Non-Holiday,274221.6842
7,2012,42,6,618702.09,0,86.87,3.666,130.7196333,7.17,6-Jul-12,Not Holiday,Non-Holiday,473304.6402
7,2012,36,6,306578.89,0,81.52,3.232,220.567112,6.623,6-Jul-12,Not Holiday,Non-Holiday,138995.7402
7,2012,20,6,2358055.3,0,79.2,3.475,214.6873514,7.28,6-Jul-12,Not Holiday,Non-Holiday,1098367.13
7,2012,17,6,1046782.52,0,68.91,3.63,130.7196333,5.936,6-Jul-12,Not Holiday,Non-Holiday,800784.4679
7,2012,6,6,1876359.39,0,82.95,3.227,223.4919851,5.668,6-Jul-12,Not Holiday,Non-Holiday,839564.5102
7,2012,16,6,641763.53,0,70.49,3.646,197.8322195,6.061,6-Jul-12,Not Holiday,Non-Holiday,324397.882
7,2012,7,6,805642.61,0,64.67,3.646,197.8322195,7.872,6-Jul-12,Not Holiday,Non-Holiday,407235.2886
7,2012,41,6,1456300.89,0,74.47,3.646,197.8322195,6.432,6-Jul-12,Not Holiday,Non-Holiday,736129.2785
7,2012,18,6,1158247.31,0,76.08,3.538,138.2296333,8.535,6-Jul-12,Not Holiday,Non-Holiday,837915.3459
7,2012,8,6,936205.5,0,81.24,3.227,225.4407043,5.401,6-Jul-12,Not Holiday,Non-Holiday,415277.9343
7,2012,2,6,2041507.4,0,84.2,3.227,221.5215064,6.565,6-Jul-12,Not Holiday,Non-Holiday,921584.2891
7,2012,4,6,2224499.28,0,80.37,3.187,130.7196333,4.077,6-Jul-12,Not Holiday,Non-Holiday,1701733.109
7,2012,28,6,1500863.54,0,89.13,3.765,130.7196333,10.926,6-Jul-12,Not Holiday,Non-Holiday,1148154.644
7,2012,32,6,1214183.97,0,78.68,3.646,197.8322195,7.872,6-Jul-12,Not Holiday,Non-Holiday,613744.2996
7,2012,22,13,971361.38,0,75.81,3.561,142.2548214,7.753,13-Jul-12,Not Holiday,Non-Holiday,682831.9564
7,2012,16,13,569005.06,0,70.29,3.613,197.8788621,6.061,13-Jul-12,Not Holiday,Non-Holiday,287552.2196
7,2012,10,13,1765571.91,0,89.8,3.723,130.683,7.17,13-Jul-12,Not Holiday,Non-Holiday,1351034.113
7,2012,39,13,1471261.76,0,78.16,3.256,220.6063444,6.623,13-Jul-12,Not Holiday,Non-Holiday,666917.2476
7,2012,27,13,1755889.53,0,78.95,3.689,142.2548214,8.239,13-Jul-12,Not Holiday,Non-Holiday,1234326.902
1,2012,2,6,1799520.14,0,46.75,3.157,219.355063,7.057,6-Jan-12,Not Holiday,Non-Holiday,820368.6368
7,2012,29,13,514709.76,0,75.81,3.561,138.263,9.419,13-Jul-12,Not Holiday,Non-Holiday,372268.6185
7,2012,30,13,417640.34,0,82.51,3.256,221.5616784,6.565,13-Jul-12,Not Holiday,Non-Holiday,188498.4547
7,2012,13,13,2002750.99,0,83.68,3.595,130.683,5.765,13-Jul-12,Not Holiday,Non-Holiday,1532526.029
7,2012,41,13,1332594.07,0,67.24,3.613,197.8788621,6.432,13-Jul-12,Not Holiday,Non-Holiday,673439.3234
7,2012,33,13,287033.64,0,97.6,3.723,130.683,7.147,13-Jul-12,Not Holiday,Non-Holiday,219641.1469
7,2012,14,13,1544422.35,0,79.97,3.523,191.1685192,8.684,13-Jul-12,Not Holiday,Non-Holiday,807885.2922
7,2012,21,13,668132.36,0,82.51,3.256,221.5616784,6.565,13-Jul-12,Not Holiday,Non-Holiday,301555.9211
7,2012,11,13,1320239.51,0,82.46,3.256,225.4340074,6.334,13-Jul-12,Not Holiday,Non-Holiday,585643.4551
7,2012,9,13,536537.64,0,82.39,3.256,225.6771463,5.277,13-Jul-12,Not Holiday,Non-Holiday,237745.6684
7,2012,20,13,2134680.12,0,78.27,3.523,214.728027,7.28,13-Jul-12,Not Holiday,Non-Holiday,994132.0422
7,2012,23,13,1384921.63,0,69.19,3.561,138.263,4.156,13-Jul-12,Not Holiday,Non-Holiday,1001657.443
7,2012,4,13,2100252.61,0,76.86,3.224,130.683,4.077,13-Jul-12,Not Holiday,Non-Holiday,1607135.289
7,2012,18,13,1024784.92,0,75.09,3.561,138.263,8.535,13-Jul-12,Not Holiday,Non-Holiday,741185.2195
7,2012,38,13,416036.75,0,95.61,3.723,130.683,10.926,13-Jul-12,Not Holiday,Non-Holiday,318355.6775
7,2012,12,13,960312.75,0,95.61,3.723,130.683,10.926,13-Jul-12,Not Holiday,Non-Holiday,734841.3719
7,2012,24,13,1405475.78,0,75.36,3.689,138.263,8.953,13-Jul-12,Not Holiday,Non-Holiday,1016523.423
7,2012,7,13,694150.89,0,64.21,3.613,197.8788621,7.872,13-Jul-12,Not Holiday,Non-Holiday,350795.8772
7,2012,31,13,1374301.34,0,82.51,3.256,221.5616784,6.565,13-Jul-12,Not Holiday,Non-Holiday,620279.3506
7,2012,2,13,1830075.13,0,80.17,3.256,221.5616784,6.565,13-Jul-12,Not Holiday,Non-Holiday,825989.0172
7,2012,34,13,954677.75,0,74.02,3.224,130.683,9.285,13-Jul-12,Not Holiday,Non-Holiday,730529.4109
7,2012,17,13,960746.04,0,72.94,3.595,130.683,5.936,13-Jul-12,Not Holiday,Non-Holiday,735172.9299
7,2012,15,13,591335.5,0,72.62,3.689,138.263,8.193,13-Jul-12,Not Holiday,Non-Holiday,427688.8972
7,2012,26,13,1063149.78,0,64.47,3.561,138.263,7.405,13-Jul-12,Not Holiday,Non-Holiday,768932.9611
7,2012,40,13,979848.71,0,67.48,3.561,138.263,4.156,13-Jul-12,Not Holiday,Non-Holiday,708684.6879
7,2012,3,13,416913.1,0,82.28,3.256,225.4340074,6.334,13-Jul-12,Not Holiday,Non-Holiday,184937.9802
7,2012,36,13,298337.41,0,78.15,3.245,220.6063444,6.623,13-Jul-12,Not Holiday,Non-Holiday,135235.1905
7,2012,37,13,506005.47,0,78.15,3.256,220.6063444,6.623,13-Jul-12,Not Holiday,Non-Holiday,229370.3163
7,2012,8,13,890488.01,0,78.46,3.256,225.4831143,5.401,13-Jul-12,Not Holiday,Non-Holiday,394924.4771
7,2012,28,13,1179915.04,0,95.61,3.723,130.683,10.926,13-Jul-12,Not Holiday,Non-Holiday,902883.3437
7,2012,44,13,336479.49,0,83.68,3.595,130.683,5.407,13-Jul-12,Not Holiday,Non-Holiday,257477.6291
7,2012,6,13,1588142.26,0,80.27,3.256,223.5332824,5.668,13-Jul-12,Not Holiday,Non-Holiday,710472.3927
7,2012,45,13,749817.08,0,79.97,3.523,191.1685192,8.684,13-Jul-12,Not Holiday,Non-Holiday,392228.3246
7,2012,5,13,316203.64,0,80.78,3.256,222.5121481,5.603,13-Jul-12,Not Holiday,Non-Holiday,142106.2368
7,2012,42,13,628099.08,0,89.8,3.723,130.683,7.17,13-Jul-12,Not Holiday,Non-Holiday,480627.9929
7,2012,35,13,825763.48,0,78.95,3.523,142.2548214,8.839,13-Jul-12,Not Holiday,Non-Holiday,580481.8929
7,2012,43,13,627634.04,0,78.82,3.256,213.3134286,9.285,13-Jul-12,Not Holiday,Non-Holiday,294230.909
7,2012,32,13,1141184.66,0,71.57,3.613,197.8788621,7.872,13-Jul-12,Not Holiday,Non-Holiday,576708.7237
7,2012,19,13,1321741.35,0,73.17,3.689,138.263,8.193,13-Jul-12,Not Holiday,Non-Holiday,955961.7179
7,2012,1,13,1527014.04,0,77.12,3.256,221.9241579,6.908,13-Jul-12,Not Holiday,Non-Holiday,688079.2314
7,2012,4,20,2175563.69,0,79.14,3.263,130.7012903,4.077,20-Jul-12,Not Holiday,Non-Holiday,1664531.15
7,2012,42,20,530318.39,0,84.45,3.589,130.7012903,7.17,20-Jul-12,Not Holiday,Non-Holiday,405748.3968
7,2012,24,20,1394299,0,76.42,3.732,138.2331935,8.953,20-Jul-12,Not Holiday,Non-Holiday,1008657.157
7,2012,17,20,944698.7,0,70.59,3.556,130.7012903,5.936,20-Jul-12,Not Holiday,Non-Holiday,722792.1758
7,2012,32,20,1167829.33,0,77.76,3.585,197.9290378,7.872,20-Jul-12,Not Holiday,Non-Holiday,590024.2546
7,2012,20,20,1970170.29,0,76.04,3.567,214.7331351,7.28,20-Jul-12,Not Holiday,Non-Holiday,917497.1013
7,2012,9,20,513991.57,0,83.39,3.311,225.6871121,5.277,20-Jul-12,Not Holiday,Non-Holiday,227745.2023
7,2012,8,20,888834.07,0,79.94,3.311,225.4930078,5.401,20-Jul-12,Not Holiday,Non-Holiday,394173.6725
7,2012,16,20,565297.54,0,68.43,3.585,197.9290378,6.061,20-Jul-12,Not Holiday,Non-Holiday,285606.1679
7,2012,36,20,303289.55,0,81.76,3.301,220.6148749,6.623,20-Jul-12,Not Holiday,Non-Holiday,137474.6604
7,2012,14,20,1553250.16,0,78.89,3.567,191.1670428,8.684,20-Jul-12,Not Holiday,Non-Holiday,812509.383
7,2012,41,20,1347175.93,0,74.06,3.585,197.9290378,6.432,20-Jul-12,Not Holiday,Non-Holiday,680635.8203
7,2012,35,20,841224.74,0,78.64,3.567,142.2337569,8.839,20-Jul-12,Not Holiday,Non-Holiday,591438.1778
7,2012,45,20,737613.65,0,78.89,3.567,191.1670428,8.684,20-Jul-12,Not Holiday,Non-Holiday,385847.7064
7,2012,25,20,685676.58,0,74.32,3.567,214.7331351,7.28,20-Jul-12,Not Holiday,Non-Holiday,319315.6844
7,2012,28,20,1149427.48,0,85.53,3.726,130.7012903,10.926,20-Jul-12,Not Holiday,Non-Holiday,879430.859
7,2012,12,20,941550.34,0,85.53,3.726,130.7012903,10.926,20-Jul-12,Not Holiday,Non-Holiday,720383.3549
7,2012,44,20,337819.16,0,75.69,3.556,130.7012903,5.407,20-Jul-12,Not Holiday,Non-Holiday,258466.5838
7,2012,27,20,1730913.66,0,78.64,3.732,142.2337569,8.239,20-Jul-12,Not Holiday,Non-Holiday,1216949.969
7,2012,3,20,432424.85,0,81.38,3.311,225.4438827,6.334,20-Jul-12,Not Holiday,Non-Holiday,191810.4163
7,2012,11,20,1344483.81,0,82.41,3.311,225.4438827,6.334,20-Jul-12,Not Holiday,Non-Holiday,596371.8305
7,2012,18,20,1033543.56,0,77.43,3.61,138.2331935,8.535,20-Jul-12,Not Holiday,Non-Holiday,747681.1711
7,2012,6,20,1574361.97,0,81.57,3.311,223.5424501,5.668,20-Jul-12,Not Holiday,Non-Holiday,704278.7485
7,2012,33,20,253205.89,0,91.49,3.589,130.7012903,7.147,20-Jul-12,Not Holiday,Non-Holiday,193728.6843
7,2012,13,20,2053089.32,0,75.69,3.556,130.7012903,5.765,20-Jul-12,Not Holiday,Non-Holiday,1570825.594
7,2012,5,20,321205.12,0,81.05,3.311,222.5209358,5.603,20-Jul-12,Not Holiday,Non-Holiday,144348.2695
7,2012,1,20,1497954.76,0,80.42,3.311,221.9327267,6.908,20-Jul-12,Not Holiday,Non-Holiday,674958.9311
7,2012,39,20,1582168.27,0,80.32,3.311,220.6148749,6.623,20-Jul-12,Not Holiday,Non-Holiday,717163.0067
7,2012,10,20,1869967.03,0,84.45,3.589,130.7012903,7.17,20-Jul-12,Not Holiday,Non-Holiday,1430718.11
7,2012,43,20,596554.05,0,83.83,3.311,213.3219124,9.285,20-Jul-12,Not Holiday,Non-Holiday,279649.6822
7,2012,19,20,1317672.92,0,76.17,3.732,138.2331935,8.193,20-Jul-12,Not Holiday,Non-Holiday,953224.6826
7,2012,29,20,506705.36,0,76.57,3.61,138.2331935,9.419,20-Jul-12,Not Holiday,Non-Holiday,366558.3838
7,2012,30,20,427491.04,0,84.25,3.311,221.5701123,6.565,20-Jul-12,Not Holiday,Non-Holiday,192937.141
7,2012,22,20,991969.37,0,76.57,3.61,142.2337569,7.753,20-Jul-12,Not Holiday,Non-Holiday,697421.9001
7,2012,37,20,503744.56,0,81.76,3.311,220.6148749,6.623,20-Jul-12,Not Holiday,Non-Holiday,228336.6252
7,2012,21,20,691200.33,0,84.25,3.311,221.5701123,6.565,20-Jul-12,Not Holiday,Non-Holiday,311955.5805
7,2012,31,20,1392395.2,0,84.25,3.311,221.5701123,6.565,20-Jul-12,Not Holiday,Non-Holiday,628421.9408
7,2012,7,20,686345.69,0,62.87,3.585,197.9290378,7.872,20-Jul-12,Not Holiday,Non-Holiday,346763.5157
7,2012,2,20,1819666.46,0,83.23,3.311,221.5701123,6.565,20-Jul-12,Not Holiday,Non-Holiday,821259.8898
7,2012,26,20,1049625.9,0,66.75,3.61,138.2331935,7.405,20-Jul-12,Not Holiday,Non-Holiday,759315.3811
7,2012,40,20,968502.38,0,70.45,3.61,138.2331935,4.156,20-Jul-12,Not Holiday,Non-Holiday,700629.3897
7,2012,34,20,950929.59,0,77.7,3.263,130.7012903,9.285,20-Jul-12,Not Holiday,Non-Holiday,727559.4509
7,2012,38,20,441683.74,0,85.53,3.726,130.7012903,10.926,20-Jul-12,Not Holiday,Non-Holiday,337933.7258
7,2012,23,20,1381339.23,0,71.13,3.61,138.2331935,4.156,20-Jul-12,Not Holiday,Non-Holiday,999281.8621
7,2012,15,20,592369.22,0,75.31,3.732,138.2331935,8.193,20-Jul-12,Not Holiday,Non-Holiday,428528.9264
7,2012,42,27,516352.21,0,83.98,3.769,130.7195806,7.17,27-Jul-12,Not Holiday,Non-Holiday,395007.5479
7,2012,33,27,249134.32,0,93.95,3.769,130.7195806,7.147,27-Jul-12,Not Holiday,Non-Holiday,190586.8416
7,2012,4,27,2048613.65,0,81.06,3.356,130.7195806,4.077,27-Jul-12,Not Holiday,Non-Holiday,1567181.933
7,2012,14,27,1479514.66,0,77.2,3.647,191.1655664,8.684,27-Jul-12,Not Holiday,Non-Holiday,773944.1197
7,2012,35,27,808030.15,0,76.01,3.647,142.2126924,8.839,27-Jul-12,Not Holiday,Non-Holiday,568184.2713
7,2012,38,27,407186.47,0,93.47,3.769,130.7195806,10.926,27-Jul-12,Not Holiday,Non-Holiday,311496.157
7,2012,10,27,1817603.66,0,83.98,3.769,130.7195806,7.17,27-Jul-12,Not Holiday,Non-Holiday,1390460.137
7,2012,19,27,1248915.43,0,74.43,3.82,138.2033871,8.193,27-Jul-12,Not Holiday,Non-Holiday,903679.3209
7,2012,26,27,1031745.14,0,64.12,3.701,138.2033871,7.405,27-Jul-12,Not Holiday,Non-Holiday,746541.1389
7,2012,30,27,424581.17,0,88.09,3.407,221.5785461,6.565,27-Jul-12,Not Holiday,Non-Holiday,191616.552
7,2012,12,27,916967.92,0,93.47,3.769,130.7195806,10.926,27-Jul-12,Not Holiday,Non-Holiday,701477.0976
7,2012,44,27,319855.26,0,80.42,3.537,130.7195806,5.407,27-Jul-12,Not Holiday,Non-Holiday,244688.1015
7,2012,8,27,838227.52,0,81.71,3.407,225.5029014,5.401,27-Jul-12,Not Holiday,Non-Holiday,371714.7384
7,2012,31,27,1303732.36,0,88.09,3.407,221.5785461,6.565,27-Jul-12,Not Holiday,Non-Holiday,588383.8408
7,2012,3,27,389427.9,0,84.94,3.407,225.4537579,6.334,27-Jul-12,Not Holiday,Non-Holiday,172730.7203
7,2012,41,27,1344723.97,0,73.31,3.57,197.9792136,6.432,27-Jul-12,Not Holiday,Non-Holiday,679224.8265
7,2012,24,27,1307339.14,0,73.62,3.82,138.2033871,8.953,27-Jul-12,Not Holiday,Non-Holiday,945953.0388
7,2012,20,27,1911559.1,0,74.6,3.647,214.7382432,7.28,27-Jul-12,Not Holiday,Non-Holiday,890181.0276
7,2012,15,27,571190.83,0,73.9,3.82,138.2033871,8.193,27-Jul-12,Not Holiday,Non-Holiday,413297.2729
7,2012,37,27,514489.17,0,84,3.407,220.6234054,6.623,27-Jul-12,Not Holiday,Non-Holiday,233197.9098
7,2012,1,27,1439123.71,0,82.66,3.407,221.9412954,6.908,27-Jul-12,Not Holiday,Non-Holiday,648425.3899
7,2012,17,27,907493.24,0,74.2,3.537,130.7195806,5.936,27-Jul-12,Not Holiday,Non-Holiday,694229.0021
7,2012,7,27,686365.4,0,64.6,3.57,197.9792136,7.872,27-Jul-12,Not Holiday,Non-Holiday,346685.5876
7,2012,40,27,954396.85,0,67.88,3.701,138.2033871,4.156,27-Jul-12,Not Holiday,Non-Holiday,690574.1386
7,2012,5,27,306827.36,0,85.06,3.407,222.5297234,5.603,27-Jul-12,Not Holiday,Non-Holiday,137881.5177
7,2012,11,27,1272395.02,0,85.43,3.407,225.4537579,6.334,27-Jul-12,Not Holiday,Non-Holiday,564370.7303
7,2012,22,27,925731.21,0,73.52,3.701,142.2126924,7.753,27-Jul-12,Not Holiday,Non-Holiday,650948.3748
7,2012,25,27,659109.53,0,72.98,3.647,214.7382432,7.28,27-Jul-12,Not Holiday,Non-Holiday,306936.2589
7,2012,34,27,917883.79,0,77.3,3.356,130.7195806,9.285,27-Jul-12,Not Holiday,Non-Holiday,702177.7348
7,2012,2,27,1757923.88,0,86.37,3.407,221.5785461,6.565,27-Jul-12,Not Holiday,Non-Holiday,793363.7579
7,2012,13,27,1914430.53,0,80.42,3.537,130.7195806,5.765,27-Jul-12,Not Holiday,Non-Holiday,1464532.338
7,2012,6,27,1513229.16,0,85.78,3.407,223.5516178,5.668,27-Jul-12,Not Holiday,Non-Holiday,676903.6945
7,2012,9,27,495951,0,86.41,3.407,225.6970779,5.277,27-Jul-12,Not Holiday,Non-Holiday,219741.8791
7,2012,39,27,1487797.54,0,82.89,3.407,220.6234054,6.623,27-Jul-12,Not Holiday,Non-Holiday,674360.6995
7,2012,43,27,572447.52,0,82.01,3.407,213.3303963,9.285,27-Jul-12,Not Holiday,Non-Holiday,268338.4693
7,2012,27,27,1625883.71,0,76.01,3.82,142.2126924,8.239,27-Jul-12,Not Holiday,Non-Holiday,1143276.091
7,2012,29,27,475158.24,0,73.52,3.701,138.2033871,9.419,27-Jul-12,Not Holiday,Non-Holiday,343810.8501
7,2012,28,27,1135035.09,0,93.47,3.769,130.7195806,10.926,27-Jul-12,Not Holiday,Non-Holiday,868297.6833
7,2012,16,27,539337.87,0,69,3.57,197.9792136,6.061,27-Jul-12,Not Holiday,Non-Holiday,272421.4629
7,2012,45,27,711671.58,0,77.2,3.647,191.1655664,8.684,27-Jul-12,Not Holiday,Non-Holiday,372280.2142
7,2012,23,27,1322932.36,0,69.31,3.701,138.2033871,4.156,27-Jul-12,Not Holiday,Non-Holiday,957235.8448
7,2012,36,27,279643.43,0,84,3.392,220.6234054,6.623,27-Jul-12,Not Holiday,Non-Holiday,126751.4793
7,2012,32,27,1144901.52,0,77.56,3.57,197.9792136,7.872,27-Jul-12,Not Holiday,Non-Holiday,578293.8012
7,2012,18,27,924506.26,0,72.97,3.701,138.2033871,8.535,27-Jul-12,Not Holiday,Non-Holiday,668946.1665
7,2012,21,27,677789.14,0,88.09,3.407,221.5785461,6.565,27-Jul-12,Not Holiday,Non-Holiday,305891.1397
5,2012,8,4,937232.09,0,73.96,3.749,225.2288314,5.679,4-May-12,Not Holiday,Non-Holiday,416124.3852
5,2012,34,4,991104.4,0,65.04,3.747,131.136,9.575,4-May-12,Not Holiday,Non-Holiday,755783.614
5,2012,25,4,696421.72,0,58.76,3.951,214.4771081,7.139,4-May-12,Not Holiday,Non-Holiday,324706.7839
5,2012,19,4,1405007.44,0,50.76,4.124,138.0332,8.15,4-May-12,Not Holiday,Non-Holiday,1017876.453
5,2012,28,4,1450628.85,0,76.03,4.171,131.136,11.627,4-May-12,Not Holiday,Non-Holiday,1106201.844
5,2012,32,4,1187384.53,0,58.29,3.903,197.6063534,8.09,4-May-12,Not Holiday,Non-Holiday,600883.7821
5,2012,18,4,1050027.89,0,49.66,3.991,138.0332,8.304,4-May-12,Not Holiday,Non-Holiday,760706.7647
5,2012,36,4,312467.52,0,77.17,3.835,220.3545033,6.989,4-May-12,Not Holiday,Non-Holiday,141802.1939
5,2012,17,4,930121.14,0,48.86,3.831,131.136,6.235,4-May-12,Not Holiday,Non-Holiday,709279.7859
5,2012,11,4,1370251.22,0,79.07,3.749,225.1797511,6.664,4-May-12,Not Holiday,Non-Holiday,608514.4039
5,2012,23,4,1317379.68,0,45.88,3.991,138.0332,4.125,4-May-12,Not Holiday,Non-Holiday,954393.3488
5,2012,1,4,1684519.99,0,75.55,3.749,221.6718,7.143,4-May-12,Not Holiday,Non-Holiday,759916.232
5,2012,12,4,1073433.69,0,76.03,4.171,131.136,11.627,4-May-12,Not Holiday,Non-Holiday,818565.2224
5,2012,30,4,454477.54,0,77.53,3.749,221.3095166,6.891,4-May-12,Not Holiday,Non-Holiday,205358.3357
5,2012,9,4,586289.08,0,78.98,3.749,225.4227585,5.539,4-May-12,Not Holiday,Non-Holiday,260084.2452
5,2012,6,4,1543461.12,0,77.66,3.749,223.2800541,5.964,4-May-12,Not Holiday,Non-Holiday,691266.9052
5,2012,43,4,637964.2,0,77.47,3.749,213.1125857,9.575,4-May-12,Not Holiday,Non-Holiday,299355.4782
5,2012,26,4,946573.29,0,40.29,3.991,138.0332,7.489,4-May-12,Not Holiday,Non-Holiday,685757.6945
5,2012,45,4,782300.68,0,55.21,3.951,190.9222115,8.567,4-May-12,Not Holiday,Non-Holiday,409748.3859
5,2012,22,4,1005083.31,0,50.75,3.991,142.0177929,7.671,4-May-12,Not Holiday,Non-Holiday,707716.4695
5,2012,15,4,577868.38,0,51.04,4.124,138.0332,8.15,4-May-12,Not Holiday,Non-Holiday,418644.4855
5,2012,16,4,426959.62,0,51.34,3.903,197.6063534,6.169,4-May-12,Not Holiday,Non-Holiday,216065.7351
5,2012,42,4,609274.89,0,77.02,4.058,131.136,7.382,4-May-12,Not Holiday,Non-Holiday,464612.9896
5,2012,3,4,439913.57,0,79.51,3.749,225.1797511,6.664,4-May-12,Not Holiday,Non-Holiday,195361.0695
5,2012,29,4,504963.84,0,50.75,3.991,138.0332,9.14,4-May-12,Not Holiday,Non-Holiday,365827.8153
5,2012,2,4,1923957.09,0,76.73,3.749,221.3095166,6.891,4-May-12,Not Holiday,Non-Holiday,869351.2686
5,2012,40,4,993311.59,0,44.47,3.991,138.0332,4.125,4-May-12,Not Holiday,Non-Holiday,719617.8818
5,2012,13,4,1995994.51,0,54.41,3.831,131.136,5.965,4-May-12,Not Holiday,Non-Holiday,1522079.757
5,2012,39,4,1512227.34,0,77.15,3.749,220.3545033,6.989,4-May-12,Not Holiday,Non-Holiday,686270.2225
5,2012,10,4,1821364.42,0,77.02,4.058,131.136,7.382,4-May-12,Not Holiday,Non-Holiday,1388912.595
5,2012,35,4,772036.6,0,53.68,3.951,142.0177929,8.876,4-May-12,Not Holiday,Non-Holiday,543619.6298
5,2012,31,4,1391257.28,0,77.53,3.749,221.3095166,6.891,4-May-12,Not Holiday,Non-Holiday,628647.7425
5,2012,37,4,535311.64,0,77.17,3.749,220.3545033,6.989,4-May-12,Not Holiday,Non-Holiday,242932.0173
5,2012,20,4,2163510.89,0,62.74,3.951,214.4771081,7.139,4-May-12,Not Holiday,Non-Holiday,1008737.44
5,2012,14,4,1949354.29,0,55.21,3.951,190.9222115,8.567,4-May-12,Not Holiday,Non-Holiday,1021020.171
5,2012,41,4,1359770.73,0,52.86,3.903,197.6063534,6.547,4-May-12,Not Holiday,Non-Holiday,688120.9569
5,2012,21,4,697645.32,0,77.53,3.749,221.3095166,6.891,4-May-12,Not Holiday,Non-Holiday,315235.1199
5,2012,27,4,1669388.45,0,53.68,4.124,142.0177929,8.253,4-May-12,Not Holiday,Non-Holiday,1175478.379
5,2012,5,4,360932.69,0,77.1,3.749,222.2594722,5.801,4-May-12,Not Holiday,Non-Holiday,162392.4895
5,2012,4,4,2196968.33,0,80.14,3.747,131.136,4.308,4-May-12,Not Holiday,Non-Holiday,1675335.781
5,2012,44,4,326053.28,0,54.41,3.831,131.136,5.621,4-May-12,Not Holiday,Non-Holiday,248637.5061
5,2012,38,4,491755.69,0,76.03,4.171,131.136,11.627,4-May-12,Not Holiday,Non-Holiday,374996.7133
5,2012,7,4,465198.89,0,45.38,3.903,197.6063534,8.09,4-May-12,Not Holiday,Non-Holiday,235416.9702
5,2012,33,4,270497.51,0,82.43,4.058,131.136,7.396,4-May-12,Not Holiday,Non-Holiday,206272.5034
5,2012,24,4,1306551.71,0,52.14,4.124,138.0332,8.983,4-May-12,Not Holiday,Non-Holiday,946548.881
5,2012,11,11,1300147.07,0,75.13,3.688,225.2351496,6.664,11-May-12,Not Holiday,Non-Holiday,577239.8635
5,2012,16,11,479855,0,53.57,3.87,197.5481609,6.169,11-May-12,Not Holiday,Non-Holiday,242905.3239
5,2012,27,11,1674306.31,0,58.97,4.055,142.0759262,8.253,11-May-12,Not Holiday,Non-Holiday,1178458.839
5,2012,23,11,1321914.34,0,52.9,3.947,138.0882667,4.125,11-May-12,Not Holiday,Non-Holiday,957296.6419
5,2012,44,11,341381.08,0,56.47,3.809,131.1453333,5.621,11-May-12,Not Holiday,Non-Holiday,260307.4554
5,2012,29,11,529707.87,0,56.72,3.947,138.0882667,9.14,11-May-12,Not Holiday,Non-Holiday,383600.9262
5,2012,21,11,649945.54,0,74.14,3.688,221.3632212,6.891,11-May-12,Not Holiday,Non-Holiday,293610.4455
5,2012,43,11,640159.04,0,67.59,3.688,213.1623524,9.575,11-May-12,Not Holiday,Non-Holiday,300315.2446
5,2012,15,11,579539.95,0,54.23,4.055,138.0882667,8.15,11-May-12,Not Holiday,Non-Holiday,419688.0473
5,2012,13,11,2080764.17,0,56.47,3.809,131.1453333,5.965,11-May-12,Not Holiday,Non-Holiday,1586609.388
5,2012,10,11,1792345.3,0,76.03,4.186,131.1453333,7.382,11-May-12,Not Holiday,Non-Holiday,1366686.297
5,2012,45,11,770487.37,0,61.24,3.889,190.9764167,8.567,11-May-12,Not Holiday,Non-Holiday,403446.3434
5,2012,20,11,2168097.11,0,63.19,3.889,214.5319099,7.139,11-May-12,Not Holiday,Non-Holiday,1010617.54
5,2012,14,11,1987531.05,0,61.24,3.889,190.9764167,8.567,11-May-12,Not Holiday,Non-Holiday,1040720.673
5,2012,17,11,944100.3,0,49.96,3.809,131.1453333,6.235,11-May-12,Not Holiday,Non-Holiday,719888.5971
5,2012,34,11,949625.52,0,61.92,3.685,131.1453333,9.575,11-May-12,Not Holiday,Non-Holiday,724101.6482
5,2012,28,11,1264575.18,0,77.27,4.186,131.1453333,11.627,11-May-12,Not Holiday,Non-Holiday,964254.8066
5,2012,19,11,1442873.22,0,55.33,4.055,138.0882667,8.15,11-May-12,Not Holiday,Non-Holiday,1044891.977
5,2012,7,11,460397.41,0,48.54,3.87,197.5481609,8.09,11-May-12,Not Holiday,Non-Holiday,233055.7814
5,2012,24,11,1355391.79,0,58.7,4.055,138.0882667,8.983,11-May-12,Not Holiday,Non-Holiday,981540.1572
5,2012,42,11,643603.69,0,76.03,4.186,131.1453333,7.382,11-May-12,Not Holiday,Non-Holiday,490756.0748
5,2012,25,11,739866.16,0,59.21,3.889,214.5319099,7.139,11-May-12,Not Holiday,Non-Holiday,344874.6438
5,2012,33,11,295841.84,0,81.02,4.186,131.1453333,7.396,11-May-12,Not Holiday,Non-Holiday,225583.2004
5,2012,32,11,1187051.07,0,55.4,3.87,197.5481609,8.09,11-May-12,Not Holiday,Non-Holiday,600891.9873
5,2012,38,11,429914.6,0,77.27,4.186,131.1453333,11.627,11-May-12,Not Holiday,Non-Holiday,327815.4008
5,2012,1,11,1611096.05,0,73.77,3.688,221.7256632,7.143,11-May-12,Not Holiday,Non-Holiday,726616.8592
5,2012,4,11,2127661.17,0,67.64,3.685,131.1453333,4.308,11-May-12,Not Holiday,Non-Holiday,1622368.952
5,2012,3,11,431985.36,0,75.19,3.688,225.2351496,6.664,11-May-12,Not Holiday,Non-Holiday,191793.0486
5,2012,9,11,592572.3,0,70.94,3.688,225.4782634,5.539,11-May-12,Not Holiday,Non-Holiday,262806.8405
5,2012,41,11,1353285.1,0,50.22,3.87,197.5481609,6.547,11-May-12,Not Holiday,Non-Holiday,685040.5966
5,2012,37,11,527983.04,0,76.55,3.688,220.4075581,6.989,11-May-12,Not Holiday,Non-Holiday,239548.5185
5,2012,2,11,1917520.99,0,73.87,3.688,221.3632212,6.891,11-May-12,Not Holiday,Non-Holiday,866232.8727
5,2012,26,11,1062548.73,0,47.11,3.947,138.0882667,7.489,11-May-12,Not Holiday,Non-Holiday,769470.6838
5,2012,22,11,997868.63,0,56.72,3.947,142.0759262,7.671,11-May-12,Not Holiday,Non-Holiday,702348.8473
5,2012,39,11,1470792.41,0,75.52,3.688,220.4075581,6.989,11-May-12,Not Holiday,Non-Holiday,667305.796
5,2012,36,11,330518.34,0,76.55,3.764,220.4075581,6.989,11-May-12,Not Holiday,Non-Holiday,149957.8067
5,2012,40,11,967729.35,0,52.06,3.947,138.0882667,4.125,11-May-12,Not Holiday,Non-Holiday,700804.9077
5,2012,35,11,802383.63,0,58.97,3.889,142.0759262,8.876,11-May-12,Not Holiday,Non-Holiday,564756.9236
5,2012,8,11,920128.89,0,64.96,3.688,225.2842514,5.679,11-May-12,Not Holiday,Non-Holiday,408430.1873
5,2012,5,11,333870.52,0,73.45,3.688,222.3135926,5.801,11-May-12,Not Holiday,Non-Holiday,150179.985
5,2012,18,11,1060433.1,0,57.44,3.947,138.0882667,8.304,11-May-12,Not Holiday,Non-Holiday,767938.5985
5,2012,12,11,1041995.22,0,77.27,4.186,131.1453333,11.627,11-May-12,Not Holiday,Non-Holiday,794534.7301
5,2012,6,11,1517075.67,0,72.66,3.688,223.3346212,5.964,11-May-12,Not Holiday,Non-Holiday,679283.6963
5,2012,31,11,1392938.06,0,74.14,3.688,221.3632212,6.891,11-May-12,Not Holiday,Non-Holiday,629254.5132
5,2012,30,11,436070.45,0,74.14,3.688,221.3632212,6.891,11-May-12,Not Holiday,Non-Holiday,196993.1805
5,2012,30,18,460945.14,0,72.42,3.63,221.380331,6.891,18-May-12,Not Holiday,Non-Holiday,208214.1344
5,2012,39,18,1522978.54,0,72.36,3.63,220.4252149,6.989,18-May-12,Not Holiday,Non-Holiday,690927.5514
5,2012,38,18,412314.71,0,84.51,4.11,131.0983226,11.627,18-May-12,Not Holiday,Non-Holiday,314507.9981
5,2012,28,18,1213310.45,0,84.51,4.11,131.0983226,11.627,18-May-12,Not Holiday,Non-Holiday,925496.5479
5,2012,16,18,493506.47,0,56.74,3.837,197.5553137,6.169,18-May-12,Not Holiday,Non-Holiday,249806.7305
5,2012,7,18,468428.3,0,49.41,3.837,197.5553137,8.09,18-May-12,Not Holiday,Non-Holiday,237112.4781
5,2012,4,18,2207214.81,0,68.43,3.62,131.0983226,4.308,18-May-12,Not Holiday,Non-Holiday,1683633.144
5,2012,18,18,1047444.59,0,62.31,3.899,138.1065806,8.304,18-May-12,Not Holiday,Non-Holiday,758432.0642
5,2012,17,18,968816.33,0,59.67,3.808,131.0983226,6.235,18-May-12,Not Holiday,Non-Holiday,738999.791
5,2012,41,18,1331514.44,0,55.24,3.837,197.5553137,6.547,18-May-12,Not Holiday,Non-Holiday,673995.761
5,2012,29,18,543706.04,0,61.9,3.899,138.1065806,9.14,18-May-12,Not Holiday,Non-Holiday,393685.8314
5,2012,6,18,1513635.64,0,70.5,3.63,223.3511928,5.964,18-May-12,Not Holiday,Non-Holiday,677693.1079
5,2012,5,18,336189.66,0,70.45,3.63,222.330443,5.801,18-May-12,Not Holiday,Non-Holiday,151211.7079
5,2012,27,18,1707158.82,0,65.15,4.029,142.0970115,8.253,18-May-12,Not Holiday,Non-Holiday,1201403.747
5,2012,40,18,896295.41,0,57.59,3.899,138.1065806,4.125,18-May-12,Not Holiday,Non-Holiday,648988.1989
5,2012,34,18,998672.85,0,64.97,3.62,131.0983226,9.575,18-May-12,Not Holiday,Non-Holiday,761773.9344
5,2012,11,18,1352442.31,0,72.53,3.63,225.2512024,6.664,18-May-12,Not Holiday,Non-Holiday,600415.1346
5,2012,22,18,986612.02,0,61.9,3.899,142.0970115,7.671,18-May-12,Not Holiday,Non-Holiday,694322.85
5,2012,37,18,534847.96,0,73.7,3.63,220.4252149,6.989,18-May-12,Not Holiday,Non-Holiday,242643.7285
5,2012,42,18,590636.38,0,85.19,4.308,131.0983226,7.382,18-May-12,Not Holiday,Non-Holiday,450529.319
5,2012,26,18,978082.84,0,52.55,3.899,138.1065806,7.489,18-May-12,Not Holiday,Non-Holiday,708208.7151
5,2012,21,18,700554.16,0,72.42,3.63,221.380331,6.891,18-May-12,Not Holiday,Non-Holiday,316448.2395
5,2012,20,18,2039222.26,0,60.99,3.848,214.5485571,7.139,18-May-12,Not Holiday,Non-Holiday,950471.2069
5,2012,33,18,276899.95,0,89.81,4.308,131.0983226,7.396,18-May-12,Not Holiday,Non-Holiday,211215.479
5,2012,2,18,2000940.67,0,71.27,3.63,221.380331,6.891,18-May-12,Not Holiday,Non-Holiday,903847.5374
5,2012,8,18,913922.01,0,64.16,3.63,225.3002908,5.679,18-May-12,Not Holiday,Non-Holiday,405646.1742
5,2012,15,18,600050.98,0,58.84,4.029,138.1065806,8.15,18-May-12,Not Holiday,Non-Holiday,434483.9887
5,2012,35,18,819196.68,0,65.15,3.848,142.0970115,8.876,18-May-12,Not Holiday,Non-Holiday,576505.2138
5,2012,32,18,1177539.71,0,57.46,3.837,197.5553137,8.09,18-May-12,Not Holiday,Non-Holiday,596055.701
5,2012,12,18,1020486.05,0,84.51,4.11,131.0983226,11.627,18-May-12,Not Holiday,Non-Holiday,778412.7438
5,2012,1,18,1595901.87,0,70.33,3.63,221.742674,7.143,18-May-12,Not Holiday,Non-Holiday,719708.9497
5,2012,36,18,324801.13,0,73.7,3.713,220.4252149,6.989,18-May-12,Not Holiday,Non-Holiday,147352.0759
5,2012,31,18,1441473.82,0,72.42,3.63,221.380331,6.891,18-May-12,Not Holiday,Non-Holiday,651130.032
5,2012,19,18,1366937.1,0,58.81,4.029,138.1065806,8.15,18-May-12,Not Holiday,Non-Holiday,989769.7083
5,2012,25,18,717207.19,0,58.21,3.848,214.5485571,7.139,18-May-12,Not Holiday,Non-Holiday,334286.6527
5,2012,43,18,648541.81,0,72.06,3.63,213.1753618,9.575,18-May-12,Not Holiday,Non-Holiday,304229.2526
5,2012,3,18,418112.76,0,72.38,3.63,225.2512024,6.664,18-May-12,Not Holiday,Non-Holiday,185620.6562
5,2012,9,18,571463.93,0,69.52,3.63,225.4942498,5.539,18-May-12,Not Holiday,Non-Holiday,253427.2739
5,2012,14,18,1932233.17,0,66.3,3.848,190.9964479,8.567,18-May-12,Not Holiday,Non-Holiday,1011659.217
5,2012,44,18,334042.43,0,65.17,3.808,131.0983226,5.621,18-May-12,Not Holiday,Non-Holiday,254802.9779
5,2012,13,18,2131900.55,0,65.17,3.808,131.0983226,5.965,18-May-12,Not Holiday,Non-Holiday,1626184.46
5,2012,24,18,1298809.8,0,63.1,4.029,138.1065806,8.983,18-May-12,Not Holiday,Non-Holiday,940440.198
5,2012,45,18,800842.28,0,66.3,3.848,190.9964479,8.567,18-May-12,Not Holiday,Non-Holiday,419296.9497
5,2012,23,18,1332952.47,0,58.42,3.899,138.1065806,4.125,18-May-12,Not Holiday,Non-Holiday,965162.1698
5,2012,10,18,1795152.73,0,85.19,4.308,131.0983226,7.382,18-May-12,Not Holiday,Non-Holiday,1369317.848
5,2012,37,25,540625.79,0,78.94,3.561,220.4287124,6.989,25-May-12,Not Holiday,Non-Holiday,245261.057
5,2012,10,25,1830939.1,0,86.03,4.127,131.0287742,7.382,25-May-12,Not Holiday,Non-Holiday,1397356.505
5,2012,13,25,2043349.41,0,62.39,3.801,131.0287742,5.965,25-May-12,Not Holiday,Non-Holiday,1559466.173
5,2012,41,25,1424500.47,0,54.89,3.804,197.5886046,6.547,25-May-12,Not Holiday,Non-Holiday,720942.6236
5,2012,24,25,1407897.57,0,65.79,3.979,138.1101935,8.983,25-May-12,Not Holiday,Non-Holiday,1019401.635
5,2012,19,25,1485540.28,0,67.79,3.979,138.1101935,8.15,25-May-12,Not Holiday,Non-Holiday,1075619.578
5,2012,20,25,2114989,0,70.04,3.798,214.5499425,7.139,25-May-12,Not Holiday,Non-Holiday,985779.3367
5,2012,29,25,549665.67,0,62.39,3.85,138.1101935,9.14,25-May-12,Not Holiday,Non-Holiday,397990.6595
5,2012,21,25,722891.24,0,79.49,3.561,221.3828029,6.891,25-May-12,Not Holiday,Non-Holiday,326534.5052
5,2012,44,25,343268.29,0,62.39,3.801,131.0287742,5.621,25-May-12,Not Holiday,Non-Holiday,261979.3187
5,2012,2,25,1912791.09,0,78.19,3.561,221.3828029,6.891,25-May-12,Not Holiday,Non-Holiday,864019.7273
5,2012,32,25,1232784.22,0,59.74,3.804,197.5886046,8.09,25-May-12,Not Holiday,Non-Holiday,623914.6344
5,2012,36,25,306098.17,0,78.94,3.636,220.4287124,6.989,25-May-12,Not Holiday,Non-Holiday,138864.9267
5,2012,18,25,1088446.58,0,65.48,3.85,138.1101935,8.304,25-May-12,Not Holiday,Non-Holiday,788100.105
5,2012,7,25,532739.77,0,50.6,3.804,197.5886046,8.09,25-May-12,Not Holiday,Non-Holiday,269620.6955
5,2012,27,25,1818906.73,0,64.77,3.979,142.1032776,8.253,25-May-12,Not Holiday,Non-Holiday,1279989.287
5,2012,16,25,518045.09,0,57.36,3.804,197.5886046,6.169,25-May-12,Not Holiday,Non-Holiday,262183.6877
5,2012,43,25,597406.39,0,82.41,3.561,213.1736682,9.575,25-May-12,Not Holiday,Non-Holiday,280243.9884
5,2012,14,25,2030869.61,0,67.21,3.798,191.0028096,8.567,25-May-12,Not Holiday,Non-Holiday,1063266.878
5,2012,9,25,547226,0,79.69,3.561,225.4944288,5.539,25-May-12,Not Holiday,Non-Holiday,242678.2794
5,2012,31,25,1397094.26,0,79.49,3.561,221.3828029,6.891,25-May-12,Not Holiday,Non-Holiday,631076.2361
5,2012,39,25,1596036.66,0,78.31,3.561,220.4287124,6.989,25-May-12,Not Holiday,Non-Holiday,724060.2382
5,2012,4,25,2154137.67,0,77.47,3.551,131.0287742,4.308,25-May-12,Not Holiday,Non-Holiday,1644018.791
5,2012,8,25,895157.44,0,76.11,3.561,225.3005779,5.679,25-May-12,Not Holiday,Non-Holiday,397316.9747
5,2012,22,25,1047297.38,0,62.39,3.85,142.1032776,7.671,25-May-12,Not Holiday,Non-Holiday,736997.3428
5,2012,25,25,783371.02,0,67.69,3.798,214.5499425,7.139,25-May-12,Not Holiday,Non-Holiday,365122.9224
5,2012,45,25,817741.17,0,67.21,3.798,191.0028096,8.567,25-May-12,Not Holiday,Non-Holiday,428130.4404
5,2012,42,25,535764.58,0,86.03,4.127,131.0287742,7.382,25-May-12,Not Holiday,Non-Holiday,408890.7824
5,2012,1,25,1555444.55,0,77.22,3.561,221.744944,7.143,25-May-12,Not Holiday,Non-Holiday,701456.6023
5,2012,11,25,1297335.87,0,78.44,3.561,225.2515168,6.664,25-May-12,Not Holiday,Non-Holiday,575949.893
5,2012,30,25,449355.91,0,79.49,3.561,221.3828029,6.891,25-May-12,Not Holiday,Non-Holiday,202976.8817
5,2012,33,25,261851.74,0,88.89,4.127,131.0287742,7.396,25-May-12,Not Holiday,Non-Holiday,199842.9289
5,2012,26,25,1067310.74,0,58.2,3.85,138.1101935,7.489,25-May-12,Not Holiday,Non-Holiday,772796.4989
5,2012,38,25,422810.12,0,83.84,4.293,131.0287742,11.627,25-May-12,Not Holiday,Non-Holiday,322684.9389
5,2012,17,25,984881.59,0,55.69,3.801,131.0287742,6.235,25-May-12,Not Holiday,Non-Holiday,751652.9068
5,2012,40,25,991054.49,0,65.25,3.85,138.1101935,4.125,25-May-12,Not Holiday,Non-Holiday,717582.4354
5,2012,23,25,1552934.64,0,66.43,3.85,138.1101935,4.125,25-May-12,Not Holiday,Non-Holiday,1124417.105
5,2012,12,25,991514.21,0,83.84,4.293,131.0287742,11.627,25-May-12,Not Holiday,Non-Holiday,756714.8636
5,2012,34,25,1015737.61,0,72.42,3.551,131.0287742,9.575,25-May-12,Not Holiday,Non-Holiday,775201.948
5,2012,28,25,1151214.41,0,83.84,4.293,131.0287742,11.627,25-May-12,Not Holiday,Non-Holiday,878596.6419
5,2012,5,25,341994.48,0,78.23,3.561,222.3323853,5.801,25-May-12,Not Holiday,Non-Holiday,153821.2616
5,2012,3,25,413701.29,0,78.58,3.561,225.2515168,6.664,25-May-12,Not Holiday,Non-Holiday,183661.9331
5,2012,15,25,693780.42,0,67.97,3.979,138.1101935,8.15,25-May-12,Not Holiday,Non-Holiday,502338.3158
5,2012,35,25,822167.17,0,64.77,3.798,142.1032776,8.876,25-May-12,Not Holiday,Non-Holiday,578570.1666
5,2012,6,25,1603793.42,0,78.47,3.561,223.3525662,5.964,25-May-12,Not Holiday,Non-Holiday,718054.6198
4,2012,19,6,1631737.68,0,40.23,4.143,137.7970968,8.15,6-Apr-12,Not Holiday,Non-Holiday,1184159.694
4,2012,9,6,677885.99,0,68.83,3.891,225.1820555,5.539,6-Apr-12,Not Holiday,Non-Holiday,301039.0808
4,2012,4,6,2470206.13,0,67.69,3.864,131.0375484,4.308,6-Apr-12,Not Holiday,Non-Holiday,1885113.206
4,2012,17,6,986922.62,0,43.92,3.793,131.0375484,6.235,6-Apr-12,Not Holiday,Non-Holiday,753160.1682
4,2012,23,6,1604605.69,0,37.43,3.957,137.7970968,4.125,6-Apr-12,Not Holiday,Non-Holiday,1164469.882
4,2012,45,6,899479.43,0,49.73,3.996,190.6851712,8.567,6-Apr-12,Not Holiday,Non-Holiday,471709.1656
4,2012,16,6,502662.07,0,48.93,3.854,197.5971285,6.169,6-Apr-12,Not Holiday,Non-Holiday,254387.3354
4,2012,36,6,331026.11,0,73.95,3.934,220.1204125,6.989,6-Apr-12,Not Holiday,Non-Holiday,150384.104
4,2012,32,6,1270577.01,0,51.49,3.854,197.5971285,8.09,6-Apr-12,Not Holiday,Non-Holiday,643013.9039
4,2012,30,6,461511.92,0,69.02,3.891,221.0737638,6.891,6-Apr-12,Not Holiday,Non-Holiday,208759.2449
4,2012,15,6,659950.36,0,40.01,4.143,137.7970968,8.15,6-Apr-12,Not Holiday,Non-Holiday,478929.0742
4,2012,18,6,1200815.3,0,43.8,3.957,137.7970968,8.304,6-Apr-12,Not Holiday,Non-Holiday,871437.3001
4,2012,25,6,791356.9,0,44.73,3.996,214.2387053,7.139,6-Apr-12,Not Holiday,Non-Holiday,369380.9197
4,2012,43,6,658468.27,0,64.7,3.891,212.8887535,9.575,6-Apr-12,Not Holiday,Non-Holiday,309301.5761
4,2012,11,6,1596325.01,0,74.19,3.891,224.9393405,6.664,6-Apr-12,Not Holiday,Non-Holiday,709669.1074
4,2012,2,6,2129035.91,0,68.43,3.891,221.0737638,6.891,6-Apr-12,Not Holiday,Non-Holiday,963043.2275
4,2012,20,6,2565259.92,0,50.06,3.996,214.2387053,7.139,6-Apr-12,Not Holiday,Non-Holiday,1197383.972
4,2012,29,6,633826.55,0,46.38,3.957,137.7970968,9.14,6-Apr-12,Not Holiday,Non-Holiday,459970.9027
4,2012,22,6,1197489.66,0,46.38,3.957,141.7712396,7.671,6-Apr-12,Not Holiday,Non-Holiday,844663.3206
4,2012,39,6,1764847.94,0,73.49,3.891,220.1204125,6.989,6-Apr-12,Not Holiday,Non-Holiday,801764.7795
4,2012,1,6,1899676.88,0,70.43,3.891,221.4356112,7.143,6-Apr-12,Not Holiday,Non-Holiday,857891.3164
4,2012,24,6,1524734.29,0,45.25,4.143,137.7970968,8.983,6-Apr-12,Not Holiday,Non-Holiday,1106506.832
4,2012,28,6,1559592.79,0,64.05,4.121,131.0375484,11.627,6-Apr-12,Not Holiday,Non-Holiday,1190187.705
4,2012,44,6,320021.1,0,48.85,3.793,131.0375484,5.621,6-Apr-12,Not Holiday,Non-Holiday,244220.9152
4,2012,40,6,1132064.23,0,36.54,3.957,137.7970968,4.125,6-Apr-12,Not Holiday,Non-Holiday,821544.3259
4,2012,3,6,503232.13,0,73.01,3.891,224.9393405,6.664,6-Apr-12,Not Holiday,Non-Holiday,223719.0386
4,2012,42,6,652312.11,0,65.99,4.282,131.0375484,7.382,6-Apr-12,Not Holiday,Non-Holiday,497805.4901
4,2012,5,6,402985.7,0,70.4,3.891,222.0225762,5.801,6-Apr-12,Not Holiday,Non-Holiday,181506.6318
4,2012,41,6,1460234.31,0,48.48,3.854,197.5971285,6.547,6-Apr-12,Not Holiday,Non-Holiday,738995.7137
4,2012,37,6,564848.78,0,73.95,3.891,220.1204125,6.989,6-Apr-12,Not Holiday,Non-Holiday,256608.9958
4,2012,38,6,499267.66,0,64.05,4.121,131.0375484,11.627,6-Apr-12,Not Holiday,Non-Holiday,381011.1423
4,2012,35,6,860293.46,0,48.73,3.996,141.7712396,8.876,6-Apr-12,Not Holiday,Non-Holiday,606818.0418
4,2012,10,6,2163384.17,0,65.99,4.282,131.0375484,7.382,6-Apr-12,Not Holiday,Non-Holiday,1650965.083
4,2012,26,6,1116829.23,0,33.35,3.957,137.7970968,7.489,6-Apr-12,Not Holiday,Non-Holiday,810488.2149
4,2012,27,6,1899013.34,0,48.73,4.143,141.7712396,8.253,6-Apr-12,Not Holiday,Non-Holiday,1339491.243
4,2012,21,6,761956.58,0,69.02,3.891,221.0737638,6.891,6-Apr-12,Not Holiday,Non-Holiday,344661.6943
4,2012,7,6,621425.98,0,44.29,3.854,197.5971285,8.09,6-Apr-12,Not Holiday,Non-Holiday,314491.4021
4,2012,33,6,275911.97,0,70.75,4.282,131.0375484,7.396,6-Apr-12,Not Holiday,Non-Holiday,210559.472
4,2012,34,6,1091020.37,0,54.42,3.864,131.0375484,9.575,6-Apr-12,Not Holiday,Non-Holiday,832601.3294
4,2012,8,6,1046816.59,0,62.18,3.891,224.9883618,5.679,6-Apr-12,Not Holiday,Non-Holiday,465275.8843
4,2012,6,6,1840131.19,0,71.6,3.891,223.0419298,5.964,6-Apr-12,Not Holiday,Non-Holiday,825015.8128
4,2012,13,6,2271614.76,0,48.85,3.793,131.0375484,5.965,6-Apr-12,Not Holiday,Non-Holiday,1733560.18
4,2012,12,6,1128765.71,0,64.05,4.121,131.0375484,11.627,6-Apr-12,Not Holiday,Non-Holiday,861406.3097
4,2012,31,6,1496169.81,0,69.02,3.891,221.0737638,6.891,6-Apr-12,Not Holiday,Non-Holiday,676774.0252
4,2012,14,6,2376022.26,0,49.73,3.996,190.6851712,8.567,6-Apr-12,Not Holiday,Non-Holiday,1246044.59
4,2012,27,13,1650405.21,0,52.22,4.187,141.8433929,8.253,13-Apr-12,Not Holiday,Non-Holiday,1163540.42
4,2012,32,13,1171834.47,0,52.1,3.901,197.780931,8.09,13-Apr-12,Not Holiday,Non-Holiday,592491.1285
4,2012,38,13,435790.74,0,64.28,4.254,131.108,11.627,13-Apr-12,Not Holiday,Non-Holiday,332390.655
4,2012,37,13,506973.17,0,72.54,3.891,220.1953389,6.989,13-Apr-12,Not Holiday,Non-Holiday,230237.9208
4,2012,41,13,1323004.73,0,46.84,3.901,197.780931,6.547,13-Apr-12,Not Holiday,Non-Holiday,668924.311
4,2012,42,13,639123.45,0,70.28,4.254,131.108,7.382,13-Apr-12,Not Holiday,Non-Holiday,487478.6054
4,2012,15,13,558585.13,0,43.52,4.187,137.868,8.15,13-Apr-12,Not Holiday,Non-Holiday,405159.3771
4,2012,26,13,889670.29,0,36.9,4.025,137.868,7.489,13-Apr-12,Not Holiday,Non-Holiday,645305.865
4,2012,4,13,2105301.39,0,68.69,3.881,131.108,4.308,13-Apr-12,Not Holiday,Non-Holiday,1605776.451
4,2012,25,13,658691.56,0,42.46,4.044,214.3127027,7.139,13-Apr-12,Not Holiday,Non-Holiday,307350.6851
4,2012,9,13,578539.86,0,69.19,3.891,225.2562439,5.539,13-Apr-12,Not Holiday,Non-Holiday,256836.3256
4,2012,8,13,909989.45,0,65.19,3.891,225.0625714,5.679,13-Apr-12,Not Holiday,Non-Holiday,404327.3141
4,2012,30,13,428784.7,0,69.03,3.891,221.1484028,6.891,13-Apr-12,Not Holiday,Non-Holiday,193890.028
4,2012,20,13,2045396.06,0,45.68,4.044,214.3127027,7.139,13-Apr-12,Not Holiday,Non-Holiday,954397.9588
4,2012,7,13,517420.23,0,41.43,3.901,197.780931,8.09,13-Apr-12,Not Holiday,Non-Holiday,261612.7993
4,2012,31,13,1407842.91,0,69.03,3.891,221.1484028,6.891,13-Apr-12,Not Holiday,Non-Holiday,636605.5066
4,2012,14,13,1912909.69,0,51.83,4.044,190.7595962,8.567,13-Apr-12,Not Holiday,Non-Holiday,1002785.563
4,2012,3,13,420789.74,0,72.83,3.891,225.0135556,6.664,13-Apr-12,Not Holiday,Non-Holiday,187006.3956
4,2012,19,13,1365098.46,0,44.42,4.187,137.868,8.15,13-Apr-12,Not Holiday,Non-Holiday,990148.8815
4,2012,22,13,939118.24,0,49.89,4.025,141.8433929,7.671,13-Apr-12,Not Holiday,Non-Holiday,662081.0605
4,2012,1,13,1621031.7,0,69.07,3.891,221.5102105,7.143,13-Apr-12,Not Holiday,Non-Holiday,731809.0197
4,2012,40,13,857811.17,0,40.65,4.025,137.868,4.125,13-Apr-12,Not Holiday,Non-Holiday,622197.4425
4,2012,13,13,2057637.86,0,51.7,3.833,131.108,5.965,13-Apr-12,Not Holiday,Non-Holiday,1569422.049
4,2012,35,13,788633.42,0,52.22,4.044,141.8433929,8.876,13-Apr-12,Not Holiday,Non-Holiday,555988.8296
4,2012,18,13,998443.5,0,47.75,4.025,137.868,8.304,13-Apr-12,Not Holiday,Non-Holiday,724202.498
4,2012,43,13,665687.92,0,70.18,3.891,212.9632857,9.575,13-Apr-12,Not Holiday,Non-Holiday,312583.4192
4,2012,2,13,1935869.1,0,68.08,3.891,221.1484028,6.891,13-Apr-12,Not Holiday,Non-Holiday,875371.052
4,2012,21,13,769319.04,0,69.03,3.891,221.1484028,6.891,13-Apr-12,Not Holiday,Non-Holiday,347874.5631
4,2012,5,13,351832.03,0,70.56,3.891,222.0971111,5.801,13-Apr-12,Not Holiday,Non-Holiday,158413.6004
4,2012,44,13,311390.22,0,51.7,3.833,131.108,5.621,13-Apr-12,Not Holiday,Non-Holiday,237506.651
4,2012,24,13,1285783.87,0,48.65,4.187,137.868,8.983,13-Apr-12,Not Holiday,Non-Holiday,932619.5129
4,2012,39,13,1580732.73,0,71.59,3.891,220.1953389,6.989,13-Apr-12,Not Holiday,Non-Holiday,717877.4709
4,2012,29,13,520493.83,0,49.89,4.025,137.868,9.14,13-Apr-12,Not Holiday,Non-Holiday,377530.5582
4,2012,10,13,1974687.51,0,70.28,4.254,131.108,7.382,13-Apr-12,Not Holiday,Non-Holiday,1506153.332
4,2012,36,13,339407.94,0,72.54,3.919,220.1953389,6.989,13-Apr-12,Not Holiday,Non-Holiday,154139.4753
4,2012,28,13,1290684.95,0,64.28,4.254,131.108,11.627,13-Apr-12,Not Holiday,Non-Holiday,984444.0843
4,2012,33,13,312698.67,0,73.17,4.254,131.108,7.396,13-Apr-12,Not Holiday,Non-Holiday,238504.645
4,2012,34,13,987353.65,0,59.12,3.881,131.108,9.575,13-Apr-12,Not Holiday,Non-Holiday,753084.213
4,2012,45,13,781970.6,0,51.83,4.044,190.7595962,8.567,13-Apr-12,Not Holiday,Non-Holiday,409924.6463
4,2012,16,13,450756.71,0,45.83,3.901,197.780931,6.169,13-Apr-12,Not Holiday,Non-Holiday,227907.0625
4,2012,6,13,1616394.45,0,71.29,3.891,223.1163529,5.964,13-Apr-12,Not Holiday,Non-Holiday,724462.5636
4,2012,11,13,1472752.01,0,72.74,3.891,225.0135556,6.664,13-Apr-12,Not Holiday,Non-Holiday,654517.0161
4,2012,12,13,1083811.19,0,64.28,4.254,131.108,11.627,13-Apr-12,Not Holiday,Non-Holiday,826655.2689
4,2012,23,13,1231752.54,0,41.81,4.025,137.868,4.125,13-Apr-12,Not Holiday,Non-Holiday,893428.8885
4,2012,17,13,877055.32,0,46.94,3.833,131.108,6.235,13-Apr-12,Not Holiday,Non-Holiday,668956.3718
4,2012,3,20,434822.13,0,72.05,3.877,225.0689541,6.664,20-Apr-12,Not Holiday,Non-Holiday,193195.0729
4,2012,44,20,323233.8,0,50.24,3.845,131.1173333,5.621,20-Apr-12,Not Holiday,Non-Holiday,246522.5549
4,2012,24,20,1208654.4,0,61.05,4.17,137.9230667,8.983,20-Apr-12,Not Holiday,Non-Holiday,876325.0622
4,2012,39,20,1433391.04,0,70.04,3.877,220.2483937,6.989,20-Apr-12,Not Holiday,Non-Holiday,650806.5807
4,2012,28,20,1180797.2,0,66.73,4.222,131.1173333,11.627,20-Apr-12,Not Holiday,Non-Holiday,900565.2954
4,2012,29,20,525200.59,0,58.81,4.046,137.9230667,9.14,20-Apr-12,Not Holiday,Non-Holiday,380792.4248
4,2012,20,20,1884427.84,0,60.11,4.027,214.3675045,7.139,20-Apr-12,Not Holiday,Non-Holiday,879064.1307
4,2012,10,20,1777166.53,0,67.75,4.111,131.1173333,7.382,20-Apr-12,Not Holiday,Non-Holiday,1355401.674
4,2012,17,20,1119979.98,0,47.69,3.845,131.1173333,6.235,20-Apr-12,Not Holiday,Non-Holiday,854181.4814
4,2012,27,20,1639999.47,0,62.62,4.17,141.9015262,8.253,20-Apr-12,Not Holiday,Non-Holiday,1155730.677
4,2012,7,20,457340.06,0,39.3,3.936,197.7227385,8.09,20-Apr-12,Not Holiday,Non-Holiday,231303.7253
4,2012,33,20,261837.2,0,72.94,4.111,131.1173333,7.396,20-Apr-12,Not Holiday,Non-Holiday,199696.8619
4,2012,45,20,776661.74,0,63.13,4.027,190.8138013,8.567,20-Apr-12,Not Holiday,Non-Holiday,407025.9775
4,2012,23,20,1287899.41,0,56.55,4.046,137.9230667,4.125,20-Apr-12,Not Holiday,Non-Holiday,933781.0134
4,2012,5,20,330063.06,0,67.33,3.877,222.1512315,5.801,20-Apr-12,Not Holiday,Non-Holiday,148575.8408
4,2012,30,20,462909.41,0,66.97,3.877,221.2021074,6.891,20-Apr-12,Not Holiday,Non-Holiday,209269.8914
4,2012,8,20,872288.46,0,63.59,3.877,225.1179914,5.679,20-Apr-12,Not Holiday,Non-Holiday,387480.5628
4,2012,26,20,923600.02,0,50.81,4.046,137.9230667,7.489,20-Apr-12,Not Holiday,Non-Holiday,669648.6977
4,2012,22,20,1000342.87,0,58.81,4.046,141.9015262,7.671,20-Apr-12,Not Holiday,Non-Holiday,704955.6807
4,2012,6,20,1456073.24,0,68.64,3.877,223.17092,5.964,20-Apr-12,Not Holiday,Non-Holiday,652447.568
4,2012,12,20,1006486.96,0,66.73,4.222,131.1173333,11.627,20-Apr-12,Not Holiday,Non-Holiday,767623.1164
4,2012,1,20,1521577.87,0,66.76,3.877,221.5640737,7.143,20-Apr-12,Not Holiday,Non-Holiday,686743.9493
4,2012,40,20,896979.93,0,55.3,4.046,137.9230667,4.125,20-Apr-12,Not Holiday,Non-Holiday,650348.0175
4,2012,34,20,977628.78,0,55.34,3.864,131.1173333,9.575,20-Apr-12,Not Holiday,Non-Holiday,745613.6846
4,2012,35,20,794660.24,0,62.62,4.027,141.9015262,8.876,20-Apr-12,Not Holiday,Non-Holiday,560008.2404
4,2012,38,20,401615.8,0,66.73,4.222,131.1173333,11.627,20-Apr-12,Not Holiday,Non-Holiday,306302.5993
4,2012,4,20,2144336.89,0,68.6,3.864,131.1173333,4.308,20-Apr-12,Not Holiday,Non-Holiday,1635433.574
4,2012,41,20,1220815.33,0,43.57,3.936,197.7227385,6.547,20-Apr-12,Not Holiday,Non-Holiday,617438.004
4,2012,37,20,523483.19,0,70.87,3.877,220.2483937,6.989,20-Apr-12,Not Holiday,Non-Holiday,237678.5507
4,2012,11,20,1315356.99,0,71.97,3.877,225.0689541,6.664,20-Apr-12,Not Holiday,Non-Holiday,584424.0025
4,2012,31,20,1407036.59,0,66.97,3.877,221.2021074,6.891,20-Apr-12,Not Holiday,Non-Holiday,636086.4309
4,2012,15,20,534780.57,0,54.47,4.17,137.9230667,8.15,20-Apr-12,Not Holiday,Non-Holiday,387738.3115
4,2012,42,20,552529.23,0,67.75,4.111,131.1173333,7.382,20-Apr-12,Not Holiday,Non-Holiday,421400.6006
4,2012,43,20,638144.98,0,67.28,3.877,213.0130524,9.575,20-Apr-12,Not Holiday,Non-Holiday,299580.2242
4,2012,13,20,1955689.12,0,50.24,3.845,131.1173333,5.965,20-Apr-12,Not Holiday,Non-Holiday,1491556.51
4,2012,21,20,734858.91,0,66.97,3.877,221.2021074,6.891,20-Apr-12,Not Holiday,Non-Holiday,332211.5321
4,2012,2,20,1847344.45,0,65.69,3.877,221.2021074,6.891,20-Apr-12,Not Holiday,Non-Holiday,835138.7207
4,2012,16,20,436221.26,0,43.61,3.936,197.7227385,6.169,20-Apr-12,Not Holiday,Non-Holiday,220622.708
4,2012,14,20,1875686.44,0,63.13,4.027,190.8138013,8.567,20-Apr-12,Not Holiday,Non-Holiday,982993.0682
4,2012,36,20,323915.32,0,70.87,3.918,220.2483937,6.989,20-Apr-12,Not Holiday,Non-Holiday,147068.1872
4,2012,9,20,542819.03,0,68.04,3.877,225.3117488,5.539,20-Apr-12,Not Holiday,Non-Holiday,240919.0967
4,2012,32,20,1121405.91,0,49.15,3.936,197.7227385,8.09,20-Apr-12,Not Holiday,Non-Holiday,567160.8225
4,2012,25,20,661566.48,0,57.1,4.027,214.3675045,7.139,20-Apr-12,Not Holiday,Non-Holiday,308613.2301
4,2012,18,20,1025813.8,0,60.88,4.046,137.9230667,8.304,20-Apr-12,Not Holiday,Non-Holiday,743757.9692
4,2012,19,20,1255087.26,0,55.2,4.17,137.9230667,8.15,20-Apr-12,Not Holiday,Non-Holiday,909990.8304
4,2012,3,27,394616.11,0,73.39,3.814,225.1243526,6.664,27-Apr-12,Not Holiday,Non-Holiday,175288.0599
4,2012,25,27,655157.32,0,44.2,4.004,214.4223063,7.139,27-Apr-12,Not Holiday,Non-Holiday,305545.3191
4,2012,42,27,526625.49,0,80.11,4.088,131.1266667,7.382,27-Apr-12,Not Holiday,Non-Holiday,401615.8599
4,2012,18,27,961186.23,0,50.43,4.023,137.9781333,8.304,27-Apr-12,Not Holiday,Non-Holiday,696622.1437
4,2012,35,27,721212.45,0,52.33,4.004,141.9596595,8.876,27-Apr-12,Not Holiday,Non-Holiday,508040.4198
4,2012,5,27,324839.74,0,68.96,3.814,222.2053519,5.801,27-Apr-12,Not Holiday,Non-Holiday,146188.9811
4,2012,6,27,1456221.1,0,71.5,3.814,223.2254871,5.964,27-Apr-12,Not Holiday,Non-Holiday,652354.3162
4,2012,31,27,1311352.25,0,69.21,3.814,221.255812,6.891,27-Apr-12,Not Holiday,Non-Holiday,592686.0127
4,2012,2,27,1764133.09,0,67.2,3.814,221.255812,6.891,27-Apr-12,Not Holiday,Non-Holiday,797327.3443
4,2012,8,27,879448.25,0,70.34,3.814,225.1734114,5.679,27-Apr-12,Not Holiday,Non-Holiday,390564.8738
4,2012,26,27,911969,0,43.6,4.023,137.9781333,7.489,27-Apr-12,Not Holiday,Non-Holiday,660951.8321
4,2012,37,27,528807.45,0,70.06,3.814,220.3014485,6.989,27-Apr-12,Not Holiday,Non-Holiday,240038.1176
4,2012,36,27,308389.82,0,70.06,3.888,220.3014485,6.989,27-Apr-12,Not Holiday,Non-Holiday,139985.3801
4,2012,21,27,674829.58,0,69.21,3.814,221.255812,6.891,27-Apr-12,Not Holiday,Non-Holiday,304999.7078
4,2012,38,27,419964.77,0,77.99,4.193,131.1266667,11.627,27-Apr-12,Not Holiday,Non-Holiday,320274.114
4,2012,41,27,1248950.65,0,57.66,3.927,197.664546,6.547,27-Apr-12,Not Holiday,Non-Holiday,631853.6507
4,2012,22,27,922539.94,0,51.42,4.023,141.9596595,7.671,27-Apr-12,Not Holiday,Non-Holiday,649860.6317
4,2012,40,27,875372.91,0,47.51,4.023,137.9781333,4.125,27-Apr-12,Not Holiday,Non-Holiday,634428.7236
4,2012,9,27,550414.99,0,73.07,3.814,225.3672537,5.539,27-Apr-12,Not Holiday,Non-Holiday,244230.2424
4,2012,1,27,1468928.37,0,67.23,3.814,221.6179368,7.143,27-Apr-12,Not Holiday,Non-Holiday,662820.163
4,2012,32,27,1126962.44,0,61.76,3.927,197.664546,8.09,27-Apr-12,Not Holiday,Non-Holiday,570138.8857
4,2012,30,27,433744.83,0,69.21,3.814,221.255812,6.891,27-Apr-12,Not Holiday,Non-Holiday,196037.7113
4,2012,4,27,2064065.66,0,76.47,3.81,131.1266667,4.308,27-Apr-12,Not Holiday,Non-Holiday,1574100.61
4,2012,12,27,1004252.38,0,77.99,4.193,131.1266667,11.627,27-Apr-12,Not Holiday,Non-Holiday,765864.3396
4,2012,34,27,940299.87,0,66.49,3.81,131.1266667,9.575,27-Apr-12,Not Holiday,Non-Holiday,717092.788
4,2012,7,27,467827.75,0,51.49,3.927,197.664546,8.09,27-Apr-12,Not Holiday,Non-Holiday,236677.6235
4,2012,19,27,1285897.24,0,42.45,4.163,137.9781333,8.15,27-Apr-12,Not Holiday,Non-Holiday,931957.2669
4,2012,28,27,1170456.16,0,77.99,4.193,131.1266667,11.627,27-Apr-12,Not Holiday,Non-Holiday,892614.8963
4,2012,27,27,1565498.84,0,52.33,4.163,141.9596595,8.253,27-Apr-12,Not Holiday,Non-Holiday,1102777.258
4,2012,33,27,249798.75,0,83.07,4.088,131.1266667,7.396,27-Apr-12,Not Holiday,Non-Holiday,190501.8684
4,2012,17,27,925916.65,0,59.11,3.842,131.1266667,6.235,27-Apr-12,Not Holiday,Non-Holiday,706123.8368
4,2012,14,27,1784029.95,0,53.2,4.004,190.8680064,8.567,27-Apr-12,Not Holiday,Non-Holiday,934693.0288
4,2012,10,27,1712987.56,0,80.11,4.088,131.1266667,7.382,27-Apr-12,Not Holiday,Non-Holiday,1306360.943
4,2012,43,27,593138.59,0,78.27,3.814,213.062819,9.575,27-Apr-12,Not Holiday,Non-Holiday,278386.7184
4,2012,20,27,1886503.93,0,47.64,4.004,214.4223063,7.139,27-Apr-12,Not Holiday,Non-Holiday,879807.6854
4,2012,39,27,1456997.2,0,69.11,3.814,220.3014485,6.989,27-Apr-12,Not Holiday,Non-Holiday,661365.2384
4,2012,16,27,398445.15,0,59.69,3.927,197.664546,6.169,27-Apr-12,Not Holiday,Non-Holiday,201576.4375
4,2012,29,27,497250.22,0,51.42,4.023,137.9781333,9.14,27-Apr-12,Not Holiday,Non-Holiday,360383.3507
4,2012,45,27,711571.88,0,53.2,4.004,190.8680064,8.567,27-Apr-12,Not Holiday,Non-Holiday,372808.3577
4,2012,23,27,1277758.76,0,44.62,4.023,137.9781333,4.125,27-Apr-12,Not Holiday,Non-Holiday,926058.883
4,2012,44,27,330338.36,0,64.8,3.842,131.1266667,5.621,27-Apr-12,Not Holiday,Non-Holiday,251923.0972
4,2012,11,27,1236238.29,0,73.4,3.814,225.1243526,6.664,27-Apr-12,Not Holiday,Non-Holiday,549135.7446
4,2012,24,27,1194334.65,0,49.26,4.163,137.9781333,8.983,27-Apr-12,Not Holiday,Non-Holiday,865597.0489
4,2012,15,27,527402.62,0,41.57,4.163,137.9781333,8.15,27-Apr-12,Not Holiday,Non-Holiday,382236.3786
4,2012,13,27,1970121.65,0,64.8,3.842,131.1266667,5.965,27-Apr-12,Not Holiday,Non-Holiday,1502456.899
1,2012,18,6,977286.07,0,31.27,3.439,136.698129,8.075,6-Jan-12,Not Holiday,Non-Holiday,714922.7843
1,2012,40,6,954576.86,0,23.29,3.439,136.698129,4.261,6-Jan-12,Not Holiday,Non-Holiday,698310.1137
1,2012,37,6,558343.57,0,57.18,3.157,218.4062876,7.244,6-Jan-12,Not Holiday,Non-Holiday,255644.4579
1,2012,12,6,945823.65,0,50.43,3.599,130.1575161,12.187,6-Jan-12,Not Holiday,Non-Holiday,726676.1677
1,2012,23,6,1150662.55,0,24.29,3.439,136.698129,4.261,6-Jan-12,Not Holiday,Non-Holiday,841754.4252
1,2012,9,6,519585.67,0,47.54,3.157,223.4332408,5.667,6-Jan-12,Not Holiday,Non-Holiday,232546.2712
1,2012,42,6,636372.37,0,59.85,3.443,130.1575161,7.545,6-Jan-12,Not Holiday,Non-Holiday,488924.7959
1,2012,15,6,516087.65,0,30.24,3.585,136.698129,7.943,6-Jan-12,Not Holiday,Non-Holiday,377538.1959
1,2012,13,6,1865752.78,0,33.8,3.08,130.1575161,6.104,6-Jan-12,Not Holiday,Non-Holiday,1433457.58
1,2012,32,6,1099937.25,0,36.75,3.095,196.5458309,8.256,6-Jan-12,Not Holiday,Non-Holiday,559633.977
7,2012,25,13,714093.95,0,73.87,3.523,214.728027,7.28,13-Jul-12,Not Holiday,Non-Holiday,332557.403
1,2012,6,6,1395339.71,0,50.82,3.157,221.3088023,6.132,6-Jan-12,Not Holiday,Non-Holiday,630494.4474
1,2012,38,6,478483.2,0,50.43,3.599,130.1575161,12.187,6-Jan-12,Not Holiday,Non-Holiday,367618.5704
1,2012,17,6,1198104.22,0,27.64,3.08,130.1575161,6.403,6-Jan-12,Not Holiday,Non-Holiday,920503.2916
1,2012,36,6,329467.82,0,57.18,3.129,218.4062876,7.244,6-Jan-12,Not Holiday,Non-Holiday,150850.886
1,2012,21,6,640181.86,0,48.1,3.157,219.355063,7.057,6-Jan-12,Not Holiday,Non-Holiday,291847.3142
1,2012,20,6,1964701.94,0,33.42,3.422,212.5711125,6.961,6-Jan-12,Not Holiday,Non-Holiday,924256.3192
1,2012,27,6,1535287.4,0,35.8,3.585,140.6461359,8.009,6-Jan-12,Not Holiday,Non-Holiday,1091595.862
1,2012,7,6,713117.66,0,18.67,3.095,196.5458309,8.256,6-Jan-12,Not Holiday,Non-Holiday,362825.1267
1,2012,3,6,398178.21,0,52.42,3.157,223.1923049,6.833,6-Jan-12,Not Holiday,Non-Holiday,178401.406
1,2012,45,6,714081.05,0,35.88,3.422,189.1940558,8.424,6-Jan-12,Not Holiday,Non-Holiday,377433.1318
1,2012,5,6,312078.71,0,50.21,3.157,220.2969205,5.943,6-Jan-12,Not Holiday,Non-Holiday,141662.7655
1,2012,30,6,457030.86,0,48.1,3.157,219.355063,7.057,6-Jan-12,Not Holiday,Non-Holiday,208352.0908
1,2012,39,6,1478537.93,0,55.83,3.157,218.4062876,7.244,6-Jan-12,Not Holiday,Non-Holiday,676966.7422
1,2012,4,6,2047766.07,0,38.64,3.158,130.1575161,4.607,6-Jan-12,Not Holiday,Non-Holiday,1573298.363
1,2012,25,6,636419.12,0,30.23,3.422,212.5711125,6.961,6-Jan-12,Not Holiday,Non-Holiday,299391.1602
1,2012,28,6,1466046.07,0,50.43,3.599,130.1575161,12.187,6-Jan-12,Not Holiday,Non-Holiday,1126362.975
1,2012,29,6,469773.85,0,34.61,3.439,136.698129,8.988,6-Jan-12,Not Holiday,Non-Holiday,343657.8492
1,2012,33,6,267058.08,0,60.92,3.443,130.1575161,7.603,6-Jan-12,Not Holiday,Non-Holiday,205180.6826
1,2012,1,6,1550369.92,0,49.01,3.157,219.7142581,7.348,6-Jan-12,Not Holiday,Non-Holiday,705630.0913
1,2012,41,6,1208191.61,0,37.21,3.095,196.5458309,6.589,6-Jan-12,Not Holiday,Non-Holiday,614712.408
1,2012,8,6,872113.23,0,43.47,3.157,223.2409668,5.825,6-Jan-12,Not Holiday,Non-Holiday,390660.031
1,2012,26,6,971557.62,0,22.94,3.439,136.698129,7.467,6-Jan-12,Not Holiday,Non-Holiday,710732.2003
1,2012,24,6,1251581.89,0,32.86,3.585,136.698129,8.659,6-Jan-12,Not Holiday,Non-Holiday,915580.849
1,2012,43,6,670993.01,0,47.59,3.157,211.2428134,9.653,6-Jan-12,Not Holiday,Non-Holiday,317640.6332
1,2012,11,6,1283885.55,0,54.44,3.157,223.1923049,6.833,6-Jan-12,Not Holiday,Non-Holiday,575237.3724
1,2012,14,6,1859144.96,0,35.88,3.422,189.1940558,8.424,6-Jan-12,Not Holiday,Non-Holiday,982665.6298
1,2012,31,6,1401232.52,0,48.1,3.157,219.355063,7.057,6-Jan-12,Not Holiday,Non-Holiday,638796.5251
1,2012,10,6,1683401.78,0,59.85,3.443,130.1575161,7.545,6-Jan-12,Not Holiday,Non-Holiday,1293357.334
1,2012,22,6,895358.2,0,34.61,3.439,140.6461359,7.503,6-Jan-12,Not Holiday,Non-Holiday,636603.4831
1,2012,44,6,325327.93,0,33.8,3.08,130.1575161,5.774,6-Jan-12,Not Holiday,Non-Holiday,249949.3996
1,2012,35,6,671708.09,0,35.8,3.422,140.6461359,8.744,6-Jan-12,Not Holiday,Non-Holiday,477587.305
1,2012,19,6,1266570.4,0,31.84,3.585,136.698129,7.943,6-Jan-12,Not Holiday,Non-Holiday,926545.5272
1,2012,16,6,564538.07,0,26.49,3.095,196.5458309,6.162,6-Jan-12,Not Holiday,Non-Holiday,287229.7354
1,2012,34,6,953844.85,0,36.39,3.158,130.1575161,9.653,6-Jan-12,Not Holiday,Non-Holiday,732838.8545
1,2012,10,13,1711562.73,0,51,3.477,130.244,7.545,13-Jan-12,Not Holiday,Non-Holiday,1314120.213
1,2012,20,13,1911510.64,0,37.79,3.513,212.7386486,6.961,13-Jan-12,Not Holiday,Non-Holiday,898525.3279
1,2012,7,13,593875.46,0,7.46,3.077,196.7330517,8.256,13-Jan-12,Not Holiday,Non-Holiday,301868.6768
1,2012,26,13,836305.65,0,25.55,3.523,136.753,7.467,13-Jan-12,Not Holiday,Non-Holiday,611544.6462
1,2012,5,13,291454.52,0,48.86,3.261,220.4760185,5.943,13-Jan-12,Not Holiday,Non-Holiday,132193.2979
1,2012,33,13,279447.22,0,54.61,3.477,130.244,7.603,13-Jan-12,Not Holiday,Non-Holiday,214556.6936
1,2012,35,13,625135.11,0,41.3,3.513,140.7048214,8.744,13-Jan-12,Not Holiday,Non-Holiday,444288.3362
1,2012,21,13,631181.25,0,45,3.261,219.5328198,7.057,13-Jan-12,Not Holiday,Non-Holiday,287511.1114
1,2012,39,13,1369125.37,0,54.66,3.261,218.5823389,7.244,13-Jan-12,Not Holiday,Non-Holiday,626365.9621
1,2012,28,13,1161190.29,0,48.07,3.657,130.244,12.187,13-Jan-12,Not Holiday,Non-Holiday,891549.9294
1,2012,38,13,423260.82,0,48.07,3.657,130.244,12.187,13-Jan-12,Not Holiday,Non-Holiday,324975.2925
1,2012,29,13,444756.37,0,39,3.523,136.753,8.988,13-Jan-12,Not Holiday,Non-Holiday,325226.0426
1,2012,18,13,890130.25,0,35.25,3.523,136.753,8.075,13-Jan-12,Not Holiday,Non-Holiday,650903.6365
1,2012,30,13,447023.91,0,45,3.261,219.5328198,7.057,13-Jan-12,Not Holiday,Non-Holiday,203625.0937
1,2012,8,13,817661.76,0,36.46,3.261,223.4242571,5.825,13-Jan-12,Not Holiday,Non-Holiday,365968.2125
1,2012,42,13,664348.2,0,51,3.477,130.244,7.545,13-Jan-12,Not Holiday,Non-Holiday,510079.6966
1,2012,24,13,1155594.2,0,36.5,3.666,136.753,8.659,13-Jan-12,Not Holiday,Non-Holiday,845022.9245
1,2012,37,13,546221.4,0,56.28,3.261,218.5823389,7.244,13-Jan-12,Not Holiday,Non-Holiday,249892.7419
1,2012,40,13,780607.52,0,25.9,3.523,136.753,4.261,13-Jan-12,Not Holiday,Non-Holiday,570815.6457
1,2012,22,13,855437.57,0,39,3.523,140.7048214,7.503,13-Jan-12,Not Holiday,Non-Holiday,607966.0679
1,2012,13,13,1794962.64,0,25.61,3.056,130.244,6.104,13-Jan-12,Not Holiday,Non-Holiday,1378153.804
1,2012,44,13,312361.88,0,25.61,3.056,130.244,5.774,13-Jan-12,Not Holiday,Non-Holiday,239828.2301
1,2012,12,13,865467.86,0,48.07,3.657,130.244,12.187,13-Jan-12,Not Holiday,Non-Holiday,664497.2974
1,2012,1,13,1459601.17,0,48.53,3.261,219.8925263,7.348,13-Jan-12,Not Holiday,Non-Holiday,663779.3446
1,2012,31,13,1377485.12,0,45,3.261,219.5328198,7.057,13-Jan-12,Not Holiday,Non-Holiday,627462.0447
1,2012,41,13,1134767.28,0,27.49,3.077,196.7330517,6.589,13-Jan-12,Not Holiday,Non-Holiday,576805.6105
1,2012,2,13,1744725.48,0,45.99,3.261,219.5328198,7.057,13-Jan-12,Not Holiday,Non-Holiday,794744.7136
1,2012,4,13,1941676.61,0,34.41,3.263,130.244,4.607,13-Jan-12,Not Holiday,Non-Holiday,1490799.277
1,2012,6,13,1344243.17,0,48.33,3.261,221.4893412,6.132,13-Jan-12,Not Holiday,Non-Holiday,606910.9975
1,2012,11,13,1264736.59,0,53.1,3.261,223.3755259,6.833,13-Jan-12,Not Holiday,Non-Holiday,566192.9994
1,2012,23,13,1031451.35,0,28.49,3.523,136.753,4.261,13-Jan-12,Not Holiday,Non-Holiday,754244.0385
1,2012,15,13,454183.42,0,36.26,3.666,136.753,7.943,13-Jan-12,Not Holiday,Non-Holiday,332119.5294
1,2012,34,13,913755.12,0,33.99,3.263,130.244,9.653,13-Jan-12,Not Holiday,Non-Holiday,701571.7576
1,2012,45,13,676615.53,0,41.18,3.513,189.3260962,8.424,13-Jan-12,Not Holiday,Non-Holiday,357381.018
1,2012,17,13,873576.96,0,20.28,3.056,130.244,6.403,13-Jan-12,Not Holiday,Non-Holiday,670723.3807
1,2012,14,13,1696248.27,0,41.18,3.513,189.3260962,8.424,13-Jan-12,Not Holiday,Non-Holiday,895940.0231
1,2012,19,13,1182198.7,0,37.08,3.666,136.753,7.943,13-Jan-12,Not Holiday,Non-Holiday,864477.3424
1,2012,16,13,508520.09,0,19.55,3.077,196.7330517,6.162,13-Jan-12,Not Holiday,Non-Holiday,258482.2863
1,2012,27,13,1492399.13,0,41.3,3.666,140.7048214,8.009,13-Jan-12,Not Holiday,Non-Holiday,1060659.553
1,2012,3,13,367438.62,0,51.86,3.261,223.3755259,6.833,13-Jan-12,Not Holiday,Non-Holiday,164493.6788
1,2012,9,13,474964.6,0,42.44,3.261,223.6168049,5.667,13-Jan-12,Not Holiday,Non-Holiday,212401.1208
1,2012,32,13,1071598.36,0,28.99,3.077,196.7330517,8.256,13-Jan-12,Not Holiday,Non-Holiday,544696.6591
1,2012,25,13,614764.31,0,34.6,3.513,212.7386486,6.961,13-Jan-12,Not Holiday,Non-Holiday,288976.3163
1,2012,36,13,325976.34,0,56.28,3.254,218.5823389,7.244,13-Jan-12,Not Holiday,Non-Holiday,149132.0578
1,2012,43,13,663529.64,0,43.68,3.261,211.4115714,9.653,13-Jan-12,Not Holiday,Non-Holiday,313856.8223
1,2012,13,20,1811606.21,0,32.71,3.047,130.2792258,6.104,20-Jan-12,Not Holiday,Non-Holiday,1390556.475
1,2012,4,20,2005097.76,0,42.09,3.273,130.2792258,4.607,20-Jan-12,Not Holiday,Non-Holiday,1539077.123
1,2012,42,20,579499.93,0,54.51,3.66,130.2792258,7.545,20-Jan-12,Not Holiday,Non-Holiday,444813.7655
1,2012,17,20,809272.65,0,27.26,3.047,130.2792258,6.403,20-Jan-12,Not Holiday,Non-Holiday,621183.1894
1,2012,31,20,1372504.9,0,52.21,3.268,219.6258417,7.057,20-Jan-12,Not Holiday,Non-Holiday,624928.6921
1,2012,29,20,446863.31,0,29.16,3.542,136.8564194,8.988,20-Jan-12,Not Holiday,Non-Holiday,326519.8023
1,2012,32,20,1080012.04,0,36.86,3.055,196.7796652,8.256,20-Jan-12,Not Holiday,Non-Holiday,548843.3162
1,2012,28,20,1129540.48,0,46.2,3.66,130.2792258,12.187,20-Jan-12,Not Holiday,Non-Holiday,867015.0387
1,2012,34,20,910899.05,0,39.28,3.273,130.2792258,9.653,20-Jan-12,Not Holiday,Non-Holiday,699189.7936
1,2012,39,20,1394841.03,0,58.04,3.268,218.6755292,7.244,20-Jan-12,Not Holiday,Non-Holiday,637858.765
1,2012,40,20,811365.42,0,14.02,3.542,136.8564194,4.261,20-Jan-12,Not Holiday,Non-Holiday,592858.8688
1,2012,6,20,1326255.7,0,55.37,3.268,221.5831306,6.132,20-Jan-12,Not Holiday,Non-Holiday,598536.4032
1,2012,16,20,474389.75,0,29.3,3.055,196.7796652,6.162,20-Jan-12,Not Holiday,Non-Holiday,241076.612
1,2012,8,20,813954.82,0,46.81,3.268,223.5188055,5.825,20-Jan-12,Not Holiday,Non-Holiday,364154.9614
1,2012,19,20,1237104.73,0,23.44,3.705,136.8564194,7.943,20-Jan-12,Not Holiday,Non-Holiday,903943.5164
1,2012,44,20,316948.39,0,32.71,3.047,130.2792258,5.774,20-Jan-12,Not Holiday,Non-Holiday,243283.9066
1,2012,1,20,1394393.84,0,54.11,3.268,219.9856893,7.348,20-Jan-12,Not Holiday,Non-Holiday,633856.6133
1,2012,25,20,594744.89,0,23.87,3.533,212.8336399,6.961,20-Jan-12,Not Holiday,Non-Holiday,279441.2059
1,2012,24,20,1151993.85,0,25.73,3.705,136.8564194,8.659,20-Jan-12,Not Holiday,Non-Holiday,841753.6094
1,2012,12,20,855922.64,0,46.2,3.66,130.2792258,12.187,20-Jan-12,Not Holiday,Non-Holiday,656990.8861
1,2012,15,20,492721.85,0,21.39,3.705,136.8564194,7.943,20-Jan-12,Not Holiday,Non-Holiday,360028.3072
1,2012,37,20,543894.07,0,58.9,3.268,218.6755292,7.244,20-Jan-12,Not Holiday,Non-Holiday,248721.9635
1,2012,2,20,1711769.11,0,51.7,3.268,219.6258417,7.057,20-Jan-12,Not Holiday,Non-Holiday,779402.4131
1,2012,45,20,700392.21,0,31.85,3.533,189.4214733,8.424,20-Jan-12,Not Holiday,Non-Holiday,369753.3325
1,2012,38,20,405215.91,0,46.2,3.66,130.2792258,12.187,20-Jan-12,Not Holiday,Non-Holiday,311036.4738
1,2012,21,20,651178.2,0,52.21,3.268,219.6258417,7.057,20-Jan-12,Not Holiday,Non-Holiday,296494.3446
1,2012,27,20,1542131.05,0,30.35,3.705,140.8086118,8.009,20-Jan-12,Not Holiday,Non-Holiday,1095196.544
1,2012,22,20,897027.44,0,29.16,3.542,140.8086118,7.503,20-Jan-12,Not Holiday,Non-Holiday,637054.3879
1,2012,20,20,1892775.94,0,27.65,3.533,212.8336399,6.961,20-Jan-12,Not Holiday,Non-Holiday,889321.7918
1,2012,35,20,669850.04,0,30.35,3.533,140.8086118,8.744,20-Jan-12,Not Holiday,Non-Holiday,475716.6706
1,2012,10,20,1675562.94,0,54.51,3.66,130.2792258,7.545,20-Jan-12,Not Holiday,Non-Holiday,1286132.098
1,2012,11,20,1207303.29,0,56.43,3.268,223.4700552,6.833,20-Jan-12,Not Holiday,Non-Holiday,540252.8267
1,2012,7,20,578002.85,0,27.41,3.055,196.7796652,8.256,20-Jan-12,Not Holiday,Non-Holiday,293730.9856
1,2012,14,20,1789113.32,0,31.85,3.533,189.4214733,8.424,20-Jan-12,Not Holiday,Non-Holiday,944514.5204
1,2012,3,20,365818.61,0,56.2,3.268,223.4700552,6.833,20-Jan-12,Not Holiday,Non-Holiday,163699.163
1,2012,5,20,287523.98,0,54.65,3.268,220.5694104,5.943,20-Jan-12,Not Holiday,Non-Holiday,130355.3287
1,2012,43,20,619225.65,0,52.72,3.268,211.4997811,9.653,20-Jan-12,Not Holiday,Non-Holiday,292778.3881
1,2012,18,20,937522.77,0,24.2,3.542,136.8564194,8.075,20-Jan-12,Not Holiday,Non-Holiday,685041.1359
1,2012,26,20,838751.5,0,15.22,3.542,136.8564194,7.467,20-Jan-12,Not Holiday,Non-Holiday,612869.6803
1,2012,9,20,480130.04,0,51.56,3.268,223.7114288,5.667,20-Jan-12,Not Holiday,Non-Holiday,214620.2555
1,2012,30,20,438760.62,0,52.21,3.268,219.6258417,7.057,20-Jan-12,Not Holiday,Non-Holiday,199776.4091
1,2012,41,20,1116295.24,0,31.56,3.055,196.7796652,6.589,20-Jan-12,Not Holiday,Non-Holiday,567281.8067
1,2012,33,20,244899.2,0,55.99,3.66,130.2792258,7.603,20-Jan-12,Not Holiday,Non-Holiday,187980.239
1,2012,23,20,1146992.13,0,15.33,3.542,136.8564194,4.261,20-Jan-12,Not Holiday,Non-Holiday,838098.8886
1,2012,36,20,330927.21,0,58.9,3.275,218.6755292,7.244,20-Jan-12,Not Holiday,Non-Holiday,151332.5296
1,2012,41,27,1079398.81,0,33.15,3.038,196.8262786,6.589,27-Jan-12,Not Holiday,Non-Holiday,548401.7773
1,2012,25,27,589554.29,0,32.24,3.567,212.9286312,6.961,27-Jan-12,Not Holiday,Non-Holiday,276878.824
1,2012,14,27,1595362.27,0,37.93,3.567,189.5168505,8.424,27-Jan-12,Not Holiday,Non-Holiday,841804.9718
1,2012,43,27,587685.38,0,52.1,3.29,211.5879908,9.653,27-Jan-12,Not Holiday,Non-Holiday,277749.875
1,2012,7,27,541037.98,0,26.9,3.038,196.8262786,8.256,27-Jan-12,Not Holiday,Non-Holiday,274880.9681
1,2012,6,27,1315610.66,0,53.95,3.29,221.6769199,6.132,27-Jan-12,Not Holiday,Non-Holiday,593481.1168
1,2012,10,27,1632406,0,53.59,3.675,130.3144516,7.545,27-Jan-12,Not Holiday,Non-Holiday,1252666.899
1,2012,28,27,1132948.48,0,50.43,3.675,130.3144516,12.187,27-Jan-12,Not Holiday,Non-Holiday,869395.8852
1,2012,11,27,1162675.85,0,58.36,3.29,223.5645845,6.833,27-Jan-12,Not Holiday,Non-Holiday,520062.6265
1,2012,29,27,395987.24,0,35.68,3.568,136.9598387,8.988,27-Jan-12,Not Holiday,Non-Holiday,289126.5379
1,2012,34,27,872450.37,0,39.81,3.29,130.3144516,9.653,27-Jan-12,Not Holiday,Non-Holiday,669496.2526
1,2012,4,27,1928720.51,0,40.31,3.29,130.3144516,4.607,27-Jan-12,Not Holiday,Non-Holiday,1480051.127
1,2012,31,27,1259941.48,0,50.79,3.29,219.7188636,7.057,27-Jan-12,Not Holiday,Non-Holiday,573433.4592
1,2012,33,27,236920.49,0,56.33,3.675,130.3144516,7.603,27-Jan-12,Not Holiday,Non-Holiday,181806.7659
1,2012,26,27,820059.89,0,24.16,3.568,136.9598387,7.467,27-Jan-12,Not Holiday,Non-Holiday,598759.3865
1,2012,24,27,1057290.41,0,31.92,3.737,136.9598387,8.659,27-Jan-12,Not Holiday,Non-Holiday,771971.1267
1,2012,35,27,588722.99,0,36.96,3.567,140.9124021,8.744,27-Jan-12,Not Holiday,Non-Holiday,417793.5946
1,2012,19,27,1279623.26,0,32.41,3.737,136.9598387,7.943,27-Jan-12,Not Holiday,Non-Holiday,934305.4666
1,2012,32,27,1051864.6,0,36.67,3.038,196.8262786,8.256,27-Jan-12,Not Holiday,Non-Holiday,534412.6849
1,2012,15,27,466045.63,0,30.87,3.737,136.9598387,7.943,27-Jan-12,Not Holiday,Non-Holiday,340279.0442
1,2012,27,27,1263534.86,0,36.96,3.737,140.9124021,8.009,27-Jan-12,Not Holiday,Non-Holiday,896681.0878
1,2012,30,27,433037.66,0,50.79,3.29,219.7188636,7.057,27-Jan-12,Not Holiday,Non-Holiday,197087.1562
1,2012,9,27,482451.21,0,49.38,3.29,223.8060527,5.667,27-Jan-12,Not Holiday,Non-Holiday,215566.6499
1,2012,18,27,825584.22,0,30.44,3.568,136.9598387,8.075,27-Jan-12,Not Holiday,Non-Holiday,602792.9266
1,2012,37,27,514116.58,0,62.73,3.29,218.7687195,7.244,27-Jan-12,Not Holiday,Non-Holiday,235004.6118
1,2012,23,27,1037476.38,0,25.71,3.568,136.9598387,4.261,27-Jan-12,Not Holiday,Non-Holiday,757504.0901
1,2012,45,27,624081.64,0,37.93,3.567,189.5168505,8.424,27-Jan-12,Not Holiday,Non-Holiday,329301.399
1,2012,2,27,1660906.14,0,50.5,3.29,219.7188636,7.057,27-Jan-12,Not Holiday,Non-Holiday,755923.3253
1,2012,36,27,301444.94,0,62.73,3.313,218.7687195,7.244,27-Jan-12,Not Holiday,Non-Holiday,137791.6096
1,2012,21,27,611258.71,0,50.79,3.29,219.7188636,7.057,27-Jan-12,Not Holiday,Non-Holiday,278200.3784
1,2012,20,27,1761016.51,0,37.19,3.567,212.9286312,6.961,27-Jan-12,Not Holiday,Non-Holiday,827045.4284
1,2012,3,27,349518.1,0,58.06,3.29,223.5645845,6.833,27-Jan-12,Not Holiday,Non-Holiday,156338.7604
1,2012,38,27,412882.31,0,50.43,3.675,130.3144516,12.187,27-Jan-12,Not Holiday,Non-Holiday,316835.3969
1,2012,42,27,538978.67,0,53.59,3.675,130.3144516,7.545,27-Jan-12,Not Holiday,Non-Holiday,413598.5406
1,2012,13,27,1733983.09,0,34.32,3.058,130.3144516,6.104,27-Jan-12,Not Holiday,Non-Holiday,1330614.578
1,2012,22,27,786459.23,0,35.68,3.568,140.9124021,7.503,27-Jan-12,Not Holiday,Non-Holiday,558119.2417
1,2012,12,27,888203.69,0,50.43,3.675,130.3144516,12.187,27-Jan-12,Not Holiday,Non-Holiday,681584.9502
1,2012,16,27,453979.19,0,28.17,3.038,196.8262786,6.162,27-Jan-12,Not Holiday,Non-Holiday,230649.6842
1,2012,39,27,1320301.61,0,60.65,3.29,218.7687195,7.244,27-Jan-12,Not Holiday,Non-Holiday,603514.8046
1,2012,1,27,1319325.59,0,54.26,3.29,220.0788523,7.348,27-Jan-12,Not Holiday,Non-Holiday,599478.5852
1,2012,40,27,770157.29,0,22.91,3.568,136.9598387,4.261,27-Jan-12,Not Holiday,Non-Holiday,562323.4499
1,2012,5,27,295974.22,0,54.63,3.29,220.6628023,5.943,27-Jan-12,Not Holiday,Non-Holiday,134129.6389
1,2012,44,27,308295.38,0,34.32,3.058,130.3144516,5.774,27-Jan-12,Not Holiday,Non-Holiday,236578.0435
1,2012,17,27,769522.33,0,29.99,3.058,130.3144516,6.403,27-Jan-12,Not Holiday,Non-Holiday,590511.8892
1,2012,8,27,778178.53,0,45.52,3.29,223.6133539,5.825,27-Jan-12,Not Holiday,Non-Holiday,348001.8149
8,2012,10,3,1939440.09,0,84.76,3.595,130.737871,7.17,3-Aug-12,Not Holiday,Non-Holiday,1483456.993
8,2012,11,3,1399341.07,0,86.94,3.417,225.4636332,6.334,3-Aug-12,Not Holiday,Non-Holiday,620650.4571
8,2012,1,3,1631135.79,0,86.11,3.417,221.9498642,6.908,3-Aug-12,Not Holiday,Non-Holiday,734911.8216
8,2012,23,3,1416926.31,0,71.51,3.698,138.1735806,4.156,3-Aug-12,Not Holiday,Non-Holiday,1025468.33
8,2012,29,3,504754.74,0,72.99,3.698,138.1735806,9.419,3-Aug-12,Not Holiday,Non-Holiday,365304.8128
8,2012,30,3,425136.55,0,91.57,3.417,221.5869799,6.565,3-Aug-12,Not Holiday,Non-Holiday,191859.8964
8,2012,39,3,1608277.74,0,84.05,3.417,220.6319358,6.623,3-Aug-12,Not Holiday,Non-Holiday,728941.499
8,2012,5,3,324195.17,0,86.91,3.417,222.5385111,5.603,3-Aug-12,Not Holiday,Non-Holiday,145680.4795
8,2012,7,3,680954.81,0,61.83,3.528,198.0293893,7.872,3-Aug-12,Not Holiday,Non-Holiday,343865.5305
8,2012,40,3,1068346.76,0,70.15,3.698,138.1735806,4.156,3-Aug-12,Not Holiday,Non-Holiday,773191.7747
8,2012,19,3,1342123.78,0,73.41,3.819,138.1735806,8.193,3-Aug-12,Not Holiday,Non-Holiday,971331.6932
8,2012,42,3,573084.71,0,84.76,3.595,130.737871,7.17,3-Aug-12,Not Holiday,Non-Holiday,438346.3687
8,2012,32,3,1183571.35,0,75.09,3.528,198.0293893,7.872,3-Aug-12,Not Holiday,Non-Holiday,597674.5948
8,2012,35,3,866216.36,0,75.22,3.654,142.1916279,8.839,3-Aug-12,Not Holiday,Non-Holiday,609189.4247
8,2012,45,3,725729.51,0,76.58,3.654,191.16409,8.684,3-Aug-12,Not Holiday,Non-Holiday,379636.9444
8,2012,28,3,1376520.1,0,88.16,3.76,130.737871,10.926,3-Aug-12,Not Holiday,Non-Holiday,1052885.51
8,2012,44,3,342385.38,0,81.99,3.512,130.737871,5.407,3-Aug-12,Not Holiday,Non-Holiday,261886.9172
8,2012,3,3,419990.29,0,86.55,3.417,225.4636332,6.334,3-Aug-12,Not Holiday,Non-Holiday,186278.5071
8,2012,8,3,897076.73,0,85.06,3.417,225.5127949,5.401,3-Aug-12,Not Holiday,Non-Holiday,397794.1608
8,2012,43,3,614378.94,0,85.06,3.417,213.3388802,9.285,3-Aug-12,Not Holiday,Non-Holiday,287982.6403
8,2012,17,3,877813.33,0,72.94,3.512,130.737871,5.936,3-Aug-12,Not Holiday,Non-Holiday,671430.0327
8,2012,34,3,973250.41,0,78.93,3.374,130.737871,9.285,3-Aug-12,Not Holiday,Non-Holiday,744428.835
8,2012,15,3,590739.62,0,73.13,3.819,138.1735806,8.193,3-Aug-12,Not Holiday,Non-Holiday,427534.4226
8,2012,2,3,1946104.64,0,90.22,3.417,221.5869799,6.565,3-Aug-12,Not Holiday,Non-Holiday,878257.667
8,2012,21,3,693785.85,0,91.57,3.417,221.5869799,6.565,3-Aug-12,Not Holiday,Non-Holiday,313098.6533
8,2012,26,3,1090915.09,0,65.6,3.698,138.1735806,7.405,3-Aug-12,Not Holiday,Non-Holiday,789525.0925
8,2012,37,3,521959.28,0,85.56,3.417,220.6319358,6.623,3-Aug-12,Not Holiday,Non-Holiday,236574.6727
8,2012,13,3,2044148.23,0,81.99,3.512,130.737871,5.765,3-Aug-12,Not Holiday,Non-Holiday,1563547.13
8,2012,31,3,1390174.63,0,91.57,3.417,221.5869799,6.565,3-Aug-12,Not Holiday,Non-Holiday,627371.9831
8,2012,6,3,1627274.93,0,87.55,3.417,223.5607856,5.668,3-Aug-12,Not Holiday,Non-Holiday,727889.252
8,2012,38,3,469311.17,0,88.16,3.76,130.737871,10.926,3-Aug-12,Not Holiday,Non-Holiday,358971.0972
8,2012,36,3,304989.97,0,85.56,3.404,220.6319358,6.623,3-Aug-12,Not Holiday,Non-Holiday,138234.7342
8,2012,41,3,1439607.35,0,73.16,3.528,198.0293893,6.432,3-Aug-12,Not Holiday,Non-Holiday,726966.515
8,2012,16,3,584000.71,0,68.59,3.528,198.0293893,6.061,3-Aug-12,Not Holiday,Non-Holiday,294906.0804
8,2012,14,3,1656886.46,0,76.58,3.654,191.16409,8.684,3-Aug-12,Not Holiday,Non-Holiday,866735.2012
8,2012,20,3,2094515.71,0,74.73,3.654,214.7433514,7.28,3-Aug-12,Not Holiday,Non-Holiday,975357.652
8,2012,33,3,258533.12,0,92.13,3.595,130.737871,7.147,3-Aug-12,Not Holiday,Non-Holiday,197749.2199
8,2012,27,3,1705810.84,0,75.22,3.819,142.1916279,8.239,3-Aug-12,Not Holiday,Non-Holiday,1199656.313
8,2012,12,3,958667.23,0,88.16,3.76,130.737871,10.926,3-Aug-12,Not Holiday,Non-Holiday,733274.3165
8,2012,25,3,709724.6,0,72.08,3.654,214.7433514,7.28,3-Aug-12,Not Holiday,Non-Holiday,330498.9865
8,2012,4,3,2174514.13,0,83.86,3.374,130.737871,4.077,3-Aug-12,Not Holiday,Non-Holiday,1663262.613
8,2012,9,3,533887.54,0,90.23,3.417,225.7070437,5.277,3-Aug-12,Not Holiday,Non-Holiday,236540.0438
8,2012,18,3,1052066.58,0,72.67,3.698,138.1735806,8.535,3-Aug-12,Not Holiday,Non-Holiday,761409.3631
8,2012,22,3,1007257.83,0,72.99,3.698,142.1916279,7.753,3-Aug-12,Not Holiday,Non-Holiday,708380.5459
8,2012,24,3,1440374.13,0,73.26,3.819,138.1735806,8.953,3-Aug-12,Not Holiday,Non-Holiday,1042438.159
8,2012,34,10,1004523.59,0,78.26,3.476,130.7561613,9.285,10-Aug-12,Not Holiday,Non-Holiday,768241.8786
8,2012,16,10,554036.84,0,70.24,3.509,198.0795651,6.061,10-Aug-12,Not Holiday,Non-Holiday,279704.1884
8,2012,24,10,1497054.81,0,75.53,3.863,138.1437742,8.953,10-Aug-12,Not Holiday,Non-Holiday,1083693.289
8,2012,15,10,590453.63,0,73.99,3.863,138.1437742,8.193,10-Aug-12,Not Holiday,Non-Holiday,427419.6455
8,2012,44,10,333594.81,0,81.69,3.509,130.7561613,5.407,10-Aug-12,Not Holiday,Non-Holiday,255127.4117
8,2012,43,10,643558.78,0,86.36,3.494,213.3473641,9.285,10-Aug-12,Not Holiday,Non-Holiday,301648.3389
8,2012,20,10,2144245.39,0,75.4,3.722,214.7484595,7.28,10-Aug-12,Not Holiday,Non-Holiday,998491.6283
8,2012,26,10,1121476.51,0,67.01,3.772,138.1437742,7.405,10-Aug-12,Not Holiday,Non-Holiday,811818.3512
8,2012,19,10,1408907.89,0,74.45,3.863,138.1437742,8.193,10-Aug-12,Not Holiday,Non-Holiday,1019885.187
8,2012,22,10,973812.79,0,76.74,3.772,142.1705634,7.753,10-Aug-12,Not Holiday,Non-Holiday,684960.9136
8,2012,31,10,1386472.59,0,89.57,3.494,221.5954138,6.565,10-Aug-12,Not Holiday,Non-Holiday,625677.4751
8,2012,17,10,849074.04,0,73.29,3.509,130.7561613,5.936,10-Aug-12,Not Holiday,Non-Holiday,649356.8116
8,2012,1,10,1592409.97,0,85.05,3.494,221.9584329,6.908,10-Aug-12,Not Holiday,Non-Holiday,717436.1204
8,2012,8,10,930745.69,0,83.74,3.494,225.5226885,5.401,10-Aug-12,Not Holiday,Non-Holiday,412706.0103
8,2012,41,10,1504545.94,0,71.73,3.509,198.0795651,6.432,10-Aug-12,Not Holiday,Non-Holiday,759566.4597
8,2012,13,10,2041019.92,0,81.69,3.509,130.7561613,5.765,10-Aug-12,Not Holiday,Non-Holiday,1560935.943
8,2012,12,10,984689.9,0,95.91,3.811,130.7561613,10.926,10-Aug-12,Not Holiday,Non-Holiday,753073.4232
8,2012,40,10,1007906.43,0,70.09,3.772,138.1437742,4.156,10-Aug-12,Not Holiday,Non-Holiday,729606.8432
8,2012,6,10,1588380.73,0,87.04,3.494,223.5699533,5.668,10-Aug-12,Not Holiday,Non-Holiday,710462.5226
8,2012,2,10,1866719.96,0,88.55,3.494,221.5954138,6.565,10-Aug-12,Not Holiday,Non-Holiday,842400.0876
8,2012,37,10,500964.59,0,84.41,3.494,220.6404663,6.623,10-Aug-12,Not Holiday,Non-Holiday,227050.1864
8,2012,27,10,1720537.26,0,78.44,3.863,142.1705634,8.239,10-Aug-12,Not Holiday,Non-Holiday,1210192.334
8,2012,10,10,1880436.94,0,90.78,3.811,130.7561613,7.17,10-Aug-12,Not Holiday,Non-Holiday,1438124.92
8,2012,9,10,538713.47,0,88.66,3.494,225.7170094,5.277,10-Aug-12,Not Holiday,Non-Holiday,238667.6447
8,2012,38,10,436690.13,0,95.91,3.811,130.7561613,10.926,10-Aug-12,Not Holiday,Non-Holiday,333972.8894
8,2012,42,10,576620.31,0,90.78,3.811,130.7561613,7.17,10-Aug-12,Not Holiday,Non-Holiday,440989.0167
8,2012,7,10,675926.3,0,63.41,3.509,198.0795651,7.872,10-Aug-12,Not Holiday,Non-Holiday,341239.794
8,2012,32,10,1227469.2,0,75.93,3.509,198.0795651,7.872,10-Aug-12,Not Holiday,Non-Holiday,619684.9228
8,2012,23,10,1436311.76,0,71.12,3.772,138.1437742,4.156,10-Aug-12,Not Holiday,Non-Holiday,1039722.397
8,2012,18,10,967304.07,0,75.7,3.772,138.1437742,8.535,10-Aug-12,Not Holiday,Non-Holiday,700215.4644
8,2012,29,10,518628.42,0,76.74,3.772,138.1437742,9.419,10-Aug-12,Not Holiday,Non-Holiday,375426.5605
8,2012,4,10,2193367.69,0,83.21,3.476,130.7561613,4.077,10-Aug-12,Not Holiday,Non-Holiday,1677448.824
8,2012,30,10,430878.28,0,89.57,3.494,221.5954138,6.565,10-Aug-12,Not Holiday,Non-Holiday,194443.6812
8,2012,11,10,1388973.65,0,86.21,3.494,225.4735085,6.334,10-Aug-12,Not Holiday,Non-Holiday,616025.2081
8,2012,3,10,391811.6,0,85.85,3.494,225.4735085,6.334,10-Aug-12,Not Holiday,Non-Holiday,173772.7871
8,2012,39,10,1641867.92,0,83.47,3.494,220.6404663,6.623,10-Aug-12,Not Holiday,Non-Holiday,744137.2598
8,2012,21,10,700272.01,0,89.57,3.494,221.5954138,6.565,10-Aug-12,Not Holiday,Non-Holiday,316013.7649
8,2012,14,10,1648570.03,0,78.65,3.722,191.1626135,8.684,10-Aug-12,Not Holiday,Non-Holiday,862391.4477
8,2012,28,10,1269113.41,0,95.91,3.811,130.7561613,10.926,10-Aug-12,Not Holiday,Non-Holiday,970595.4942
8,2012,36,10,298947.51,0,84.41,3.49,220.6404663,6.623,10-Aug-12,Not Holiday,Non-Holiday,135490.7896
8,2012,25,10,710496.97,0,71.93,3.722,214.7484595,7.28,10-Aug-12,Not Holiday,Non-Holiday,330850.7878
8,2012,5,10,306759.7,0,86.96,3.494,222.5472987,5.603,10-Aug-12,Not Holiday,Non-Holiday,137840.2262
8,2012,45,10,733037.32,0,78.65,3.722,191.1626135,8.684,10-Aug-12,Not Holiday,Non-Holiday,383462.7005
8,2012,33,10,297753.49,0,100.07,3.811,130.7561613,7.147,10-Aug-12,Not Holiday,Non-Holiday,227716.604
8,2012,35,10,888368.8,0,78.44,3.722,142.1705634,8.839,10-Aug-12,Not Holiday,Non-Holiday,624861.2784
8,2012,42,17,575997.78,0,88.83,4.002,130.7909677,7.17,17-Aug-12,Not Holiday,Non-Holiday,440395.6864
8,2012,28,17,1184198.41,0,94.87,4.002,130.7909677,10.926,17-Aug-12,Not Holiday,Non-Holiday,905412.989
8,2012,44,17,327389.51,0,79.4,3.545,130.7909677,5.407,17-Aug-12,Not Holiday,Non-Holiday,250315.0758
8,2012,27,17,1735339.59,0,76.51,3.963,142.2157385,8.239,17-Aug-12,Not Holiday,Non-Holiday,1220216.277
8,2012,25,17,728467.72,0,66.99,3.807,214.825578,7.28,17-Aug-12,Not Holiday,Non-Holiday,339097.2932
8,2012,24,17,1397970.54,0,72.87,3.963,138.1857097,8.953,17-Aug-12,Not Holiday,Non-Holiday,1011660.716
8,2012,6,17,1543049.52,0,87.53,3.571,223.6510224,5.668,17-Aug-12,Not Holiday,Non-Holiday,689936.2692
8,2012,12,17,1005003.12,0,94.87,4.002,130.7909677,10.926,17-Aug-12,Not Holiday,Non-Holiday,768404.0708
8,2012,45,17,722496.93,0,75.71,3.807,191.2284919,8.684,17-Aug-12,Not Holiday,Non-Holiday,377818.6623
8,2012,16,17,521896.6,0,62.07,3.545,198.1001057,6.061,17-Aug-12,Not Holiday,Non-Holiday,263450.9447
8,2012,3,17,394918.83,0,87.36,3.571,225.5558664,6.334,17-Aug-12,Not Holiday,Non-Holiday,175086.9247
8,2012,17,17,844928.17,0,70.98,3.545,130.7909677,5.936,17-Aug-12,Not Holiday,Non-Holiday,646014.159
8,2012,8,17,896613.19,0,81.21,3.571,225.6050797,5.401,17-Aug-12,Not Holiday,Non-Holiday,397425.976
8,2012,7,17,642450.4,0,59.66,3.545,198.1001057,7.872,17-Aug-12,Not Holiday,Non-Holiday,324305.935
8,2012,10,17,1827797.4,0,88.83,4.002,130.7909677,7.17,17-Aug-12,Not Holiday,Non-Holiday,1397495.127
8,2012,35,17,887979.47,0,76.51,3.807,142.2157385,8.839,17-Aug-12,Not Holiday,Non-Holiday,624389.0299
8,2012,41,17,1560590.05,0,65.77,3.545,198.1001057,6.432,17-Aug-12,Not Holiday,Non-Holiday,787778.5045
8,2012,14,17,1660433.3,0,75.71,3.807,191.2284919,8.684,17-Aug-12,Not Holiday,Non-Holiday,868298.0677
8,2012,39,17,1720221.91,0,84.72,3.571,220.7199609,6.623,17-Aug-12,Not Holiday,Non-Holiday,779368.5279
8,2012,4,17,2283540.3,0,81.41,3.552,130.7909677,4.077,17-Aug-12,Not Holiday,Non-Holiday,1745946.483
8,2012,36,17,314607.22,0,85.89,3.571,220.7199609,6.623,17-Aug-12,Not Holiday,Non-Holiday,142536.823
8,2012,33,17,270097.76,0,96.79,4.002,130.7909677,7.147,17-Aug-12,Not Holiday,Non-Holiday,206511.0189
8,2012,29,17,416881.66,0,74.92,3.84,138.1857097,9.419,17-Aug-12,Not Holiday,Non-Holiday,301682.1789
8,2012,5,17,314014.18,0,87.52,3.571,222.6276753,5.603,17-Aug-12,Not Holiday,Non-Holiday,141049.0316
8,2012,32,17,1261306.37,0,70.75,3.545,198.1001057,7.872,17-Aug-12,Not Holiday,Non-Holiday,636701.5129
8,2012,34,17,1013820.86,0,77.78,3.552,130.7909677,9.285,17-Aug-12,Not Holiday,Non-Holiday,775145.9278
8,2012,9,17,535153.47,0,86.37,3.571,225.7995323,5.277,17-Aug-12,Not Holiday,Non-Holiday,237003.7991
8,2012,15,17,579738.2,0,70.29,3.963,138.1857097,8.193,17-Aug-12,Not Holiday,Non-Holiday,419535.5665
8,2012,11,17,1421307.2,0,87.73,3.571,225.5558664,6.334,17-Aug-12,Not Holiday,Non-Holiday,630135.3286
8,2012,22,17,981273.26,0,74.92,3.84,142.2157385,7.753,17-Aug-12,Not Holiday,Non-Holiday,689989.2166
8,2012,19,17,1375101.26,0,69.83,3.963,138.1857097,8.193,17-Aug-12,Not Holiday,Non-Holiday,995111.0451
8,2012,23,17,1510131.45,0,69.97,3.84,138.1857097,4.156,17-Aug-12,Not Holiday,Non-Holiday,1092827.51
8,2012,31,17,1410181.7,0,85.55,3.571,221.6751459,6.565,17-Aug-12,Not Holiday,Non-Holiday,636147.8614
8,2012,20,17,2045061.22,0,69.57,3.807,214.825578,7.28,17-Aug-12,Not Holiday,Non-Holiday,951963.5599
8,2012,1,17,1597868.05,0,84.85,3.571,222.0384109,6.908,17-Aug-12,Not Holiday,Non-Holiday,719635.87
8,2012,43,17,640210.85,0,85.66,3.571,213.4226959,9.285,17-Aug-12,Not Holiday,Non-Holiday,299973.1811
8,2012,13,17,2095769.18,0,79.4,3.545,130.7909677,5.765,17-Aug-12,Not Holiday,Non-Holiday,1602380.667
8,2012,38,17,411866.46,0,94.87,4.002,130.7909677,10.926,17-Aug-12,Not Holiday,Non-Holiday,314904.3602
8,2012,21,17,751963.81,0,85.55,3.571,221.6751459,6.565,17-Aug-12,Not Holiday,Non-Holiday,339218.8181
8,2012,2,17,1928016.01,0,84.79,3.571,221.6751459,6.565,17-Aug-12,Not Holiday,Non-Holiday,869748.3889
8,2012,40,17,969387.48,0,69.41,3.84,138.1857097,4.156,17-Aug-12,Not Holiday,Non-Holiday,701510.657
8,2012,37,17,509633.71,0,85.89,3.571,220.7199609,6.623,17-Aug-12,Not Holiday,Non-Holiday,230896.0675
8,2012,26,17,1068292.56,0,65.54,3.84,138.1857097,7.405,17-Aug-12,Not Holiday,Non-Holiday,773084.686
8,2012,18,17,1048134.24,0,73.25,3.84,138.1857097,8.535,17-Aug-12,Not Holiday,Non-Holiday,758496.839
8,2012,30,17,423351.15,0,85.55,3.571,221.6751459,6.565,17-Aug-12,Not Holiday,Non-Holiday,190978.1759
8,2012,9,24,572887.78,0,77.9,3.62,225.9364729,5.277,24-Aug-12,Not Holiday,Non-Holiday,253561.4426
8,2012,21,24,802003.61,0,77.72,3.62,221.8083518,6.565,24-Aug-12,Not Holiday,Non-Holiday,361575.0279
8,2012,10,24,1764984.15,0,82.5,4.055,130.8381613,7.17,24-Aug-12,Not Holiday,Non-Holiday,1348982.692
8,2012,35,24,895274.72,0,72.93,3.834,142.3105933,8.839,24-Aug-12,Not Holiday,Non-Holiday,629099.141
8,2012,14,24,1621841.33,0,72.62,3.834,191.3448865,8.684,24-Aug-12,Not Holiday,Non-Holiday,847601.0829
8,2012,36,24,282545.55,0,81.26,3.574,220.8526787,6.623,24-Aug-12,Not Holiday,Non-Holiday,127933.9475
8,2012,25,24,756527.64,0,64.53,3.834,214.9567044,7.28,24-Aug-12,Not Holiday,Non-Holiday,351944.1937
8,2012,31,24,1379783.21,0,77.72,3.62,221.8083518,6.565,24-Aug-12,Not Holiday,Non-Holiday,622060.9814
8,2012,43,24,598234.64,0,81.65,3.62,213.5481636,9.285,24-Aug-12,Not Holiday,Non-Holiday,280140.3814
8,2012,20,24,2005341.43,0,68.27,3.834,214.9567044,7.28,24-Aug-12,Not Holiday,Non-Holiday,932904.8078
8,2012,13,24,2059458.25,0,77.37,3.582,130.8381613,5.765,24-Aug-12,Not Holiday,Non-Holiday,1574050.132
8,2012,24,24,1303726.54,0,68.13,3.997,138.2814516,8.953,24-Aug-12,Not Holiday,Non-Holiday,942806.5188
8,2012,3,24,412449.67,0,83.01,3.62,225.6925864,6.334,24-Aug-12,Not Holiday,Non-Holiday,182748.4352
8,2012,2,24,1876788.15,0,76.91,3.62,221.8083518,6.565,24-Aug-12,Not Holiday,Non-Holiday,846130.5153
8,2012,32,24,1272809.11,0,70.12,3.558,198.0984199,7.872,24-Aug-12,Not Holiday,Non-Holiday,642513.5095
8,2012,22,24,1060906.75,0,70.42,3.874,142.3105933,7.753,24-Aug-12,Not Holiday,Non-Holiday,745486.8435
8,2012,34,24,926250.21,0,72.44,3.61,130.8381613,9.285,24-Aug-12,Not Holiday,Non-Holiday,707935.8199
8,2012,40,24,945318.47,0,63.91,3.874,138.2814516,4.156,24-Aug-12,Not Holiday,Non-Holiday,683619.1398
8,2012,44,24,337985.74,0,77.37,3.582,130.8381613,5.407,24-Aug-12,Not Holiday,Non-Holiday,258323.5171
8,2012,1,24,1494122.38,0,77.66,3.62,222.1719457,6.908,24-Aug-12,Not Holiday,Non-Holiday,672507.222
8,2012,15,24,606210.77,0,66.98,3.997,138.2814516,8.193,24-Aug-12,Not Holiday,Non-Holiday,438389.0703
8,2012,18,24,1145840.91,0,68.52,3.874,138.2814516,8.535,24-Aug-12,Not Holiday,Non-Holiday,828629.5065
8,2012,30,24,425296.65,0,77.72,3.62,221.8083518,6.565,24-Aug-12,Not Holiday,Non-Holiday,191740.5934
8,2012,38,24,397428.22,0,85.32,4.055,130.8381613,10.926,24-Aug-12,Not Holiday,Non-Holiday,303755.5833
8,2012,11,24,1409515.73,0,83.17,3.62,225.6925864,6.334,24-Aug-12,Not Holiday,Non-Holiday,624529.0342
8,2012,4,24,2125241.68,0,75.76,3.61,130.8381613,4.077,24-Aug-12,Not Holiday,Non-Holiday,1624328.605
8,2012,16,24,551152.15,0,61.44,3.558,198.0984199,6.061,24-Aug-12,Not Holiday,Non-Holiday,278221.3762
8,2012,5,24,320831.36,0,79.45,3.62,222.7617437,5.603,24-Aug-12,Not Holiday,Non-Holiday,144024.4427
8,2012,33,24,247672.56,0,89.62,4.055,130.8381613,7.147,24-Aug-12,Not Holiday,Non-Holiday,189296.8821
8,2012,39,24,1724669.75,0,80.49,3.62,220.8526787,6.623,24-Aug-12,Not Holiday,Non-Holiday,780914.1189
8,2012,29,24,615026.15,0,70.42,3.874,138.2814516,9.419,24-Aug-12,Not Holiday,Non-Holiday,444764.025
8,2012,23,24,1702220.96,0,64.63,3.874,138.2814516,4.156,24-Aug-12,Not Holiday,Non-Holiday,1230982.854
8,2012,41,24,1464462.85,0,69.07,3.558,198.0984199,6.432,24-Aug-12,Not Holiday,Non-Holiday,739260.2378
8,2012,26,24,1022704.2,0,62.08,3.874,138.2814516,7.405,24-Aug-12,Not Holiday,Non-Holiday,739581.6201
8,2012,8,24,936373.65,0,73.77,3.62,225.7418442,5.401,24-Aug-12,Not Holiday,Non-Holiday,414798.4408
8,2012,19,24,1544653.37,0,66.66,3.997,138.2814516,8.193,24-Aug-12,Not Holiday,Non-Holiday,1117035.837
8,2012,12,24,1048101.39,0,85.32,4.055,130.8381613,10.926,24-Aug-12,Not Holiday,Non-Holiday,801067.0431
8,2012,28,24,1199309.59,0,85.32,4.055,130.8381613,10.926,24-Aug-12,Not Holiday,Non-Holiday,916635.9249
8,2012,7,24,609099.37,0,59.27,3.558,198.0984199,7.872,24-Aug-12,Not Holiday,Non-Holiday,307473.1087
8,2012,45,24,718232.26,0,72.62,3.834,191.3448865,8.684,24-Aug-12,Not Holiday,Non-Holiday,375360.0491
8,2012,42,24,535537.03,0,82.5,4.055,130.8381613,7.17,24-Aug-12,Not Holiday,Non-Holiday,409312.5619
8,2012,27,24,1780443.36,0,72.93,3.997,142.3105933,8.239,24-Aug-12,Not Holiday,Non-Holiday,1251096.857
8,2012,37,24,522665.04,0,81.26,3.62,220.8526787,6.623,24-Aug-12,Not Holiday,Non-Holiday,236657.7771
8,2012,6,24,1501095.49,0,79.03,3.62,223.7860175,5.668,24-Aug-12,Not Holiday,Non-Holiday,670772.6903
8,2012,17,24,924299.78,0,68.89,3.582,130.8381613,5.936,24-Aug-12,Not Holiday,Non-Holiday,706445.1004
8,2012,38,31,424904.95,0,89.78,4.093,130.8853548,10.926,31-Aug-12,Not Holiday,Non-Holiday,324639.0329
8,2012,10,31,1650285.54,0,86.97,3.886,130.8853548,7.17,31-Aug-12,Not Holiday,Non-Holiday,1260863.404
8,2012,42,31,504760.57,0,86.97,3.886,130.8853548,7.17,31-Aug-12,Not Holiday,Non-Holiday,385650.9162
8,2012,28,31,1227118.75,0,89.78,4.093,130.8853548,10.926,31-Aug-12,Not Holiday,Non-Holiday,937552.3731
8,2012,5,31,344642.01,0,84.25,3.638,222.8958121,5.603,31-Aug-12,Not Holiday,Non-Holiday,154620.2267
8,2012,14,31,1613342.19,0,75.09,3.867,191.461281,8.684,31-Aug-12,Not Holiday,Non-Holiday,842646.7125
8,2012,4,31,2081181.35,0,76.47,3.646,130.8853548,4.077,31-Aug-12,Not Holiday,Non-Holiday,1590079.618
8,2012,41,31,1360517.52,0,71.56,3.556,198.0967341,6.432,31-Aug-12,Not Holiday,Non-Holiday,686794.523
8,2012,9,31,576879.15,0,80.71,3.638,226.0734135,5.277,31-Aug-12,Not Holiday,Non-Holiday,255173.3709
8,2012,35,31,931278.97,0,75,3.867,142.4054482,8.839,31-Aug-12,Not Holiday,Non-Holiday,653963.0202
8,2012,33,31,237129.81,0,94.55,3.886,130.8853548,7.147,31-Aug-12,Not Holiday,Non-Holiday,181173.677
8,2012,36,31,282647.48,0,84.79,3.608,220.9853964,6.623,31-Aug-12,Not Holiday,Non-Holiday,127903.2391
8,2012,45,31,734297.87,0,75.09,3.867,191.461281,8.684,31-Aug-12,Not Holiday,Non-Holiday,383522.9066
8,2012,24,31,1344558.92,0,71.18,4.026,138.3771935,8.953,31-Aug-12,Not Holiday,Non-Holiday,971662.227
8,2012,29,31,545844.91,0,71.93,3.884,138.3771935,9.419,31-Aug-12,Not Holiday,Non-Holiday,394461.6134
8,2012,12,31,1061943.49,0,89.78,4.093,130.8853548,10.926,31-Aug-12,Not Holiday,Non-Holiday,811353.9453
8,2012,21,31,763867.59,0,83.58,3.638,221.9415576,6.565,31-Aug-12,Not Holiday,Non-Holiday,344175.1055
8,2012,20,31,2062481.56,0,72.66,3.867,215.0878309,7.28,31-Aug-12,Not Holiday,Non-Holiday,958902.0222
8,2012,23,31,1577468.78,0,68.34,3.884,138.3771935,4.156,31-Aug-12,Not Holiday,Non-Holiday,1139977.434
8,2012,39,31,1710923.94,0,83.72,3.638,220.9853964,6.623,31-Aug-12,Not Holiday,Non-Holiday,774224.889
8,2012,30,31,439132.5,0,83.58,3.638,221.9415576,6.565,31-Aug-12,Not Holiday,Non-Holiday,197859.5198
8,2012,11,31,1372872.35,0,86.49,3.638,225.8293063,6.334,31-Aug-12,Not Holiday,Non-Holiday,607924.7962
8,2012,6,31,1577439.81,0,83.58,3.638,223.9210125,5.668,31-Aug-12,Not Holiday,Non-Holiday,704462.6104
8,2012,26,31,1053495.51,0,63.69,3.884,138.3771935,7.405,31-Aug-12,Not Holiday,Non-Holiday,761321.6335
8,2012,37,31,538344.1,0,84.79,3.638,220.9853964,6.623,31-Aug-12,Not Holiday,Non-Holiday,243610.7131
8,2012,44,31,339490.69,0,79.18,3.624,130.8853548,5.407,31-Aug-12,Not Holiday,Non-Holiday,259380.1961
8,2012,40,31,987264.67,0,66.11,3.884,138.3771935,4.156,31-Aug-12,Not Holiday,Non-Holiday,713459.0932
8,2012,2,31,1947083.3,0,82.64,3.638,221.9415576,6.565,31-Aug-12,Not Holiday,Non-Holiday,877295.5011
8,2012,25,31,714828.73,0,68.55,3.867,215.0878309,7.28,31-Aug-12,Not Holiday,Non-Holiday,332342.7118
8,2012,32,31,1183979.27,0,76.12,3.556,198.0967341,7.872,31-Aug-12,Not Holiday,Non-Holiday,597677.3294
8,2012,1,31,1582083.4,0,80.49,3.638,222.3054805,6.908,31-Aug-12,Not Holiday,Non-Holiday,711670.8938
8,2012,3,31,408838.73,0,85.18,3.638,225.8293063,6.334,31-Aug-12,Not Holiday,Non-Holiday,181038.8283
8,2012,8,31,976137.73,0,75.33,3.638,225.8786088,5.401,31-Aug-12,Not Holiday,Non-Holiday,432151.4707
8,2012,22,31,1022270.86,0,71.93,3.884,142.4054482,7.753,31-Aug-12,Not Holiday,Non-Holiday,717859.3747
8,2012,13,31,2073855.42,0,79.18,3.624,130.8853548,5.765,31-Aug-12,Not Holiday,Non-Holiday,1584482.407
8,2012,19,31,1542719.87,0,71.85,4.026,138.3771935,8.193,31-Aug-12,Not Holiday,Non-Holiday,1114865.702
8,2012,16,31,551837.31,0,64.19,3.556,198.0967341,6.061,31-Aug-12,Not Holiday,Non-Holiday,278569.6152
8,2012,31,31,1373651.49,0,83.58,3.638,221.9415576,6.565,31-Aug-12,Not Holiday,Non-Holiday,618924.8669
8,2012,34,31,933487.71,0,75.89,3.646,130.8853548,9.285,31-Aug-12,Not Holiday,Non-Holiday,713210.2071
8,2012,18,31,1117097.23,0,70.09,3.884,138.3771935,8.535,31-Aug-12,Not Holiday,Non-Holiday,807284.2076
8,2012,17,31,865924.2,0,68.07,3.624,130.8853548,5.936,31-Aug-12,Not Holiday,Non-Holiday,661589.8328
8,2012,15,31,610185.32,0,71.42,4.026,138.3771935,8.193,31-Aug-12,Not Holiday,Non-Holiday,440958.0109
8,2012,7,31,586467.16,0,60.46,3.556,198.0967341,7.872,31-Aug-12,Not Holiday,Non-Holiday,296050.8979
8,2012,43,31,593141.29,0,81.12,3.638,213.6736313,9.285,31-Aug-12,Not Holiday,Non-Holiday,277592.1794
8,2012,27,31,1731935.43,0,75,4.026,142.4054482,8.239,31-Aug-12,Not Holiday,Non-Holiday,1216200.259
6,2012,18,1,1118313.7,0,71.42,3.798,138.1138065,8.304,1-Jun-12,Not Holiday,Non-Holiday,809704.4954
6,2012,2,1,1910092.37,0,78.38,3.501,221.3852748,6.891,1-Jun-12,Not Holiday,Non-Holiday,862791.0649
6,2012,16,1,532311.93,0,58.97,3.764,197.6218954,6.169,1-Jun-12,Not Holiday,Non-Holiday,269358.7818
6,2012,43,1,605078.62,0,80.89,3.501,213.1719747,9.575,1-Jun-12,Not Holiday,Non-Holiday,283845.2948
6,2012,45,1,837144.63,0,74.48,3.742,191.0091712,8.567,1-Jun-12,Not Holiday,Non-Holiday,438274.5733
6,2012,17,1,938914.28,0,54.13,3.788,130.9592258,6.235,1-Jun-12,Not Holiday,Non-Holiday,716951.6117
6,2012,34,1,977062.44,0,70.41,3.483,130.9592258,9.575,1-Jun-12,Not Holiday,Non-Holiday,746081.4112
6,2012,28,1,1245480.95,0,78.11,4.277,130.9592258,11.627,1-Jun-12,Not Holiday,Non-Holiday,951044.8328
6,2012,27,1,1900638.6,0,73.4,3.915,142.1095438,8.253,1-Jun-12,Not Holiday,Non-Holiday,1337446.134
6,2012,23,1,1476144.34,0,66.22,3.798,138.1138065,4.125,1-Jun-12,Not Holiday,Non-Holiday,1068788.398
6,2012,44,1,323410.94,0,61.11,3.788,130.9592258,5.621,1-Jun-12,Not Holiday,Non-Holiday,246955.4459
6,2012,12,1,981345.2,0,78.11,4.277,130.9592258,11.627,1-Jun-12,Not Holiday,Non-Holiday,749351.7116
6,2012,39,1,1640476.77,0,80.33,3.501,220.4322099,6.989,1-Jun-12,Not Holiday,Non-Holiday,744209.1928
6,2012,5,1,359867.8,0,79.72,3.501,222.3343277,5.801,1-Jun-12,Not Holiday,Non-Holiday,161858.8563
6,2012,24,1,1467722.19,0,71.79,3.915,138.1138065,8.983,1-Jun-12,Not Holiday,Non-Holiday,1062690.42
6,2012,10,1,1767471.48,0,80.06,4.277,130.9592258,7.382,1-Jun-12,Not Holiday,Non-Holiday,1349634.949
6,2012,40,1,1037464.27,0,64.75,3.798,138.1138065,4.125,1-Jun-12,Not Holiday,Non-Holiday,751166.2275
6,2012,35,1,932195.52,0,73.4,3.742,142.1095438,8.876,1-Jun-12,Not Holiday,Non-Holiday,655969.6802
6,2012,11,1,1361595.33,0,81.67,3.501,225.2518313,6.664,1-Jun-12,Not Holiday,Non-Holiday,604476.9191
6,2012,13,1,2035431.39,0,61.11,3.788,130.9592258,5.965,1-Jun-12,Not Holiday,Non-Holiday,1554248.185
6,2012,1,1,1624477.58,0,77.95,3.501,221.7472139,7.143,1-Jun-12,Not Holiday,Non-Holiday,732580.83
6,2012,29,1,576252.35,0,70.01,3.798,138.1138065,9.14,1-Jun-12,Not Holiday,Non-Holiday,417230.0834
6,2012,21,1,695439.83,0,79.24,3.501,221.3852748,6.891,1-Jun-12,Not Holiday,Non-Holiday,314131.0237
6,2012,6,1,1681121.38,0,80.39,3.501,223.3539397,5.964,1-Jun-12,Not Holiday,Non-Holiday,752671.4694
6,2012,22,1,1102857.37,0,70.01,3.798,142.1095438,7.671,1-Jun-12,Not Holiday,Non-Holiday,776061.4386
6,2012,32,1,1157557.79,0,62.84,3.764,197.6218954,8.09,1-Jun-12,Not Holiday,Non-Holiday,585743.6939
6,2012,33,1,261131.09,0,83.57,4.277,130.9592258,7.396,1-Jun-12,Not Holiday,Non-Holiday,199398.7735
6,2012,25,1,694765.95,0,69.54,3.742,214.5513278,7.139,1-Jun-12,Not Holiday,Non-Holiday,323822.7221
6,2012,36,1,306005.53,0,80.74,3.567,220.4322099,6.989,1-Jun-12,Not Holiday,Non-Holiday,138820.6969
6,2012,20,1,2143126.59,0,73.67,3.742,214.5513278,7.139,1-Jun-12,Not Holiday,Non-Holiday,998887.5911
6,2012,4,1,2179360.94,0,77.41,3.483,130.9592258,4.308,1-Jun-12,Not Holiday,Non-Holiday,1664152.278
6,2012,30,1,427021.18,0,79.24,3.501,221.3852748,6.891,1-Jun-12,Not Holiday,Non-Holiday,192885.9904
6,2012,41,1,1374891.36,0,57.29,3.764,197.6218954,6.547,1-Jun-12,Not Holiday,Non-Holiday,695718.1325
6,2012,3,1,432268.53,0,81.55,3.501,225.2518313,6.664,1-Jun-12,Not Holiday,Non-Holiday,191904.5574
6,2012,7,1,598495.02,0,55.06,3.764,197.6218954,8.09,1-Jun-12,Not Holiday,Non-Holiday,302848.5375
6,2012,37,1,531811.85,0,80.74,3.501,220.4322099,6.989,1-Jun-12,Not Holiday,Non-Holiday,241258.6846
6,2012,31,1,1404516.29,0,79.24,3.501,221.3852748,6.891,1-Jun-12,Not Holiday,Non-Holiday,634421.7298
6,2012,19,1,1450733.29,0,68.18,3.915,138.1138065,8.15,1-Jun-12,Not Holiday,Non-Holiday,1050389.767
6,2012,8,1,921161.2,0,78.31,3.501,225.300865,5.679,1-Jun-12,Not Holiday,Non-Holiday,408858.2616
6,2012,38,1,435579.7,0,78.11,4.277,130.9592258,11.627,1-Jun-12,Not Holiday,Non-Holiday,332607.1129
6,2012,26,1,1015853.03,0,58.51,3.798,138.1138065,7.489,1-Jun-12,Not Holiday,Non-Holiday,735518.8129
6,2012,14,1,2049485.49,0,74.48,3.742,191.0091712,8.567,1-Jun-12,Not Holiday,Non-Holiday,1072977.531
6,2012,9,1,583648.59,0,80.26,3.501,225.4946078,5.539,1-Jun-12,Not Holiday,Non-Holiday,258830.3976
6,2012,42,1,521953.78,0,80.06,4.277,130.9592258,7.382,1-Jun-12,Not Holiday,Non-Holiday,398562.0538
6,2012,15,1,663971.26,0,67.61,3.915,138.1138065,8.15,1-Jun-12,Not Holiday,Non-Holiday,480742.1335
6,2012,13,8,2182437.9,0,68.4,3.776,130.8896774,5.965,8-Jun-12,Not Holiday,Non-Holiday,1667387.332
6,2012,15,8,611390.67,0,59.35,3.871,138.1174194,8.15,8-Jun-12,Not Holiday,Non-Holiday,442660.0733
6,2012,23,8,1568048.54,0,56.82,3.746,138.1174194,4.125,8-Jun-12,Not Holiday,Non-Holiday,1135301.07
6,2012,21,8,707895.72,0,79.47,3.452,221.3877467,6.891,8-Jun-12,Not Holiday,Non-Holiday,319753.7942
6,2012,37,8,528940.78,0,81.5,3.452,220.4357073,6.989,8-Jun-12,Not Holiday,Non-Holiday,239952.4045
6,2012,41,8,1436383.84,0,65.11,3.741,197.6551863,6.547,8-Jun-12,Not Holiday,Non-Holiday,726711.9406
6,2012,10,8,1840491.41,0,86.87,4.103,130.8896774,7.382,8-Jun-12,Not Holiday,Non-Holiday,1406139.465
6,2012,24,8,1406313.13,0,59.93,3.871,138.1174194,8.983,8-Jun-12,Not Holiday,Non-Holiday,1018201.134
6,2012,11,8,1414343.53,0,82.1,3.452,225.2521458,6.664,8-Jun-12,Not Holiday,Non-Holiday,627893.4769
6,2012,29,8,554093.15,0,61.71,3.746,138.1174194,9.14,8-Jun-12,Not Holiday,Non-Holiday,401175.4291
6,2012,39,8,1623442.24,0,81.12,3.452,220.4357073,6.989,8-Jun-12,Not Holiday,Non-Holiday,736469.7217
6,2012,44,8,340238.38,0,68.4,3.776,130.8896774,5.621,8-Jun-12,Not Holiday,Non-Holiday,259942.867
6,2012,26,8,1106176.83,0,49.43,3.746,138.1174194,7.489,8-Jun-12,Not Holiday,Non-Holiday,800895.9585
6,2012,30,8,437222.94,0,79.47,3.452,221.3877467,6.891,8-Jun-12,Not Holiday,Non-Holiday,197491.9328
6,2012,12,8,1086231.47,0,84.83,4.103,130.8896774,11.627,8-Jun-12,Not Holiday,Non-Holiday,829883.2204
6,2012,35,8,873415.01,0,64.05,3.689,142.1158099,8.876,8-Jun-12,Not Holiday,Non-Holiday,614579.7646
6,2012,3,8,446336.8,0,81.65,3.452,225.2521458,6.664,8-Jun-12,Not Holiday,Non-Holiday,198149.8549
6,2012,5,8,341704.59,0,81.02,3.452,222.33627,5.801,8-Jun-12,Not Holiday,Non-Holiday,153688.1904
6,2012,22,8,1061134.37,0,61.71,3.746,142.1158099,7.671,8-Jun-12,Not Holiday,Non-Holiday,746668.7702
6,2012,8,8,928820,0,74.28,3.452,225.3011521,5.679,8-Jun-12,Not Holiday,Non-Holiday,412257.1018
6,2012,40,8,1079386.88,0,55.78,3.746,138.1174194,4.125,8-Jun-12,Not Holiday,Non-Holiday,781499.4551
6,2012,38,8,448110.25,0,84.83,4.103,130.8896774,11.627,8-Jun-12,Not Holiday,Non-Holiday,342357.2117
6,2012,6,8,1696619.52,0,80.5,3.452,223.3553131,5.964,8-Jun-12,Not Holiday,Non-Holiday,759605.6241
6,2012,33,8,286082.76,0,90.94,4.103,130.8896774,7.396,8-Jun-12,Not Holiday,Non-Holiday,218567.8548
6,2012,1,8,1697230.96,0,78.3,3.452,221.7494839,7.143,8-Jun-12,Not Holiday,Non-Holiday,765382.1466
6,2012,4,8,2245257.18,0,78.11,3.433,130.8896774,4.308,8-Jun-12,Not Holiday,Non-Holiday,1715381.4
6,2012,31,8,1443285.79,0,79.47,3.452,221.3877467,6.891,8-Jun-12,Not Holiday,Non-Holiday,651926.6814
6,2012,42,8,642671.48,0,86.87,4.103,130.8896774,7.382,8-Jun-12,Not Holiday,Non-Holiday,491002.4173
6,2012,7,8,642963.75,0,63.07,3.741,197.6551863,8.09,8-Jun-12,Not Holiday,Non-Holiday,325295.6636
6,2012,27,8,1764756.31,0,64.05,3.871,142.1158099,8.253,8-Jun-12,Not Holiday,Non-Holiday,1241773.39
6,2012,34,8,999511.29,0,75.35,3.433,130.8896774,9.575,8-Jun-12,Not Holiday,Non-Holiday,763628.8131
6,2012,16,8,603618.89,0,65.43,3.741,197.6551863,6.169,8-Jun-12,Not Holiday,Non-Holiday,305389.8566
6,2012,25,8,730254.19,0,58.48,3.689,214.5527132,7.139,8-Jun-12,Not Holiday,Non-Holiday,340361.2003
6,2012,17,8,987990.24,0,60.51,3.776,130.8896774,6.235,8-Jun-12,Not Holiday,Non-Holiday,754826.7057
6,2012,18,8,1110479.94,0,59.1,3.746,138.1174194,8.304,8-Jun-12,Not Holiday,Non-Holiday,804011.5033
6,2012,2,8,2010216.49,0,78.69,3.452,221.3877467,6.891,8-Jun-12,Not Holiday,Non-Holiday,908007.1142
6,2012,36,8,338273.38,0,81.5,3.513,220.4357073,6.989,8-Jun-12,Not Holiday,Non-Holiday,153456.7081
6,2012,19,8,1390122.11,0,60.19,3.871,138.1174194,8.15,8-Jun-12,Not Holiday,Non-Holiday,1006478.485
6,2012,45,8,795133,0,64.3,3.689,191.0155329,8.567,8-Jun-12,Not Holiday,Non-Holiday,416266.1475
6,2012,20,8,2231962.13,0,62.01,3.689,214.5527132,7.139,8-Jun-12,Not Holiday,Non-Holiday,1040286.136
6,2012,9,8,582525.42,0,78.91,3.452,225.4947868,5.539,8-Jun-12,Not Holiday,Non-Holiday,258332.1008
6,2012,32,8,1246322.44,0,71.14,3.741,197.6551863,8.09,8-Jun-12,Not Holiday,Non-Holiday,630553.8768
6,2012,43,8,643032.51,0,85.73,3.452,213.1702811,9.575,8-Jun-12,Not Holiday,Non-Holiday,301652.0439
6,2012,14,8,2099615.88,0,64.3,3.689,191.0155329,8.567,8-Jun-12,Not Holiday,Non-Holiday,1099185.94
6,2012,28,8,1440687.69,0,84.83,4.103,130.8896774,11.627,8-Jun-12,Not Holiday,Non-Holiday,1100688.548
6,2012,38,15,430222.07,0,85.94,4.144,130.8295333,11.627,15-Jun-12,Not Holiday,Non-Holiday,328841.7066
6,2012,39,15,1587499.82,0,81.33,3.393,220.4494148,6.989,15-Jun-12,Not Holiday,Non-Holiday,720119.7705
6,2012,36,15,333146.88,0,82.15,3.407,220.4494148,6.989,15-Jun-12,Not Holiday,Non-Holiday,151121.6894
6,2012,44,15,338400.82,0,65.97,3.756,130.8295333,5.621,15-Jun-12,Not Holiday,Non-Holiday,258657.821
6,2012,16,15,570045.79,0,65.36,3.723,197.692292,6.169,15-Jun-12,Not Holiday,Non-Holiday,288350.0334
6,2012,12,15,1019555.51,0,85.94,4.144,130.8295333,11.627,15-Jun-12,Not Holiday,Non-Holiday,779300.7315
6,2012,35,15,848289.41,0,69.52,3.62,142.1292548,8.876,15-Jun-12,Not Holiday,Non-Holiday,596843.6345
6,2012,1,15,1630607,0,79.35,3.393,221.7626421,7.143,15-Jun-12,Not Holiday,Non-Holiday,735293.8189
6,2012,33,15,290444.31,0,92.44,4.144,130.8295333,7.396,15-Jun-12,Not Holiday,Non-Holiday,222002.099
6,2012,5,15,327383.64,0,81.64,3.393,222.3492901,5.801,15-Jun-12,Not Holiday,Non-Holiday,147238.4463
6,2012,22,15,1061219.19,0,66.56,3.683,142.1292548,7.671,15-Jun-12,Not Holiday,Non-Holiday,746657.8162
6,2012,14,15,1905733.68,0,71.93,3.62,191.0299731,8.567,15-Jun-12,Not Holiday,Non-Holiday,997609.7725
6,2012,6,15,1642247.48,0,82.1,3.393,223.3680933,5.964,15-Jun-12,Not Holiday,Non-Holiday,735220.2616
6,2012,43,15,634815.1,0,87.75,3.393,213.1786952,9.575,15-Jun-12,Not Holiday,Non-Holiday,297785.4327
6,2012,2,15,1962924.3,0,80.56,3.393,221.4009901,6.891,15-Jun-12,Not Holiday,Non-Holiday,886592.3766
3,2012,25,16,638204.27,0,50.64,3.862,214.0167132,6.961,16-Mar-12,Not Holiday,Non-Holiday,298203.005
6,2012,3,15,442074.79,0,84.66,3.393,225.2644795,6.664,15-Jun-12,Not Holiday,Non-Holiday,196247.0031
6,2012,28,15,1229760.97,0,85.94,4.144,130.8295333,11.627,15-Jun-12,Not Holiday,Non-Holiday,939971.9918
6,2012,8,15,916918.7,0,77.14,3.393,225.3134743,5.679,15-Jun-12,Not Holiday,Non-Holiday,406952.4483
6,2012,19,15,1440263.15,0,68.19,3.786,138.1295333,8.15,15-Jun-12,Not Holiday,Non-Holiday,1042690.231
6,2012,26,15,1029248.22,0,57.84,3.683,138.1295333,7.489,15-Jun-12,Not Holiday,Non-Holiday,745132.6269
6,2012,30,15,438523.24,0,81.51,3.393,221.4009901,6.891,15-Jun-12,Not Holiday,Non-Holiday,198067.425
6,2012,34,15,982345.51,0,76.48,3.372,130.8295333,9.575,15-Jun-12,Not Holiday,Non-Holiday,750859.1411
6,2012,32,15,1234759.54,0,70.91,3.723,197.692292,8.09,15-Jun-12,Not Holiday,Non-Holiday,624586.5873
6,2012,31,15,1431003.43,0,81.51,3.393,221.4009901,6.891,15-Jun-12,Not Holiday,Non-Holiday,646340.1222
6,2012,20,15,2165160.29,0,71.51,3.62,214.5653243,7.139,15-Jun-12,Not Holiday,Non-Holiday,1009091.426
6,2012,21,15,727049.04,0,81.51,3.393,221.4009901,6.891,15-Jun-12,Not Holiday,Non-Holiday,328385.6317
6,2012,15,15,636737.65,0,67.7,3.786,138.1295333,8.15,15-Jun-12,Not Holiday,Non-Holiday,460971.4047
6,2012,23,15,1543667.68,0,64.73,3.683,138.1295333,4.125,15-Jun-12,Not Holiday,Non-Holiday,1117550.782
6,2012,13,15,2152229.11,0,65.97,3.756,130.8295333,5.965,15-Jun-12,Not Holiday,Non-Holiday,1645063.661
6,2012,29,15,552338.76,0,66.56,3.683,138.1295333,9.14,15-Jun-12,Not Holiday,Non-Holiday,399870.1413
6,2012,42,15,606309.13,0,88.58,4.144,130.8295333,7.382,15-Jun-12,Not Holiday,Non-Holiday,463434.4515
6,2012,45,15,821498.18,0,71.93,3.62,191.0299731,8.567,15-Jun-12,Not Holiday,Non-Holiday,430036.2748
6,2012,25,15,753860.89,0,68.34,3.62,214.5653243,7.139,15-Jun-12,Not Holiday,Non-Holiday,351343.2995
6,2012,37,15,508573.16,0,82.15,3.393,220.4494148,6.989,15-Jun-12,Not Holiday,Non-Holiday,230698.3489
6,2012,18,15,1057425.83,0,66.58,3.683,138.1295333,8.304,15-Jun-12,Not Holiday,Non-Holiday,765532.037
6,2012,7,15,666942.02,0,59.33,3.723,197.692292,8.09,15-Jun-12,Not Holiday,Non-Holiday,337363.6945
6,2012,10,15,1811562.88,0,88.58,4.144,130.8295333,7.382,15-Jun-12,Not Holiday,Non-Holiday,1384674.266
6,2012,4,15,2234190.93,0,80.94,3.372,130.8295333,4.308,15-Jun-12,Not Holiday,Non-Holiday,1707711.458
6,2012,27,15,1773500.56,0,69.52,3.786,142.1292548,8.253,15-Jun-12,Not Holiday,Non-Holiday,1247808.245
6,2012,41,15,1384584.59,0,64.92,3.723,197.692292,6.547,15-Jun-12,Not Holiday,Non-Holiday,700373.5836
6,2012,17,15,964169.67,0,56.67,3.756,130.8295333,6.235,15-Jun-12,Not Holiday,Non-Holiday,736966.3758
6,2012,9,15,564606.1,0,82.21,3.393,225.5070634,5.539,15-Jun-12,Not Holiday,Non-Holiday,250371.8028
6,2012,11,15,1417875.42,0,84.97,3.393,225.2644795,6.664,15-Jun-12,Not Holiday,Non-Holiday,629426.9843
6,2012,24,15,1364445.98,0,68.28,3.786,138.1295333,8.983,15-Jun-12,Not Holiday,Non-Holiday,987801.7737
6,2012,11,22,1355680.3,0,83.26,3.346,225.3068615,6.664,22-Jun-12,Not Holiday,Non-Holiday,601703.9565
6,2012,22,22,1112449.3,0,70.61,3.629,142.1606464,7.671,22-Jun-12,Not Holiday,Non-Holiday,782529.7142
6,2012,23,22,1522042.57,0,71.82,3.629,138.1629,4.125,22-Jun-12,Not Holiday,Non-Holiday,1101628.997
6,2012,12,22,981386.25,0,91.61,4.014,130.7929,11.627,22-Jun-12,Not Holiday,Non-Holiday,750336.0274
6,2012,17,22,981210.57,0,62.9,3.737,130.7929,6.235,22-Jun-12,Not Holiday,Non-Holiday,750201.7082
6,2012,6,22,1618272.25,0,81.2,3.346,223.4093906,5.964,22-Jun-12,Not Holiday,Non-Holiday,724352.833
6,2012,15,22,687085.6,0,74.28,3.722,138.1629,8.15,22-Jun-12,Not Holiday,Non-Holiday,497301.0844
6,2012,34,22,1000285.1,0,78.85,3.329,130.7929,9.575,22-Jun-12,Not Holiday,Non-Holiday,764785.4738
6,2012,8,22,899449.65,0,78.85,3.346,225.3558843,5.679,22-Jun-12,Not Holiday,Non-Holiday,399124.1022
6,2012,19,22,1468350.36,0,75.83,3.722,138.1629,8.15,22-Jun-12,Not Holiday,Non-Holiday,1062767.472
6,2012,30,22,428554.63,0,81.78,3.346,221.4411622,6.891,22-Jun-12,Not Holiday,Non-Holiday,193529.7962
6,2012,45,22,822569.16,0,74.22,3.564,191.0646096,8.567,22-Jun-12,Not Holiday,Non-Holiday,430518.85
6,2012,26,22,1056282.91,0,63.04,3.629,138.1629,7.489,22-Jun-12,Not Holiday,Non-Holiday,764519.9326
6,2012,44,22,336241,0,72.89,3.737,130.7929,5.621,22-Jun-12,Not Holiday,Non-Holiday,257078.9393
6,2012,33,22,261666.29,0,95.75,4.014,130.7929,7.396,22-Jun-12,Not Holiday,Non-Holiday,200061.54
6,2012,7,22,687344.68,0,63.69,3.735,197.7389345,8.09,22-Jun-12,Not Holiday,Non-Holiday,347602.0955
6,2012,18,22,1080357.89,0,70.92,3.629,138.1629,8.304,22-Jun-12,Not Holiday,Non-Holiday,781945.0012
6,2012,20,22,2060588.69,0,76.51,3.564,214.606,7.139,22-Jun-12,Not Holiday,Non-Holiday,960172.9169
6,2012,32,22,1196880.11,0,74.85,3.735,197.7389345,8.09,22-Jun-12,Not Holiday,Non-Holiday,605282.9773
6,2012,28,22,1180671.55,0,91.61,4.014,130.7929,11.627,22-Jun-12,Not Holiday,Non-Holiday,902703.0902
6,2012,31,22,1394065.76,0,81.78,3.346,221.4411622,6.891,22-Jun-12,Not Holiday,Non-Holiday,629542.2884
6,2012,21,22,735870,0,81.78,3.346,221.4411622,6.891,22-Jun-12,Not Holiday,Non-Holiday,332309.4915
6,2012,42,22,540031.29,0,89.92,4.014,130.7929,7.382,22-Jun-12,Not Holiday,Non-Holiday,412890.371
6,2012,24,22,1434709.63,0,72.29,3.722,138.1629,8.983,22-Jun-12,Not Holiday,Non-Holiday,1038418.874
6,2012,13,22,2094373,0,72.89,3.737,130.7929,5.965,22-Jun-12,Not Holiday,Non-Holiday,1601289.52
6,2012,29,22,581854.5,0,70.61,3.629,138.1629,9.14,22-Jun-12,Not Holiday,Non-Holiday,421136.5714
6,2012,10,22,1755334.18,0,89.92,4.014,130.7929,7.382,22-Jun-12,Not Holiday,Non-Holiday,1342071.458
6,2012,41,22,1386407.17,0,66.88,3.735,197.7389345,6.547,22-Jun-12,Not Holiday,Non-Holiday,701130.0903
6,2012,27,22,1837884.79,0,73.23,3.722,142.1606464,8.253,22-Jun-12,Not Holiday,Non-Holiday,1292822.477
6,2012,25,22,721601.9,0,73.52,3.564,214.606,7.139,22-Jun-12,Not Holiday,Non-Holiday,336244.9792
6,2012,4,22,2197299.65,0,81.63,3.329,130.7929,4.308,22-Jun-12,Not Holiday,Non-Holiday,1679983.891
6,2012,39,22,1532316.79,0,79.84,3.346,220.4886472,6.989,22-Jun-12,Not Holiday,Non-Holiday,694964.0308
6,2012,43,22,613270.79,0,87.51,3.346,213.2123786,9.575,22-Jun-12,Not Holiday,Non-Holiday,287633.7641
6,2012,3,22,419497.95,0,82.7,3.346,225.3068615,6.664,22-Jun-12,Not Holiday,Non-Holiday,186189.6026
6,2012,38,22,405938.35,0,91.61,4.014,130.7929,11.627,22-Jun-12,Not Holiday,Non-Holiday,310367.2676
6,2012,40,22,1033552.18,0,69.32,3.629,138.1629,4.125,22-Jun-12,Not Holiday,Non-Holiday,748067.8098
6,2012,2,22,1887733.21,0,81.04,3.346,221.4411622,6.891,22-Jun-12,Not Holiday,Non-Holiday,852476.2024
6,2012,37,22,484032.75,0,80.4,3.346,220.4886472,6.989,22-Jun-12,Not Holiday,Non-Holiday,219527.2891
6,2012,35,22,911696,0,73.23,3.564,142.1606464,8.876,22-Jun-12,Not Holiday,Non-Holiday,641313.9101
6,2012,5,22,325041.68,0,80.57,3.346,222.3900046,5.801,22-Jun-12,Not Holiday,Non-Holiday,146158.4034
6,2012,1,22,1527845.81,0,78.39,3.346,221.8030211,7.143,22-Jun-12,Not Holiday,Non-Holiday,688830.0269
6,2012,14,22,1660228.88,0,74.22,3.564,191.0646096,8.567,22-Jun-12,Not Holiday,Non-Holiday,868935.845
6,2012,16,22,581745.72,0,70.41,3.735,197.7389345,6.169,22-Jun-12,Not Holiday,Non-Holiday,294198.8746
6,2012,9,22,562173.12,0,81.05,3.346,225.5495841,5.539,22-Jun-12,Not Holiday,Non-Holiday,249245.9129
6,2012,36,22,306411.01,0,80.4,3.358,220.4886472,6.989,22-Jun-12,Not Holiday,Non-Holiday,138969.0643
6,2012,18,29,1097006.3,0,70.17,3.577,138.1962667,8.304,29-Jun-12,Not Holiday,Non-Holiday,793803.1368
6,2012,2,29,1881046.12,0,86.32,3.286,221.4813343,6.891,29-Jun-12,Not Holiday,Non-Holiday,849302.3243
6,2012,27,29,1842555.32,0,73.94,3.667,142.1920381,8.253,29-Jun-12,Not Holiday,Non-Holiday,1295821.724
6,2012,43,29,593128.13,0,89.85,3.286,213.2460619,9.575,29-Jun-12,Not Holiday,Non-Holiday,278142.5949
6,2012,19,29,1379652.65,0,69.92,3.667,138.1962667,8.15,29-Jun-12,Not Holiday,Non-Holiday,998328.452
6,2012,26,29,1051190.44,0,60.71,3.577,138.1962667,7.489,29-Jun-12,Not Holiday,Non-Holiday,760650.3888
6,2012,24,29,1428869.9,0,70.4,3.667,138.1962667,8.983,29-Jun-12,Not Holiday,Non-Holiday,1033942.475
6,2012,25,29,718890.81,0,69.84,3.506,214.6466757,7.139,29-Jun-12,Not Holiday,Non-Holiday,334918.2128
6,2012,20,29,2055952.61,0,74.15,3.506,214.6466757,7.139,29-Jun-12,Not Holiday,Non-Holiday,957831.0977
6,2012,21,29,716341.39,0,88.05,3.286,221.4813343,6.891,29-Jun-12,Not Holiday,Non-Holiday,323431.9462
6,2012,41,29,1355600.01,0,76.54,3.693,197.785577,6.547,29-Jun-12,Not Holiday,Non-Holiday,685388.7076
6,2012,4,29,2128362.92,0,84.23,3.257,130.7562667,4.308,29-Jun-12,Not Holiday,Non-Holiday,1627733.013
6,2012,23,29,1451782.16,0,64.23,3.577,138.1962667,4.125,29-Jun-12,Not Holiday,Non-Holiday,1050521.982
6,2012,44,29,338386.08,0,82,3.681,130.7562667,5.621,29-Jun-12,Not Holiday,Non-Holiday,258791.4817
6,2012,1,29,1540421.49,0,84.88,3.286,221.8434,7.143,29-Jun-12,Not Holiday,Non-Holiday,694373.3688
6,2012,22,29,1053881.78,0,70.99,3.577,142.1920381,7.671,29-Jun-12,Not Holiday,Non-Holiday,741167.9262
6,2012,5,29,329658.1,0,87.08,3.286,222.4307191,5.801,29-Jun-12,Not Holiday,Non-Holiday,148207.0918
6,2012,40,29,988764.84,0,64.42,3.577,138.1962667,4.125,29-Jun-12,Not Holiday,Non-Holiday,715478.691
6,2012,3,29,422965.33,0,86.42,3.286,225.3492435,6.664,29-Jun-12,Not Holiday,Non-Holiday,187693.2549
6,2012,42,29,507403.77,0,91.36,3.875,130.7562667,7.382,29-Jun-12,Not Holiday,Non-Holiday,388053.1181
6,2012,45,29,773367.71,0,75.22,3.506,191.0992462,8.567,29-Jun-12,Not Holiday,Non-Holiday,404694.2756
6,2012,28,29,1129031.98,0,90.47,3.875,130.7562667,11.627,29-Jun-12,Not Holiday,Non-Holiday,863462.9976
6,2012,17,29,982322.24,0,71.14,3.681,130.7562667,6.235,29-Jun-12,Not Holiday,Non-Holiday,751262.0732
6,2012,31,29,1349202.25,0,88.05,3.286,221.4813343,6.891,29-Jun-12,Not Holiday,Non-Holiday,609171.9893
6,2012,14,29,1591835.02,0,75.22,3.506,191.0992462,8.567,29-Jun-12,Not Holiday,Non-Holiday,832988.6442
6,2012,30,29,423192.4,0,88.05,3.286,221.4813343,6.891,29-Jun-12,Not Holiday,Non-Holiday,191073.6186
6,2012,37,29,508309.81,0,86.68,3.286,220.5278796,6.989,29-Jun-12,Not Holiday,Non-Holiday,230496.8473
6,2012,34,29,942970.63,0,81.91,3.257,130.7562667,9.575,29-Jun-12,Not Holiday,Non-Holiday,721166.6819
6,2012,6,29,1648863.46,0,87.35,3.286,223.4506878,5.964,29-Jun-12,Not Holiday,Non-Holiday,737909.3241
6,2012,38,29,404634.36,0,90.47,3.875,130.7562667,11.627,29-Jun-12,Not Holiday,Non-Holiday,309456.9539
6,2012,29,29,555954.13,0,70.99,3.577,138.1962667,9.14,29-Jun-12,Not Holiday,Non-Holiday,402293.1612
6,2012,39,29,1492388.98,0,85.72,3.286,220.5278796,6.989,29-Jun-12,Not Holiday,Non-Holiday,676734.834
6,2012,9,29,544770.7,0,87.18,3.286,225.5921049,5.539,29-Jun-12,Not Holiday,Non-Holiday,241484.8251
6,2012,32,29,1178211.81,0,81.95,3.693,197.785577,8.09,29-Jun-12,Not Holiday,Non-Holiday,595701.5814
6,2012,36,29,291530.43,0,86.68,3.273,220.5278796,6.989,29-Jun-12,Not Holiday,Non-Holiday,132196.6322
6,2012,11,29,1297028.6,0,87.86,3.286,225.3492435,6.664,29-Jun-12,Not Holiday,Non-Holiday,575563.7693
6,2012,33,29,244338.31,0,98.15,3.875,130.7562667,7.396,29-Jun-12,Not Holiday,Non-Holiday,186865.4682
6,2012,12,29,943124.74,0,90.47,3.875,130.7562667,11.627,29-Jun-12,Not Holiday,Non-Holiday,721284.5425
6,2012,10,29,1707481.9,0,91.36,3.875,130.7562667,7.382,29-Jun-12,Not Holiday,Non-Holiday,1305850.911
6,2012,8,29,878298.22,0,84.47,3.286,225.3982943,5.679,29-Jun-12,Not Holiday,Non-Holiday,389664.9807
6,2012,15,29,624099.48,0,68.91,3.667,138.1962667,8.15,29-Jun-12,Not Holiday,Non-Holiday,451603.719
6,2012,13,29,2037663.71,0,82,3.681,130.7562667,5.965,29-Jun-12,Not Holiday,Non-Holiday,1558367.917
6,2012,35,29,892133.41,0,73.94,3.506,142.1920381,8.876,29-Jun-12,Not Holiday,Non-Holiday,627414.4614
6,2012,16,29,570162.28,0,77.31,3.693,197.785577,6.169,29-Jun-12,Not Holiday,Non-Holiday,288272.931
6,2012,7,29,704335.41,0,68.84,3.693,197.785577,8.09,29-Jun-12,Not Holiday,Non-Holiday,356110.6025
3,2012,11,2,1438383.44,0,62.61,3.63,224.3470245,6.833,2-Mar-12,Not Holiday,Non-Holiday,641142.1962
3,2012,17,2,856178.47,0,26.28,3.242,130.6457931,6.403,2-Mar-12,Not Holiday,Non-Holiday,655343.3139
3,2012,14,2,1926004.99,0,41.55,3.816,190.1714927,8.424,2-Mar-12,Not Holiday,Non-Holiday,1012772.715
3,2012,29,2,500801.72,0,37.47,3.827,137.4238966,8.988,2-Mar-12,Not Holiday,Non-Holiday,364421.1323
3,2012,6,2,1550385.65,0,60.32,3.63,222.4521862,6.132,2-Mar-12,Not Holiday,Non-Holiday,696952.3098
3,2012,2,2,1952555.66,0,58.79,3.63,220.4866886,7.057,2-Mar-12,Not Holiday,Non-Holiday,885566.2319
3,2012,21,2,764385.4,0,59.3,3.63,220.4866886,7.057,2-Mar-12,Not Holiday,Non-Holiday,346680.9742
3,2012,26,2,955641.74,0,22.49,3.827,137.4238966,7.467,2-Mar-12,Not Holiday,Non-Holiday,695397.0624
3,2012,33,2,248051.53,0,60.91,3.882,130.6457931,7.603,2-Mar-12,Not Holiday,Non-Holiday,189865.685
3,2012,15,2,541292.64,0,33.24,3.983,137.4238966,7.943,2-Mar-12,Not Holiday,Non-Holiday,393885.3819
3,2012,34,2,990263.7,0,42.74,3.619,130.6457931,9.653,2-Mar-12,Not Holiday,Non-Holiday,757975.9566
3,2012,31,2,1427881.22,0,59.3,3.63,220.4866886,7.057,2-Mar-12,Not Holiday,Non-Holiday,647604.2745
3,2012,13,2,1969742.76,0,32.36,3.242,130.6457931,6.104,2-Mar-12,Not Holiday,Non-Holiday,1507697.043
3,2012,32,2,1153332.89,0,33.4,3.191,196.9565303,8.256,2-Mar-12,Not Holiday,Non-Holiday,585577.3801
3,2012,25,2,643155.89,0,36.01,3.816,213.6718127,6.961,2-Mar-12,Not Holiday,Non-Holiday,301001.7474
3,2012,38,2,471115.38,0,52.27,4.178,130.6457931,12.187,2-Mar-12,Not Holiday,Non-Holiday,360605.0902
3,2012,24,2,1213994.39,0,35.36,3.983,137.4238966,8.659,2-Mar-12,Not Holiday,Non-Holiday,883393.9512
3,2012,12,2,1147636.96,0,52.27,4.178,130.6457931,12.187,2-Mar-12,Not Holiday,Non-Holiday,878433.9187
3,2012,35,2,766571.1,0,40.07,3.816,141.3875357,8.744,2-Mar-12,Not Holiday,Non-Holiday,542177.2833
3,2012,16,2,464189.09,0,23.4,3.191,196.9565303,6.162,2-Mar-12,Not Holiday,Non-Holiday,235680.9847
3,2012,19,2,1308977.05,0,34.83,3.983,137.4238966,7.943,2-Mar-12,Not Holiday,Non-Holiday,952510.5039
3,2012,27,2,1509323.09,0,40.07,3.983,141.3875357,8.009,2-Mar-12,Not Holiday,Non-Holiday,1067507.884
3,2012,20,2,2148822.76,0,39.98,3.816,213.6718127,6.961,2-Mar-12,Not Holiday,Non-Holiday,1005665.058
3,2012,5,2,359206.21,0,60.66,3.63,221.4342146,5.943,2-Mar-12,Not Holiday,Non-Holiday,162218.0252
3,2012,1,2,1688420.76,0,60.96,3.63,220.8480454,7.348,2-Mar-12,Not Holiday,Non-Holiday,764516.9587
3,2012,4,2,2206319.9,0,50.38,3.619,130.6457931,4.607,2-Mar-12,Not Holiday,Non-Holiday,1688779.905
3,2012,43,2,693249.98,0,56.43,3.63,212.3180074,9.653,2-Mar-12,Not Holiday,Non-Holiday,326514.9238
3,2012,37,2,525559.17,0,64.54,3.63,219.5340975,7.244,2-Mar-12,Not Holiday,Non-Holiday,239397.5132
3,2012,30,2,438640.61,0,59.3,3.63,220.4866886,7.057,2-Mar-12,Not Holiday,Non-Holiday,198941.9918
3,2012,22,2,974866.65,0,37.47,3.827,141.3875357,7.503,2-Mar-12,Not Holiday,Non-Holiday,689499.711
3,2012,40,2,927732.02,0,23.79,3.827,137.4238966,4.261,2-Mar-12,Not Holiday,Non-Holiday,675087.8435
3,2012,44,2,316687.22,0,32.36,3.242,130.6457931,5.774,2-Mar-12,Not Holiday,Non-Holiday,242401.3912
3,2012,45,2,782796.01,0,41.55,3.816,190.1714927,8.424,2-Mar-12,Not Holiday,Non-Holiday,411626.3689
3,2012,23,2,1322852.2,0,25.91,3.827,137.4238966,4.261,2-Mar-12,Not Holiday,Non-Holiday,962607.1104
3,2012,42,2,585895.34,0,57.62,3.882,130.6457931,7.545,2-Mar-12,Not Holiday,Non-Holiday,448460.931
3,2012,7,2,551058.13,0,21.64,3.191,196.9565303,8.256,2-Mar-12,Not Holiday,Non-Holiday,279786.6764
3,2012,28,2,1451740.57,0,52.27,4.178,130.6457931,12.187,2-Mar-12,Not Holiday,Non-Holiday,1111203.457
3,2012,41,2,1239813.26,0,27.39,3.191,196.9565303,6.589,2-Mar-12,Not Holiday,Non-Holiday,629485.7338
3,2012,36,2,315396.72,0,64.54,3.619,219.5340975,7.244,2-Mar-12,Not Holiday,Non-Holiday,143666.3933
3,2012,39,2,1453047.02,0,64.05,3.63,219.5340975,7.244,2-Mar-12,Not Holiday,Non-Holiday,661877.602
3,2012,18,2,1047178.91,0,33.59,3.827,137.4238966,8.075,2-Mar-12,Not Holiday,Non-Holiday,762006.4166
3,2012,9,2,619498.28,0,57.2,3.63,224.5894104,5.667,2-Mar-12,Not Holiday,Non-Holiday,275835.9261
3,2012,10,2,1990371.02,0,57.62,3.882,130.6457931,7.545,2-Mar-12,Not Holiday,Non-Holiday,1523486.499
3,2012,3,2,469752.56,0,61.65,3.63,224.3470245,6.833,2-Mar-12,Not Holiday,Non-Holiday,209386.5791
3,2012,8,2,952264.91,0,50.95,3.63,224.3959793,5.825,2-Mar-12,Not Holiday,Non-Holiday,424368.0805
3,2012,24,9,1325835.7,0,41.5,4.021,137.5066897,8.659,9-Mar-12,Not Holiday,Non-Holiday,964197.235
3,2012,8,9,960115.56,0,49.59,3.669,224.6110379,5.825,9-Mar-12,Not Holiday,Non-Holiday,427456.9803
3,2012,33,9,287346.29,0,62.2,3.963,130.7413793,7.603,9-Mar-12,Not Holiday,Non-Holiday,219782.2079
3,2012,6,9,1569304.4,0,57.89,3.669,222.6650998,6.132,9-Mar-12,Not Holiday,Non-Holiday,704782.3846
3,2012,38,9,452792.53,0,54.54,4.25,130.7413793,12.187,9-Mar-12,Not Holiday,Non-Holiday,346326.8725
3,2012,10,9,1917483.1,0,57.65,3.963,130.7413793,7.545,9-Mar-12,Not Holiday,Non-Holiday,1466622.97
3,2012,39,9,1470764.35,0,61.64,3.669,219.7437314,7.244,9-Mar-12,Not Holiday,Non-Holiday,669308.8993
3,2012,42,9,659816.15,0,57.65,3.963,130.7413793,7.545,9-Mar-12,Not Holiday,Non-Holiday,504672.7773
3,2012,20,9,2139265.4,0,41.14,3.848,213.8711137,6.961,9-Mar-12,Not Holiday,Non-Holiday,1000259.157
3,2012,22,9,991127.01,0,41.72,3.876,141.4742857,7.503,9-Mar-12,Not Holiday,Non-Holiday,700570.4288
3,2012,1,9,1675431.16,0,58.76,3.669,221.0591887,7.348,9-Mar-12,Not Holiday,Non-Holiday,757910.6618
3,2012,13,9,1986445.65,0,38.24,3.38,130.7413793,6.104,9-Mar-12,Not Holiday,Non-Holiday,1519370.272
3,2012,34,9,976393.43,0,42.7,3.667,130.7413793,9.653,9-Mar-12,Not Holiday,Non-Holiday,746812.857
3,2012,11,9,1413382.76,0,61.44,3.669,224.5620291,6.833,9-Mar-12,Not Holiday,Non-Holiday,629395.2569
3,2012,40,9,954233.87,0,30.58,3.876,137.5066897,4.261,9-Mar-12,Not Holiday,Non-Holiday,693954.5066
3,2012,43,9,636677.67,0,54.52,3.669,212.5185936,9.653,9-Mar-12,Not Holiday,Non-Holiday,299586.8075
3,2012,19,9,1358816.46,0,38.15,4.021,137.5066897,7.943,9-Mar-12,Not Holiday,Non-Holiday,988182.0753
3,2012,27,9,1607343.41,0,44.32,4.021,141.4742857,8.009,9-Mar-12,Not Holiday,Non-Holiday,1136138.205
3,2012,16,9,495951.66,0,28.16,3.286,196.9631599,6.162,9-Mar-12,Not Holiday,Non-Holiday,251799.1995
3,2012,37,9,535937.25,0,63.19,3.669,219.7437314,7.244,9-Mar-12,Not Holiday,Non-Holiday,243891.9402
3,2012,4,9,2202450.81,0,53.63,3.667,130.7413793,4.607,9-Mar-12,Not Holiday,Non-Holiday,1684585.876
3,2012,25,9,643711.53,0,37.44,3.848,213.8711137,6.961,9-Mar-12,Not Holiday,Non-Holiday,300981.053
3,2012,30,9,446617.89,0,57.16,3.669,220.6974332,7.057,9-Mar-12,Not Holiday,Non-Holiday,202366.5992
3,2012,41,9,1243814.77,0,35.3,3.286,196.9631599,6.589,9-Mar-12,Not Holiday,Non-Holiday,631496.1491
3,2012,45,9,776968.87,0,45.52,3.848,190.3359973,8.424,9-Mar-12,Not Holiday,Non-Holiday,408209.1044
3,2012,23,9,1292724.9,0,33.11,3.876,137.5066897,4.261,9-Mar-12,Not Holiday,Non-Holiday,940117.8247
3,2012,7,9,579166.5,0,30.1,3.286,196.9631599,8.256,9-Mar-12,Not Holiday,Non-Holiday,294048.1359
3,2012,36,9,318674.93,0,63.19,3.647,219.7437314,7.244,9-Mar-12,Not Holiday,Non-Holiday,145021.1699
3,2012,14,9,2020839.31,0,45.52,3.848,190.3359973,8.424,9-Mar-12,Not Holiday,Non-Holiday,1061722.08
3,2012,9,9,574955.95,0,54.03,3.669,224.8046825,5.667,9-Mar-12,Not Holiday,Non-Holiday,255757.9956
3,2012,3,9,445162.05,0,60.71,3.669,224.5620291,6.833,9-Mar-12,Not Holiday,Non-Holiday,198235.6731
3,2012,5,9,347295.6,0,57.69,3.669,221.6460048,5.943,9-Mar-12,Not Holiday,Non-Holiday,156689.312
3,2012,44,9,303438.24,0,38.24,3.38,130.7413793,5.774,9-Mar-12,Not Holiday,Non-Holiday,232090.4381
3,2012,28,9,1680764.06,0,54.54,4.25,130.7413793,12.187,9-Mar-12,Not Holiday,Non-Holiday,1285563.965
3,2012,12,9,1113208.57,0,54.54,4.25,130.7413793,12.187,9-Mar-12,Not Holiday,Non-Holiday,851458.4869
3,2012,35,9,796351.35,0,44.32,3.848,141.4742857,8.744,9-Mar-12,Not Holiday,Non-Holiday,562894.7664
3,2012,31,9,1439034.86,0,57.16,3.669,220.6974332,7.057,9-Mar-12,Not Holiday,Non-Holiday,652039.6903
3,2012,32,9,1124537.97,0,39.9,3.286,196.9631599,8.256,9-Mar-12,Not Holiday,Non-Holiday,570938.2255
3,2012,26,9,1028569.01,0,29.03,3.876,137.5066897,7.467,9-Mar-12,Not Holiday,Non-Holiday,748013.7965
3,2012,21,9,755084.4,0,57.16,3.669,220.6974332,7.057,9-Mar-12,Not Holiday,Non-Holiday,342135.5605
3,2012,15,9,545120.67,0,36.97,4.021,137.5066897,7.943,9-Mar-12,Not Holiday,Non-Holiday,396432.109
3,2012,29,9,504750.35,0,41.72,3.876,137.5066897,8.988,9-Mar-12,Not Holiday,Non-Holiday,367073.3047
3,2012,17,9,860224.98,0,32.02,3.38,130.7413793,6.403,9-Mar-12,Not Holiday,Non-Holiday,657959.2357
3,2012,2,9,1937628.26,0,57.11,3.669,220.6974332,7.057,9-Mar-12,Not Holiday,Non-Holiday,877956.8624
3,2012,18,9,1084894.47,0,38.1,3.876,137.5066897,8.075,9-Mar-12,Not Holiday,Non-Holiday,788975.7745
3,2012,3,16,411775.8,0,64,3.734,224.7166953,6.833,16-Mar-12,Not Holiday,Non-Holiday,183242.1928
3,2012,24,16,1239299.12,0,48.68,4.021,137.5843871,8.659,16-Mar-12,Not Holiday,Non-Holiday,900755.6352
3,2012,44,16,331965.95,0,52.5,3.529,130.8261935,5.774,16-Mar-12,Not Holiday,Non-Holiday,253745.7837
3,2012,18,16,1022018.43,0,45.84,3.867,137.5843871,8.075,16-Mar-12,Not Holiday,Non-Holiday,742830.2379
3,2012,39,16,1522421.07,0,65.81,3.734,219.8956335,7.244,16-Mar-12,Not Holiday,Non-Holiday,692338.0177
3,2012,43,16,661707.02,0,57.88,3.734,212.6651567,9.653,16-Mar-12,Not Holiday,Non-Holiday,311149.7108
3,2012,16,16,520850.71,0,38.02,3.486,197.0457208,6.162,16-Mar-12,Not Holiday,Non-Holiday,264329.8763
6,2012,40,15,977950.28,0,63.39,3.683,138.1295333,4.125,15-Jun-12,Not Holiday,Non-Holiday,707995.0657
3,2012,30,16,413617.45,0,63.39,3.734,220.8498468,7.057,16-Mar-12,Not Holiday,Non-Holiday,187284.4632
3,2012,36,16,335345.82,0,67.48,3.779,219.8956335,7.244,16-Mar-12,Not Holiday,Non-Holiday,152502.2642
3,2012,9,16,550373.57,0,59.94,3.734,224.9594902,5.667,16-Mar-12,Not Holiday,Non-Holiday,244654.524
3,2012,32,16,1138101.18,0,51.51,3.486,197.0457208,8.256,16-Mar-12,Not Holiday,Non-Holiday,577582.2867
3,2012,20,16,2064991.71,0,53.73,3.862,214.0167132,6.961,16-Mar-12,Not Holiday,Non-Holiday,964874.0414
3,2012,2,16,1976082.13,0,63.68,3.734,220.8498468,7.057,16-Mar-12,Not Holiday,Non-Holiday,894762.7352
3,2012,28,16,1337875.49,0,64.44,4.273,130.8261935,12.187,16-Mar-12,Not Holiday,Non-Holiday,1022635.8
3,2012,5,16,339392.54,0,63.55,3.734,221.7989713,5.943,16-Mar-12,Not Holiday,Non-Holiday,153018.0857
3,2012,14,16,1941040.5,0,50.56,3.862,190.4618964,8.424,16-Mar-12,Not Holiday,Non-Holiday,1019122.741
3,2012,7,16,669205.73,0,37.29,3.486,197.0457208,8.256,16-Mar-12,Not Holiday,Non-Holiday,339619.5194
3,2012,13,16,2025582.62,0,52.5,3.529,130.8261935,6.104,16-Mar-12,Not Holiday,Non-Holiday,1548300.509
3,2012,33,16,278067.73,0,65.99,4.273,130.8261935,7.603,16-Mar-12,Not Holiday,Non-Holiday,212547.4437
3,2012,10,16,1930814.66,0,62.11,4.273,130.8261935,7.545,16-Mar-12,Not Holiday,Non-Holiday,1475862.446
3,2012,21,16,767338.32,0,63.39,3.734,220.8498468,7.057,16-Mar-12,Not Holiday,Non-Holiday,347447.9748
3,2012,37,16,484588.34,0,67.48,3.734,219.8956335,7.244,16-Mar-12,Not Holiday,Non-Holiday,220371.9702
3,2012,41,16,1201511.62,0,47.76,3.486,197.0457208,6.589,16-Mar-12,Not Holiday,Non-Holiday,609762.8587
3,2012,26,16,919503.4,0,35.06,3.867,137.5843871,7.467,16-Mar-12,Not Holiday,Non-Holiday,668319.5814
3,2012,34,16,999298.43,0,48.09,3.707,130.8261935,9.653,16-Mar-12,Not Holiday,Non-Holiday,763836.6624
3,2012,12,16,1088498.52,0,64.44,4.273,130.8261935,12.187,16-Mar-12,Not Holiday,Non-Holiday,832018.796
3,2012,42,16,618767.26,0,62.11,4.273,130.8261935,7.545,16-Mar-12,Not Holiday,Non-Holiday,472968.9395
3,2012,31,16,1481728.13,0,63.39,3.734,220.8498468,7.057,16-Mar-12,Not Holiday,Non-Holiday,670921.0586
3,2012,40,16,891154.18,0,37.13,3.867,137.5843871,4.261,16-Mar-12,Not Holiday,Non-Holiday,647714.6127
3,2012,11,16,1441884.28,0,64.21,3.734,224.7166953,6.833,16-Mar-12,Not Holiday,Non-Holiday,641645.374
3,2012,45,16,788340.23,0,50.56,3.862,190.4618964,8.424,16-Mar-12,Not Holiday,Non-Holiday,413909.6821
3,2012,22,16,966780.01,0,46.06,3.867,141.55478,7.503,16-Mar-12,Not Holiday,Non-Holiday,682972.3518
3,2012,15,16,570611.23,0,47.42,4.021,137.5843871,7.943,16-Mar-12,Not Holiday,Non-Holiday,414735.4522
3,2012,23,16,1258364.31,0,41.19,3.867,137.5843871,4.261,16-Mar-12,Not Holiday,Non-Holiday,914612.7235
3,2012,6,16,1748010.29,0,62.8,3.734,222.8186603,6.132,16-Mar-12,Not Holiday,Non-Holiday,784499.0575
3,2012,29,16,489293.72,0,46.06,3.867,137.5843871,8.988,16-Mar-12,Not Holiday,Non-Holiday,355631.7183
3,2012,4,16,2214967.44,0,59.81,3.707,130.8261935,4.607,16-Mar-12,Not Holiday,Non-Holiday,1693061.138
3,2012,19,16,1312849.1,0,48.2,4.021,137.5843871,7.943,16-Mar-12,Not Holiday,Non-Holiday,954213.7212
3,2012,8,16,921178.39,0,56.63,3.734,224.7657327,5.825,16-Mar-12,Not Holiday,Non-Holiday,409839.3376
3,2012,27,16,1635984.07,0,49.6,4.021,141.55478,8.009,16-Mar-12,Not Holiday,Non-Holiday,1155725.063
3,2012,17,16,853136.46,0,43.69,3.529,130.8261935,6.403,16-Mar-12,Not Holiday,Non-Holiday,652114.4101
3,2012,35,16,793045.82,0,49.6,3.862,141.55478,8.744,16-Mar-12,Not Holiday,Non-Holiday,560239.52
3,2012,1,16,1677472.78,0,64.74,3.734,221.2118132,7.348,16-Mar-12,Not Holiday,Non-Holiday,758310.6687
3,2012,38,16,428465.11,0,64.44,4.273,130.8261935,12.187,16-Mar-12,Not Holiday,Non-Holiday,327507.1288
3,2012,10,23,1837457.69,0,56.54,4.288,130.8966452,7.545,23-Mar-12,Not Holiday,Non-Holiday,1403746.969
3,2012,14,23,1893447.71,0,59.45,3.9,190.5363213,8.424,23-Mar-12,Not Holiday,Non-Holiday,993746.3351
3,2012,22,23,992774.4,0,54.68,3.889,141.6269332,7.503,23-Mar-12,Not Holiday,Non-Holiday,700978.5339
3,2012,8,23,874223.25,0,52.9,3.787,224.8399424,5.825,23-Mar-12,Not Holiday,Non-Holiday,388820.2606
3,2012,12,23,1045419.87,0,56.26,4.038,130.8966452,12.187,23-Mar-12,Not Holiday,Non-Holiday,798660.5527
3,2012,39,23,1469593.37,0,67.91,3.787,219.9705599,7.244,23-Mar-12,Not Holiday,Non-Holiday,668086.3888
3,2012,28,23,1216059.41,0,56.26,4.038,130.8966452,12.187,23-Mar-12,Not Holiday,Non-Holiday,929022.595
3,2012,9,23,550791.32,0,58.79,3.787,225.0336786,5.667,23-Mar-12,Not Holiday,Non-Holiday,244759.506
3,2012,26,23,874790.68,0,49.97,3.889,137.6552903,7.467,23-Mar-12,Not Holiday,Non-Holiday,635493.6872
3,2012,45,23,791835.37,0,59.45,3.9,190.5363213,8.424,23-Mar-12,Not Holiday,Non-Holiday,415582.3754
3,2012,7,23,615997.29,0,35.06,3.664,197.2295234,8.256,23-Mar-12,Not Holiday,Non-Holiday,312325.0918
3,2012,6,23,1495143.62,0,63.71,3.787,222.8930835,6.132,23-Mar-12,Not Holiday,Non-Holiday,670789.5985
3,2012,20,23,1992436.96,0,66.11,3.9,214.0907105,6.961,23-Mar-12,Not Holiday,Non-Holiday,930650.8234
3,2012,31,23,1365824.97,0,62.96,3.787,220.9244858,7.057,23-Mar-12,Not Holiday,Non-Holiday,618231.594
3,2012,23,23,1288154.1,0,57.82,3.889,137.6552903,4.261,23-Mar-12,Not Holiday,Non-Holiday,935782.4877
3,2012,30,23,430222.97,0,62.96,3.787,220.9244858,7.057,23-Mar-12,Not Holiday,Non-Holiday,194737.5677
3,2012,27,23,1620839.34,0,57.3,4.054,141.6269332,8.009,23-Mar-12,Not Holiday,Non-Holiday,1144442.871
3,2012,18,23,1031139.3,0,58.06,3.889,137.6552903,8.075,23-Mar-12,Not Holiday,Non-Holiday,749073.4993
3,2012,5,23,321299.99,0,64.44,3.787,221.8735063,5.943,23-Mar-12,Not Holiday,Non-Holiday,144812.238
3,2012,32,23,1146632.46,0,47.64,3.664,197.2295234,8.256,23-Mar-12,Not Holiday,Non-Holiday,581369.5841
3,2012,33,23,246970.97,0,60.82,4.288,130.8966452,7.603,23-Mar-12,Not Holiday,Non-Holiday,188676.3176
3,2012,35,23,760671.1,0,57.3,3.9,141.6269332,8.744,23-Mar-12,Not Holiday,Non-Holiday,537094.9457
3,2012,36,23,317872.51,0,69.18,3.845,219.9705599,7.244,23-Mar-12,Not Holiday,Non-Holiday,144506.8423
3,2012,13,23,1904421.74,0,47.83,3.671,130.8966452,6.104,23-Mar-12,Not Holiday,Non-Holiday,1454904.927
3,2012,34,23,945143.33,0,47.93,3.759,130.8966452,9.653,23-Mar-12,Not Holiday,Non-Holiday,722053.1348
3,2012,16,23,493503.89,0,38.7,3.664,197.2295234,6.162,23-Mar-12,Not Holiday,Non-Holiday,250218.0614
3,2012,15,23,565481.88,0,58.92,4.054,137.6552903,7.943,23-Mar-12,Not Holiday,Non-Holiday,410795.6031
3,2012,38,23,412456.48,0,56.26,4.038,130.8966452,12.187,23-Mar-12,Not Holiday,Non-Holiday,315100.8793
3,2012,1,23,1511068.07,0,65.93,3.787,221.2864126,7.348,23-Mar-12,Not Holiday,Non-Holiday,682856.237
3,2012,37,23,520887.23,0,69.18,3.787,219.9705599,7.244,23-Mar-12,Not Holiday,Non-Holiday,236798.6108
3,2012,3,23,413907.25,0,66.53,3.787,224.7909104,6.833,23-Mar-12,Not Holiday,Non-Holiday,184129.8873
3,2012,21,23,729759.97,0,62.96,3.787,220.9244858,7.057,23-Mar-12,Not Holiday,Non-Holiday,330320.9997
3,2012,19,23,1342254.55,0,56.72,4.054,137.6552903,7.943,23-Mar-12,Not Holiday,Non-Holiday,975083.8831
3,2012,4,23,2091592.54,0,59.07,3.759,130.8966452,4.607,23-Mar-12,Not Holiday,Non-Holiday,1597896.216
3,2012,41,23,1215354.38,0,44.04,3.664,197.2295234,6.589,23-Mar-12,Not Holiday,Non-Holiday,616213.2114
3,2012,17,23,851762.28,0,40.69,3.671,130.8966452,6.403,23-Mar-12,Not Holiday,Non-Holiday,650713.6059
3,2012,44,23,296947.06,0,47.83,3.671,130.8966452,5.774,23-Mar-12,Not Holiday,Non-Holiday,226856.1272
3,2012,40,23,844490.86,0,52.27,3.889,137.6552903,4.261,23-Mar-12,Not Holiday,Non-Holiday,613482.3138
3,2012,25,23,672831.78,0,62.7,3.9,214.0907105,6.961,23-Mar-12,Not Holiday,Non-Holiday,314274.159
3,2012,42,23,561226.38,0,56.54,4.288,130.8966452,7.545,23-Mar-12,Not Holiday,Non-Holiday,428755.3582
3,2012,24,23,1221723.94,0,59.51,4.054,137.6552903,8.659,23-Mar-12,Not Holiday,Non-Holiday,887524.1462
3,2012,2,23,1790439.16,0,64.01,3.787,220.9244858,7.057,23-Mar-12,Not Holiday,Non-Holiday,810430.3846
3,2012,43,23,610940.94,0,56.28,3.787,212.7396889,9.653,23-Mar-12,Not Holiday,Non-Holiday,287177.6974
3,2012,11,23,1300593.61,0,67.16,3.787,224.7909104,6.833,23-Mar-12,Not Holiday,Non-Holiday,578579.2707
3,2012,29,23,517408.48,0,54.68,3.889,137.6552903,8.988,23-Mar-12,Not Holiday,Non-Holiday,375872.5719
3,2012,7,30,583322.2,0,44.99,3.75,197.4133259,8.256,30-Mar-12,Not Holiday,Non-Holiday,295482.6871
3,2012,2,30,1857480.84,0,66.83,3.845,220.9991248,7.057,30-Mar-12,Not Holiday,Non-Holiday,840492.3964
3,2012,14,30,1905033.01,0,50.04,3.953,190.6107463,8.424,30-Mar-12,Not Holiday,Non-Holiday,999436.3104
3,2012,32,30,1108686.87,0,56.09,3.75,197.4133259,8.256,30-Mar-12,Not Holiday,Non-Holiday,561606.9052
3,2012,18,30,1009121.2,0,45.35,3.921,137.7261935,8.075,30-Mar-12,Not Holiday,Non-Holiday,732701.0022
3,2012,11,30,1300104.03,0,70.23,3.845,224.8651254,6.833,30-Mar-12,Not Holiday,Non-Holiday,578170.5935
3,2012,31,30,1318854.22,0,67.87,3.845,220.9991248,7.057,30-Mar-12,Not Holiday,Non-Holiday,596768.9787
3,2012,21,30,724798.76,0,67.87,3.845,220.9991248,7.057,30-Mar-12,Not Holiday,Non-Holiday,327964.5386
3,2012,12,30,1025382.22,0,64.36,4.294,130.9670968,12.187,30-Mar-12,Not Holiday,Non-Holiday,782931.1675
3,2012,15,30,557547.25,0,42.65,4.098,137.7261935,7.943,30-Mar-12,Not Holiday,Non-Holiday,404822.9577
3,2012,34,30,938861.77,0,59.29,3.82,130.9670968,9.653,30-Mar-12,Not Holiday,Non-Holiday,716868.4295
3,2012,13,30,1948982.7,0,53.2,3.734,130.9670968,6.104,30-Mar-12,Not Holiday,Non-Holiday,1488146.83
3,2012,29,30,504566.28,0,46.4,3.921,137.7261935,8.988,30-Mar-12,Not Holiday,Non-Holiday,366354.6252
3,2012,35,30,744525.69,0,49.4,3.953,141.6990864,8.744,30-Mar-12,Not Holiday,Non-Holiday,525427.3044
3,2012,10,30,1815760.42,0,67.92,4.294,130.9670968,7.545,30-Mar-12,Not Holiday,Non-Holiday,1386424.884
3,2012,9,30,574985.37,0,67.87,3.845,225.107867,5.667,30-Mar-12,Not Holiday,Non-Holiday,255426.5996
3,2012,25,30,684348.92,0,47.92,3.953,214.1647079,6.961,30-Mar-12,Not Holiday,Non-Holiday,319543.2743
3,2012,24,30,1230106.13,0,47.28,4.098,137.7261935,8.659,30-Mar-12,Not Holiday,Non-Holiday,893153.3637
3,2012,28,30,1209524.11,0,64.36,4.294,130.9670968,12.187,30-Mar-12,Not Holiday,Non-Holiday,923532.8106
3,2012,44,30,310027.29,0,53.2,3.734,130.9670968,5.774,30-Mar-12,Not Holiday,Non-Holiday,236721.5107
3,2012,4,30,2089381.77,0,72.63,3.82,130.9670968,4.607,30-Mar-12,Not Holiday,Non-Holiday,1595348.619
3,2012,40,30,871945.64,0,36.25,3.921,137.7261935,4.261,30-Mar-12,Not Holiday,Non-Holiday,633100.8052
3,2012,42,30,544408.14,0,67.92,4.294,130.9670968,7.545,30-Mar-12,Not Holiday,Non-Holiday,415683.1397
3,2012,3,30,407488.84,0,69.36,3.845,224.8651254,6.833,30-Mar-12,Not Holiday,Non-Holiday,181214.779
3,2012,16,30,485095.41,0,48.29,3.75,197.4133259,6.162,30-Mar-12,Not Holiday,Non-Holiday,245725.7674
3,2012,43,30,623258.4,0,69.88,3.845,212.8142212,9.653,30-Mar-12,Not Holiday,Non-Holiday,292865.0146
3,2012,5,30,331318.73,0,67.76,3.845,221.9480412,5.943,30-Mar-12,Not Holiday,Non-Holiday,149277.6094
3,2012,41,30,1239423.19,0,51.56,3.75,197.4133259,6.589,30-Mar-12,Not Holiday,Non-Holiday,627831.5733
3,2012,37,30,533734.94,0,70.48,3.845,220.0454862,7.244,30-Mar-12,Not Holiday,Non-Holiday,242556.641
3,2012,19,30,1327139.35,0,43.47,4.098,137.7261935,7.943,30-Mar-12,Not Holiday,Non-Holiday,963607.0789
3,2012,38,30,408679.36,0,64.36,4.294,130.9670968,12.187,30-Mar-12,Not Holiday,Non-Holiday,312047.3539
3,2012,6,30,1508933.26,0,67.91,3.845,222.9675066,6.132,30-Mar-12,Not Holiday,Non-Holiday,676750.2956
3,2012,1,30,1649604.63,0,67.61,3.845,221.3610119,7.348,30-Mar-12,Not Holiday,Non-Holiday,745210.1054
3,2012,17,30,872469.03,0,45.29,3.734,130.9670968,6.403,30-Mar-12,Not Holiday,Non-Holiday,666174.2158
3,2012,36,30,304144.9,0,70.48,3.891,220.0454862,7.244,30-Mar-12,Not Holiday,Non-Holiday,138219.1043
3,2012,22,30,965769.93,0,46.4,3.921,141.6990864,7.503,30-Mar-12,Not Holiday,Non-Holiday,681563.978
3,2012,8,30,905935.29,0,66.69,3.845,224.9141521,5.825,30-Mar-12,Not Holiday,Non-Holiday,402791.5903
3,2012,45,30,777254.06,0,50.04,3.953,190.6107463,8.424,30-Mar-12,Not Holiday,Non-Holiday,407770.3252
3,2012,20,30,2074721.74,0,51.52,3.953,214.1647079,6.961,30-Mar-12,Not Holiday,Non-Holiday,968750.5287
3,2012,27,30,1615494.14,0,49.4,4.098,141.6990864,8.009,30-Mar-12,Not Holiday,Non-Holiday,1140087.901
3,2012,30,30,449603.91,0,67.87,3.845,220.9991248,7.057,30-Mar-12,Not Holiday,Non-Holiday,203441.4889
3,2012,26,30,922018.43,0,33.33,3.921,137.7261935,7.467,30-Mar-12,Not Holiday,Non-Holiday,669457.5713
3,2012,39,30,1499727.02,0,69.11,3.845,220.0454862,7.244,30-Mar-12,Not Holiday,Non-Holiday,681553.1852
3,2012,23,30,1261964.96,0,36.71,3.921,137.7261935,4.261,30-Mar-12,Not Holiday,Non-Holiday,916285.3688
3,2012,33,30,251327.67,0,71.34,4.294,130.9670968,7.603,30-Mar-12,Not Holiday,Non-Holiday,191901.383
2,2012,39,10,1442988.44,1,52.89,3.409,218.9551002,7.244,10-Feb-12,Holiday,Super Bowl,659033.9475
2,2012,27,10,1651605.35,1,37.86,3.826,141.1199827,8.009,10-Feb-12,Holiday,Super Bowl,1170355.408
2,2012,40,10,999785.48,1,23.92,3.655,137.1666774,4.261,10-Feb-12,Holiday,Super Bowl,728883.6465
2,2012,32,10,1129422.86,1,23.34,3.103,196.9195056,8.256,10-Feb-12,Holiday,Super Bowl,573545.4477
2,2012,12,10,1199330.85,1,52.27,3.722,130.3849032,12.187,10-Feb-12,Holiday,Super Bowl,919838.7394
2,2012,15,10,628218.22,1,31.91,3.826,137.1666774,7.943,10-Feb-12,Holiday,Super Bowl,457996.2363
2,2012,35,10,849779.14,1,37.86,3.64,141.1199827,8.744,10-Feb-12,Holiday,Super Bowl,602167.8318
2,2012,42,10,674919.45,1,55.73,3.722,130.3849032,7.545,10-Feb-12,Holiday,Super Bowl,517636.1936
2,2012,37,10,527041.46,1,54.49,3.409,218.9551002,7.244,10-Feb-12,Holiday,Super Bowl,240707.5512
2,2012,13,10,2069284.57,1,33.73,3.116,130.3849032,6.104,10-Feb-12,Holiday,Super Bowl,1587058.409
2,2012,30,10,451365.99,1,46.52,3.409,219.9049073,7.057,10-Feb-12,Holiday,Super Bowl,205255.0785
2,2012,38,10,469787.38,1,52.27,3.722,130.3849032,12.187,10-Feb-12,Holiday,Super Bowl,360308.1097
2,2012,18,10,1161615.51,1,32.83,3.655,137.1666774,8.075,10-Feb-12,Holiday,Super Bowl,846864.2181
2,2012,23,10,1358444.07,1,26.6,3.655,137.1666774,4.261,10-Feb-12,Holiday,Super Bowl,990360.1193
2,2012,2,10,2103322.68,1,46.98,3.409,219.9049073,7.057,10-Feb-12,Holiday,Super Bowl,956469.1874
2,2012,21,10,770652.79,1,46.52,3.409,219.9049073,7.057,10-Feb-12,Holiday,Super Bowl,350448.2003
2,2012,20,10,2462978.28,1,33.47,3.64,213.1186138,6.961,10-Feb-12,Holiday,Super Bowl,1155684.262
2,2012,45,10,803657.12,1,37,3.64,189.7076048,8.424,10-Feb-12,Holiday,Super Bowl,423629.3642
2,2012,9,10,609736.12,1,44.03,3.409,223.9953006,5.667,10-Feb-12,Holiday,Super Bowl,272209.3358
2,2012,5,10,349239.88,1,48.57,3.409,220.849586,5.943,10-Feb-12,Holiday,Super Bowl,158134.7225
2,2012,28,10,1572966.15,1,52.27,3.722,130.3849032,12.187,10-Feb-12,Holiday,Super Bowl,1206402.054
2,2012,26,10,1081005.64,1,23.89,3.655,137.1666774,7.467,10-Feb-12,Holiday,Super Bowl,788096.3952
2,2012,11,10,1574287.76,1,52.23,3.409,223.753643,6.833,10-Feb-12,Holiday,Super Bowl,703580.8396
2,2012,41,10,1238844.56,1,22,3.103,196.9195056,6.589,10-Feb-12,Holiday,Super Bowl,629112.1625
2,2012,10,10,2218595.8,1,55.73,3.722,130.3849032,7.545,10-Feb-12,Holiday,Super Bowl,1701574.144
2,2012,7,10,563460.77,1,18.79,3.103,196.9195056,8.256,10-Feb-12,Holiday,Super Bowl,286137.6116
2,2012,43,10,662198.65,1,46.54,3.409,211.7644101,9.653,10-Feb-12,Holiday,Super Bowl,312705.3548
2,2012,34,10,1047658.09,1,36.7,3.411,130.3849032,9.653,10-Feb-12,Holiday,Super Bowl,803511.8057
2,2012,33,10,282552.58,1,59.94,3.722,130.3849032,7.603,10-Feb-12,Holiday,Super Bowl,216706.5151
2,2012,29,10,545840.05,1,35.68,3.655,137.1666774,8.988,10-Feb-12,Holiday,Super Bowl,397939.252
2,2012,6,10,1620603.92,1,48.58,3.409,221.8644987,6.132,10-Feb-12,Holiday,Super Bowl,730447.6063
2,2012,31,10,1527688.58,1,46.52,3.409,219.9049073,7.057,10-Feb-12,Holiday,Super Bowl,694704.1786
2,2012,25,10,658984.38,1,32.47,3.64,213.1186138,6.961,10-Feb-12,Holiday,Super Bowl,309210.1475
2,2012,17,10,880165.7,1,23.63,3.116,130.3849032,6.403,10-Feb-12,Holiday,Super Bowl,675051.8491
2,2012,24,10,1403460.87,1,33.82,3.826,137.1666774,8.659,10-Feb-12,Holiday,Super Bowl,1023179.169
2,2012,19,10,1499496.67,1,32.61,3.826,137.1666774,7.943,10-Feb-12,Holiday,Super Bowl,1093193.113
2,2012,36,10,335741.9,1,54.49,3.462,218.9551002,7.244,10-Feb-12,Holiday,Super Bowl,153338.2414
2,2012,22,10,1034448.07,1,35.68,3.655,141.1199827,7.503,10-Feb-12,Holiday,Super Bowl,733027.3503
2,2012,16,10,473766.97,1,23.69,3.103,196.9195056,6.162,10-Feb-12,Holiday,Super Bowl,240589.1527
2,2012,4,10,2374660.64,1,33,3.411,130.3849032,4.607,10-Feb-12,Holiday,Super Bowl,1821269.627
2,2012,8,10,1021400.42,1,35.71,3.409,223.8024507,5.825,10-Feb-12,Holiday,Super Bowl,456384.8237
2,2012,44,10,325377.97,1,33.73,3.116,130.3849032,5.774,10-Feb-12,Holiday,Super Bowl,249551.8745
2,2012,3,10,473292.47,1,51.65,3.409,223.753643,6.833,10-Feb-12,Holiday,Super Bowl,211523.917
2,2012,14,10,2077256.24,1,37,3.64,189.7076048,8.424,10-Feb-12,Holiday,Super Bowl,1094977.844
2,2012,1,10,1802477.43,1,48.02,3.409,220.2651783,7.348,10-Feb-12,Holiday,Super Bowl,818321.554
9,2012,23,7,1427162.26,1,66.74,3.921,138.4729355,4.156,7-Sep-12,Holiday,Labor Day,1030643.465
9,2012,22,7,996628.8,1,73.3,3.921,142.500303,7.753,7-Sep-12,Holiday,Labor Day,699387.1445
9,2012,18,7,1083521.24,1,71.85,3.921,138.4729355,8.535,7-Sep-12,Holiday,Labor Day,782478.7104
9,2012,9,7,565812.29,1,87.93,3.73,226.2103541,5.277,7-Sep-12,Holiday,Labor Day,250126.6099
9,2012,11,7,1304584.4,1,85.17,3.73,225.9660263,6.334,7-Sep-12,Holiday,Labor Day,577336.5233
9,2012,29,7,540811.85,1,73.3,3.921,138.4729355,9.419,7-Sep-12,Holiday,Labor Day,390554.1888
9,2012,36,7,293728.57,1,84.19,3.697,221.1181142,6.623,7-Sep-12,Holiday,Labor Day,132837.8596
9,2012,39,7,1609811.75,1,83.71,3.73,221.1181142,6.623,7-Sep-12,Holiday,Labor Day,728032.5069
9,2012,5,7,350648.91,1,86.3,3.73,223.0298805,5.603,7-Sep-12,Holiday,Labor Day,157220.5972
9,2012,43,7,663814.18,1,84.99,3.73,213.7990991,9.285,7-Sep-12,Holiday,Labor Day,310485.0221
9,2012,34,7,976415.56,1,78.26,3.709,130.9325484,9.285,7-Sep-12,Holiday,Labor Day,745739.3688
9,2012,13,7,2165796.31,1,70.65,3.689,130.9325484,5.765,7-Sep-12,Holiday,Labor Day,1654131.334
9,2012,32,7,1126685.95,1,72.56,3.596,198.0950484,7.872,7-Sep-12,Holiday,Labor Day,568760.279
9,2012,2,7,1898777.07,1,87.65,3.73,222.0747635,6.565,7-Sep-12,Holiday,Labor Day,855017.0402
9,2012,40,7,1088248.4,1,65.06,3.921,138.4729355,4.156,7-Sep-12,Holiday,Labor Day,785892.4894
9,2012,6,7,1608077.01,1,86.33,3.73,224.0560076,5.668,7-Sep-12,Holiday,Labor Day,717712.07
9,2012,17,7,1255633.29,1,61.99,3.689,130.9325484,5.936,7-Sep-12,Holiday,Labor Day,958992.4777
9,2012,28,7,1469693.99,1,88.52,4.124,130.9325484,10.926,7-Sep-12,Holiday,Labor Day,1122481.772
9,2012,45,7,766512.66,1,75.7,3.911,191.5776756,8.684,7-Sep-12,Holiday,Labor Day,400105.4181
9,2012,16,7,537138.58,1,60.09,3.596,198.0950484,6.061,7-Sep-12,Holiday,Labor Day,271151.9467
9,2012,42,7,617405.35,1,83.07,4.124,130.9325484,7.17,7-Sep-12,Holiday,Labor Day,471544.5911
9,2012,31,7,1358111.62,1,88.4,3.73,222.0747635,6.565,7-Sep-12,Holiday,Labor Day,611556.0357
9,2012,27,7,1840955.23,1,76,4.076,142.500303,8.239,7-Sep-12,Holiday,Labor Day,1291895.66
9,2012,30,7,433565.77,1,88.4,3.73,222.0747635,6.565,7-Sep-12,Holiday,Labor Day,195234.1469
9,2012,38,7,490274.82,1,88.52,4.124,130.9325484,10.926,7-Sep-12,Holiday,Labor Day,374448.3904
9,2012,14,7,1904512.34,1,75.7,3.911,191.5776756,8.684,7-Sep-12,Holiday,Labor Day,994120.1834
9,2012,4,7,2125104.72,1,82.09,3.709,130.9325484,4.077,7-Sep-12,Holiday,Labor Day,1623053.05
9,2012,19,7,1497073.82,1,72.2,4.076,138.4729355,8.193,7-Sep-12,Holiday,Labor Day,1081130.991
9,2012,33,7,286428.78,1,92.02,4.124,130.9325484,7.147,7-Sep-12,Holiday,Labor Day,218760.563
9,2012,1,7,1661767.33,1,83.96,3.73,222.4390153,6.908,7-Sep-12,Holiday,Labor Day,747066.4837
9,2012,12,7,955146.04,1,88.52,4.124,130.9325484,10.926,7-Sep-12,Holiday,Labor Day,729494.7297
9,2012,44,7,338737.33,1,70.65,3.689,130.9325484,5.407,7-Sep-12,Holiday,Labor Day,258711.3244
9,2012,26,7,1081874.03,1,61.58,3.921,138.4729355,7.405,7-Sep-12,Holiday,Labor Day,781289.1567
9,2012,41,7,1392143.82,1,67.41,3.596,198.0950484,6.432,7-Sep-12,Holiday,Labor Day,702765.5821
9,2012,24,7,1477134.75,1,72.81,4.076,138.4729355,8.953,7-Sep-12,Holiday,Labor Day,1066731.737
9,2012,8,7,932160.37,1,80.87,3.73,226.0153733,5.401,7-Sep-12,Holiday,Labor Day,412432.2856
9,2012,20,7,2080529.06,1,76.36,3.911,215.2189573,7.28,7-Sep-12,Holiday,Labor Day,966703.4383
9,2012,15,7,587259.82,1,71.61,4.076,138.4729355,8.193,7-Sep-12,Holiday,Labor Day,424097.184
9,2012,37,7,526838.14,1,84.19,3.73,221.1181142,6.623,7-Sep-12,Holiday,Labor Day,238260.9593
9,2012,3,7,408229.73,1,84.99,3.73,225.9660263,6.334,7-Sep-12,Holiday,Labor Day,180659.7818
9,2012,21,7,642827.29,1,88.4,3.73,222.0747635,6.565,7-Sep-12,Holiday,Labor Day,289464.3587
9,2012,7,7,597876.55,1,57.84,3.596,198.0950484,7.872,7-Sep-12,Holiday,Labor Day,301812.9705
9,2012,10,7,1708283.28,1,83.07,4.124,130.9325484,7.17,7-Sep-12,Holiday,Labor Day,1304704.828
9,2012,35,7,984833.35,1,76,3.911,142.500303,8.839,7-Sep-12,Holiday,Labor Day,691109.6533
9,2012,25,7,671482.9,1,72.79,3.911,215.2189573,7.28,7-Sep-12,Holiday,Labor Day,311999.8853
